Riesgo->F:ISO_3166_1_alpha2_to_lugar(lugar);A:peligro(5);probabilidad;texto;fechaActivacion;caducidad;formulaDisipacion
AF;Probable;El país tiene uno de los índices de siniestralidad y muertes por accidentes de tráfico sensiblemente por encima de la media de los países del mundo. Según estudio elaborado por la Asamblea General de la ONU  dentro de los Objetivos de Desarrollo Sostenible (SDGs)  estableció en 2015 para este país  un indicador de Lesiones de Carretera de 13 sobre 100  siendo 0 el peor resultado y 100 el mejor.;2017-07-27;-1;Homogenea
AL;Probably_not;El país tiene uno de los índices de siniestralidad y muertes por accidentes de tráfico sensiblemente por debajo de la media de los países del mundo. Según estudio elaborado por la Asamblea General de la ONU  dentro de los Objetivos de Desarrollo Sostenible (SDGs)  estableció en 2015 para este país  un indicador de Lesiones de Carretera de 78sobre 100  siendo 0 el peor resultado y 100 el mejor.;2017-07-27;-1;Homogenea
DZ;Fifty_fifty;El país tiene uno de los índices de siniestralidad y muertes por accidentes de tráfico que se encuentra en la media del resto de países del mundo.Según estudio elaborado por la Asamblea General de la ONU  dentro de los Objetivos de Desarrollo Sostenible (SDGs)  estableció en 2015 para este país  un indicador de Lesiones de Carretera de 41sobre 100  siendo 0 el peor resultado y 100 el mejor.;2017-07-27;-1;Homogenea
AD;Probably_not;El país tiene uno de los índices de siniestralidad y muertes por accidentes de tráfico sensiblemente por debajo de la media de los países del mundo. Según estudio elaborado por la Asamblea General de la ONU  dentro de los Objetivos de Desarrollo Sostenible (SDGs)  estableció en 2015 para este país  un indicador de Lesiones de Carretera de 94sobre 100  siendo 0 el peor resultado y 100 el mejor.;2017-07-27;-1;Homogenea
AO;Fifty_fifty;El país tiene uno de los índices de siniestralidad y muertes por accidentes de tráfico que se encuentra en la media del resto de países del mundo.Según estudio elaborado por la Asamblea General de la ONU  dentro de los Objetivos de Desarrollo Sostenible (SDGs)  estableció en 2015 para este país  un indicador de Lesiones de Carretera de 37sobre 100  siendo 0 el peor resultado y 100 el mejor.;2017-07-27;-1;Homogenea
AG;Probably_not;El país tiene uno de los índices de siniestralidad y muertes por accidentes de tráfico sensiblemente por debajo de la media de los países del mundo. Según estudio elaborado por la Asamblea General de la ONU  dentro de los Objetivos de Desarrollo Sostenible (SDGs)  estableció en 2015 para este país  un indicador de Lesiones de Carretera de 79sobre 100  siendo 0 el peor resultado y 100 el mejor.;2017-07-27;-1;Homogenea
AR;Fifty_fifty;El país tiene uno de los índices de siniestralidad y muertes por accidentes de tráfico que se encuentra en la media del resto de países del mundo.Según estudio elaborado por la Asamblea General de la ONU  dentro de los Objetivos de Desarrollo Sostenible (SDGs)  estableció en 2015 para este país  un indicador de Lesiones de Carretera de 59sobre 100  siendo 0 el peor resultado y 100 el mejor.;2017-07-27;-1;Homogenea
AM;Fifty_fifty;El país tiene uno de los índices de siniestralidad y muertes por accidentes de tráfico que se encuentra en la media del resto de países del mundo.Según estudio elaborado por la Asamblea General de la ONU  dentro de los Objetivos de Desarrollo Sostenible (SDGs)  estableció en 2015 para este país  un indicador de Lesiones de Carretera de 69sobre 100  siendo 0 el peor resultado y 100 el mejor.;2017-07-27;-1;Homogenea
AU;Probably_not;El país tiene uno de los índices de siniestralidad y muertes por accidentes de tráfico sensiblemente por debajo de la media de los países del mundo. Según estudio elaborado por la Asamblea General de la ONU  dentro de los Objetivos de Desarrollo Sostenible (SDGs)  estableció en 2015 para este país  un indicador de Lesiones de Carretera de 79sobre 100  siendo 0 el peor resultado y 100 el mejor.;2017-07-27;-1;Homogenea
AT;Probably_not;El país tiene uno de los índices de siniestralidad y muertes por accidentes de tráfico sensiblemente por debajo de la media de los países del mundo. Según estudio elaborado por la Asamblea General de la ONU  dentro de los Objetivos de Desarrollo Sostenible (SDGs)  estableció en 2015 para este país  un indicador de Lesiones de Carretera de 83sobre 100  siendo 0 el peor resultado y 100 el mejor.;2017-07-27;-1;Homogenea
AZ;Probably_not;El país tiene uno de los índices de siniestralidad y muertes por accidentes de tráfico sensiblemente por debajo de la media de los países del mundo. Según estudio elaborado por la Asamblea General de la ONU  dentro de los Objetivos de Desarrollo Sostenible (SDGs)  estableció en 2015 para este país  un indicador de Lesiones de Carretera de 76sobre 100  siendo 0 el peor resultado y 100 el mejor.;2017-07-27;-1;Homogenea
BH;Fifty_fifty;El país tiene uno de los índices de siniestralidad y muertes por accidentes de tráfico que se encuentra en la media del resto de países del mundo.Según estudio elaborado por la Asamblea General de la ONU  dentro de los Objetivos de Desarrollo Sostenible (SDGs)  estableció en 2015 para este país  un indicador de Lesiones de Carretera de 62sobre 100  siendo 0 el peor resultado y 100 el mejor.;2017-07-27;-1;Homogenea
BD;Fifty_fifty;El país tiene uno de los índices de siniestralidad y muertes por accidentes de tráfico que se encuentra en la media del resto de países del mundo.Según estudio elaborado por la Asamblea General de la ONU  dentro de los Objetivos de Desarrollo Sostenible (SDGs)  estableció en 2015 para este país  un indicador de Lesiones de Carretera de 56sobre 100  siendo 0 el peor resultado y 100 el mejor.;2017-07-27;-1;Homogenea
BB;Fifty_fifty;El país tiene uno de los índices de siniestralidad y muertes por accidentes de tráfico que se encuentra en la media del resto de países del mundo.Según estudio elaborado por la Asamblea General de la ONU  dentro de los Objetivos de Desarrollo Sostenible (SDGs)  estableció en 2015 para este país  un indicador de Lesiones de Carretera de 67sobre 100  siendo 0 el peor resultado y 100 el mejor.;2017-07-27;-1;Homogenea
BY;Fifty_fifty;El país tiene uno de los índices de siniestralidad y muertes por accidentes de tráfico que se encuentra en la media del resto de países del mundo.Según estudio elaborado por la Asamblea General de la ONU  dentro de los Objetivos de Desarrollo Sostenible (SDGs)  estableció en 2015 para este país  un indicador de Lesiones de Carretera de 50sobre 100  siendo 0 el peor resultado y 100 el mejor.;2017-07-27;-1;Homogenea
BE;Fifty_fifty;El país tiene uno de los índices de siniestralidad y muertes por accidentes de tráfico que se encuentra en la media del resto de países del mundo.Según estudio elaborado por la Asamblea General de la ONU  dentro de los Objetivos de Desarrollo Sostenible (SDGs)  estableció en 2015 para este país  un indicador de Lesiones de Carretera de 73sobre 100  siendo 0 el peor resultado y 100 el mejor.;2017-07-27;-1;Homogenea
BZ;Fifty_fifty;El país tiene uno de los índices de siniestralidad y muertes por accidentes de tráfico que se encuentra en la media del resto de países del mundo.Según estudio elaborado por la Asamblea General de la ONU  dentro de los Objetivos de Desarrollo Sostenible (SDGs)  estableció en 2015 para este país  un indicador de Lesiones de Carretera de 49sobre 100  siendo 0 el peor resultado y 100 el mejor.;2017-07-27;-1;Homogenea
BJ;Fifty_fifty;El país tiene uno de los índices de siniestralidad y muertes por accidentes de tráfico que se encuentra en la media del resto de países del mundo.Según estudio elaborado por la Asamblea General de la ONU  dentro de los Objetivos de Desarrollo Sostenible (SDGs)  estableció en 2015 para este país  un indicador de Lesiones de Carretera de 50sobre 100  siendo 0 el peor resultado y 100 el mejor.;2017-07-27;-1;Homogenea
BT;Fifty_fifty;El país tiene uno de los índices de siniestralidad y muertes por accidentes de tráfico que se encuentra en la media del resto de países del mundo.Según estudio elaborado por la Asamblea General de la ONU  dentro de los Objetivos de Desarrollo Sostenible (SDGs)  estableció en 2015 para este país  un indicador de Lesiones de Carretera de 67sobre 100  siendo 0 el peor resultado y 100 el mejor.;2017-07-27;-1;Homogenea
BO;Fifty_fifty;El país tiene uno de los índices de siniestralidad y muertes por accidentes de tráfico que se encuentra en la media del resto de países del mundo.Según estudio elaborado por la Asamblea General de la ONU  dentro de los Objetivos de Desarrollo Sostenible (SDGs)  estableció en 2015 para este país  un indicador de Lesiones de Carretera de 52sobre 100  siendo 0 el peor resultado y 100 el mejor.;2017-07-27;-1;Homogenea
BA;Probably_not;El país tiene uno de los índices de siniestralidad y muertes por accidentes de tráfico sensiblemente por debajo de la media de los países del mundo. Según estudio elaborado por la Asamblea General de la ONU  dentro de los Objetivos de Desarrollo Sostenible (SDGs)  estableció en 2015 para este país  un indicador de Lesiones de Carretera de 89sobre 100  siendo 0 el peor resultado y 100 el mejor.;2017-07-27;-1;Homogenea
BW;Fifty_fifty;El país tiene uno de los índices de siniestralidad y muertes por accidentes de tráfico que se encuentra en la media del resto de países del mundo.Según estudio elaborado por la Asamblea General de la ONU  dentro de los Objetivos de Desarrollo Sostenible (SDGs)  estableció en 2015 para este país  un indicador de Lesiones de Carretera de 42sobre 100  siendo 0 el peor resultado y 100 el mejor.;2017-07-27;-1;Homogenea
BR;Fifty_fifty;El país tiene uno de los índices de siniestralidad y muertes por accidentes de tráfico que se encuentra en la media del resto de países del mundo.Según estudio elaborado por la Asamblea General de la ONU  dentro de los Objetivos de Desarrollo Sostenible (SDGs)  estableció en 2015 para este país  un indicador de Lesiones de Carretera de 43sobre 100  siendo 0 el peor resultado y 100 el mejor.;2017-07-27;-1;Homogenea
BN;Fifty_fifty;El país tiene uno de los índices de siniestralidad y muertes por accidentes de tráfico que se encuentra en la media del resto de países del mundo.Según estudio elaborado por la Asamblea General de la ONU  dentro de los Objetivos de Desarrollo Sostenible (SDGs)  estableció en 2015 para este país  un indicador de Lesiones de Carretera de 61sobre 100  siendo 0 el peor resultado y 100 el mejor.;2017-07-27;-1;Homogenea
BG;Fifty_fifty;El país tiene uno de los índices de siniestralidad y muertes por accidentes de tráfico que se encuentra en la media del resto de países del mundo.Según estudio elaborado por la Asamblea General de la ONU  dentro de los Objetivos de Desarrollo Sostenible (SDGs)  estableció en 2015 para este país  un indicador de Lesiones de Carretera de 72sobre 100  siendo 0 el peor resultado y 100 el mejor.;2017-07-27;-1;Homogenea
BF;Fifty_fifty;El país tiene uno de los índices de siniestralidad y muertes por accidentes de tráfico que se encuentra en la media del resto de países del mundo.Según estudio elaborado por la Asamblea General de la ONU  dentro de los Objetivos de Desarrollo Sostenible (SDGs)  estableció en 2015 para este país  un indicador de Lesiones de Carretera de 46sobre 100  siendo 0 el peor resultado y 100 el mejor.;2017-07-27;-1;Homogenea
BI;Fifty_fifty;El país tiene uno de los índices de siniestralidad y muertes por accidentes de tráfico que se encuentra en la media del resto de países del mundo.Según estudio elaborado por la Asamblea General de la ONU  dentro de los Objetivos de Desarrollo Sostenible (SDGs)  estableció en 2015 para este país  un indicador de Lesiones de Carretera de 37sobre 100  siendo 0 el peor resultado y 100 el mejor.;2017-07-27;-1;Homogenea
KH;Fifty_fifty;El país tiene uno de los índices de siniestralidad y muertes por accidentes de tráfico que se encuentra en la media del resto de países del mundo.Según estudio elaborado por la Asamblea General de la ONU  dentro de los Objetivos de Desarrollo Sostenible (SDGs)  estableció en 2015 para este país  un indicador de Lesiones de Carretera de 47sobre 100  siendo 0 el peor resultado y 100 el mejor.;2017-07-27;-1;Homogenea
CM;Fifty_fifty;El país tiene uno de los índices de siniestralidad y muertes por accidentes de tráfico que se encuentra en la media del resto de países del mundo.Según estudio elaborado por la Asamblea General de la ONU  dentro de los Objetivos de Desarrollo Sostenible (SDGs)  estableció en 2015 para este país  un indicador de Lesiones de Carretera de 48sobre 100  siendo 0 el peor resultado y 100 el mejor.;2017-07-27;-1;Homogenea
CA;Probably_not;El país tiene uno de los índices de siniestralidad y muertes por accidentes de tráfico sensiblemente por debajo de la media de los países del mundo. Según estudio elaborado por la Asamblea General de la ONU  dentro de los Objetivos de Desarrollo Sostenible (SDGs)  estableció en 2015 para este país  un indicador de Lesiones de Carretera de 79sobre 100  siendo 0 el peor resultado y 100 el mejor.;2017-07-27;-1;Homogenea
CV;Fifty_fifty;El país tiene uno de los índices de siniestralidad y muertes por accidentes de tráfico que se encuentra en la media del resto de países del mundo.Según estudio elaborado por la Asamblea General de la ONU  dentro de los Objetivos de Desarrollo Sostenible (SDGs)  estableció en 2015 para este país  un indicador de Lesiones de Carretera de 67sobre 100  siendo 0 el peor resultado y 100 el mejor.;2017-07-27;-1;Homogenea
CF;Probable;El país tiene uno de los índices de siniestralidad y muertes por accidentes de tráfico sensiblemente por encima de la media de los países del mundo. Según estudio elaborado por la Asamblea General de la ONU  dentro de los Objetivos de Desarrollo Sostenible (SDGs)  estableció en 2015 para este país  un indicador de Lesiones de Carretera de 23sobre 100  siendo 0 el peor resultado y 100 el mejor.;2017-07-27;-1;Homogenea
TD;Fifty_fifty;El país tiene uno de los índices de siniestralidad y muertes por accidentes de tráfico que se encuentra en la media del resto de países del mundo.Según estudio elaborado por la Asamblea General de la ONU  dentro de los Objetivos de Desarrollo Sostenible (SDGs)  estableció en 2015 para este país  un indicador de Lesiones de Carretera de 47sobre 100  siendo 0 el peor resultado y 100 el mejor.;2017-07-27;-1;Homogenea
CL;Fifty_fifty;El país tiene uno de los índices de siniestralidad y muertes por accidentes de tráfico que se encuentra en la media del resto de países del mundo.Según estudio elaborado por la Asamblea General de la ONU  dentro de los Objetivos de Desarrollo Sostenible (SDGs)  estableció en 2015 para este país  un indicador de Lesiones de Carretera de 63sobre 100  siendo 0 el peor resultado y 100 el mejor.;2017-07-27;-1;Homogenea
CN;Fifty_fifty;El país tiene uno de los índices de siniestralidad y muertes por accidentes de tráfico que se encuentra en la media del resto de países del mundo.Según estudio elaborado por la Asamblea General de la ONU  dentro de los Objetivos de Desarrollo Sostenible (SDGs)  estableció en 2015 para este país  un indicador de Lesiones de Carretera de 49sobre 100  siendo 0 el peor resultado y 100 el mejor.;2017-07-27;-1;Homogenea
CO;Fifty_fifty;El país tiene uno de los índices de siniestralidad y muertes por accidentes de tráfico que se encuentra en la media del resto de países del mundo.Según estudio elaborado por la Asamblea General de la ONU  dentro de los Objetivos de Desarrollo Sostenible (SDGs)  estableció en 2015 para este país  un indicador de Lesiones de Carretera de 58sobre 100  siendo 0 el peor resultado y 100 el mejor.;2017-07-27;-1;Homogenea
KM;Fifty_fifty;El país tiene uno de los índices de siniestralidad y muertes por accidentes de tráfico que se encuentra en la media del resto de países del mundo.Según estudio elaborado por la Asamblea General de la ONU  dentro de los Objetivos de Desarrollo Sostenible (SDGs)  estableció en 2015 para este país  un indicador de Lesiones de Carretera de 51sobre 100  siendo 0 el peor resultado y 100 el mejor.;2017-07-27;-1;Homogenea
CG;Fifty_fifty;El país tiene uno de los índices de siniestralidad y muertes por accidentes de tráfico que se encuentra en la media del resto de países del mundo.Según estudio elaborado por la Asamblea General de la ONU  dentro de los Objetivos de Desarrollo Sostenible (SDGs)  estableció en 2015 para este país  un indicador de Lesiones de Carretera de 44sobre 100  siendo 0 el peor resultado y 100 el mejor.;2017-07-27;-1;Homogenea
CR;Fifty_fifty;El país tiene uno de los índices de siniestralidad y muertes por accidentes de tráfico que se encuentra en la media del resto de países del mundo.Según estudio elaborado por la Asamblea General de la ONU  dentro de los Objetivos de Desarrollo Sostenible (SDGs)  estableció en 2015 para este país  un indicador de Lesiones de Carretera de 59sobre 100  siendo 0 el peor resultado y 100 el mejor.;2017-07-27;-1;Homogenea
CI;Fifty_fifty;El país tiene uno de los índices de siniestralidad y muertes por accidentes de tráfico que se encuentra en la media del resto de países del mundo.Según estudio elaborado por la Asamblea General de la ONU  dentro de los Objetivos de Desarrollo Sostenible (SDGs)  estableció en 2015 para este país  un indicador de Lesiones de Carretera de 43sobre 100  siendo 0 el peor resultado y 100 el mejor.;2017-07-27;-1;Homogenea
HR;Fifty_fifty;El país tiene uno de los índices de siniestralidad y muertes por accidentes de tráfico que se encuentra en la media del resto de países del mundo.Según estudio elaborado por la Asamblea General de la ONU  dentro de los Objetivos de Desarrollo Sostenible (SDGs)  estableció en 2015 para este país  un indicador de Lesiones de Carretera de 72sobre 100  siendo 0 el peor resultado y 100 el mejor.;2017-07-27;-1;Homogenea
CU;Fifty_fifty;El país tiene uno de los índices de siniestralidad y muertes por accidentes de tráfico que se encuentra en la media del resto de países del mundo.Según estudio elaborado por la Asamblea General de la ONU  dentro de los Objetivos de Desarrollo Sostenible (SDGs)  estableció en 2015 para este país  un indicador de Lesiones de Carretera de 73sobre 100  siendo 0 el peor resultado y 100 el mejor.;2017-07-27;-1;Homogenea
CY;Fifty_fifty;El país tiene uno de los índices de siniestralidad y muertes por accidentes de tráfico que se encuentra en la media del resto de países del mundo.Según estudio elaborado por la Asamblea General de la ONU  dentro de los Objetivos de Desarrollo Sostenible (SDGs)  estableció en 2015 para este país  un indicador de Lesiones de Carretera de 70sobre 100  siendo 0 el peor resultado y 100 el mejor.;2017-07-27;-1;Homogenea
CZ;Probably_not;El país tiene uno de los índices de siniestralidad y muertes por accidentes de tráfico sensiblemente por debajo de la media de los países del mundo. Según estudio elaborado por la Asamblea General de la ONU  dentro de los Objetivos de Desarrollo Sostenible (SDGs)  estableció en 2015 para este país  un indicador de Lesiones de Carretera de 79sobre 100  siendo 0 el peor resultado y 100 el mejor.;2017-07-27;-1;Homogenea
CD;Fifty_fifty;El país tiene uno de los índices de siniestralidad y muertes por accidentes de tráfico que se encuentra en la media del resto de países del mundo.Según estudio elaborado por la Asamblea General de la ONU  dentro de los Objetivos de Desarrollo Sostenible (SDGs)  estableció en 2015 para este país  un indicador de Lesiones de Carretera de 50sobre 100  siendo 0 el peor resultado y 100 el mejor.;2017-07-27;-1;Homogenea
DK;Probably_not;El país tiene uno de los índices de siniestralidad y muertes por accidentes de tráfico sensiblemente por debajo de la media de los países del mundo. Según estudio elaborado por la Asamblea General de la ONU  dentro de los Objetivos de Desarrollo Sostenible (SDGs)  estableció en 2015 para este país  un indicador de Lesiones de Carretera de 88sobre 100  siendo 0 el peor resultado y 100 el mejor.;2017-07-27;-1;Homogenea
DJ;Fifty_fifty;El país tiene uno de los índices de siniestralidad y muertes por accidentes de tráfico que se encuentra en la media del resto de países del mundo.Según estudio elaborado por la Asamblea General de la ONU  dentro de los Objetivos de Desarrollo Sostenible (SDGs)  estableció en 2015 para este país  un indicador de Lesiones de Carretera de 44sobre 100  siendo 0 el peor resultado y 100 el mejor.;2017-07-27;-1;Homogenea
DM;Fifty_fifty;El país tiene uno de los índices de siniestralidad y muertes por accidentes de tráfico que se encuentra en la media del resto de países del mundo.Según estudio elaborado por la Asamblea General de la ONU  dentro de los Objetivos de Desarrollo Sostenible (SDGs)  estableció en 2015 para este país  un indicador de Lesiones de Carretera de 58sobre 100  siendo 0 el peor resultado y 100 el mejor.;2017-07-27;-1;Homogenea
DO;Fifty_fifty;El país tiene uno de los índices de siniestralidad y muertes por accidentes de tráfico que se encuentra en la media del resto de países del mundo.Según estudio elaborado por la Asamblea General de la ONU  dentro de los Objetivos de Desarrollo Sostenible (SDGs)  estableció en 2015 para este país  un indicador de Lesiones de Carretera de 44sobre 100  siendo 0 el peor resultado y 100 el mejor.;2017-07-27;-1;Homogenea
EC;Fifty_fifty;El país tiene uno de los índices de siniestralidad y muertes por accidentes de tráfico que se encuentra en la media del resto de países del mundo.Según estudio elaborado por la Asamblea General de la ONU  dentro de los Objetivos de Desarrollo Sostenible (SDGs)  estableció en 2015 para este país  un indicador de Lesiones de Carretera de 40sobre 100  siendo 0 el peor resultado y 100 el mejor.;2017-07-27;-1;Homogenea
EG;Fifty_fifty;El país tiene uno de los índices de siniestralidad y muertes por accidentes de tráfico que se encuentra en la media del resto de países del mundo.Según estudio elaborado por la Asamblea General de la ONU  dentro de los Objetivos de Desarrollo Sostenible (SDGs)  estableció en 2015 para este país  un indicador de Lesiones de Carretera de 57sobre 100  siendo 0 el peor resultado y 100 el mejor.;2017-07-27;-1;Homogenea
SV;Fifty_fifty;El país tiene uno de los índices de siniestralidad y muertes por accidentes de tráfico que se encuentra en la media del resto de países del mundo.Según estudio elaborado por la Asamblea General de la ONU  dentro de los Objetivos de Desarrollo Sostenible (SDGs)  estableció en 2015 para este país  un indicador de Lesiones de Carretera de 42sobre 100  siendo 0 el peor resultado y 100 el mejor.;2017-07-27;-1;Homogenea
GQ;Fifty_fifty;El país tiene uno de los índices de siniestralidad y muertes por accidentes de tráfico que se encuentra en la media del resto de países del mundo.Según estudio elaborado por la Asamblea General de la ONU  dentro de los Objetivos de Desarrollo Sostenible (SDGs)  estableció en 2015 para este país  un indicador de Lesiones de Carretera de 40sobre 100  siendo 0 el peor resultado y 100 el mejor.;2017-07-27;-1;Homogenea
ER;Fifty_fifty;El país tiene uno de los índices de siniestralidad y muertes por accidentes de tráfico que se encuentra en la media del resto de países del mundo.Según estudio elaborado por la Asamblea General de la ONU  dentro de los Objetivos de Desarrollo Sostenible (SDGs)  estableció en 2015 para este país  un indicador de Lesiones de Carretera de 43sobre 100  siendo 0 el peor resultado y 100 el mejor.;2017-07-27;-1;Homogenea
EE;Probably_not;El país tiene uno de los índices de siniestralidad y muertes por accidentes de tráfico sensiblemente por debajo de la media de los países del mundo. Según estudio elaborado por la Asamblea General de la ONU  dentro de los Objetivos de Desarrollo Sostenible (SDGs)  estableció en 2015 para este país  un indicador de Lesiones de Carretera de 83sobre 100  siendo 0 el peor resultado y 100 el mejor.;2017-07-27;-1;Homogenea
ET;Fifty_fifty;El país tiene uno de los índices de siniestralidad y muertes por accidentes de tráfico que se encuentra en la media del resto de países del mundo.Según estudio elaborado por la Asamblea General de la ONU  dentro de los Objetivos de Desarrollo Sostenible (SDGs)  estableció en 2015 para este país  un indicador de Lesiones de Carretera de 49sobre 100  siendo 0 el peor resultado y 100 el mejor.;2017-07-27;-1;Homogenea
FM;Fifty_fifty;El país tiene uno de los índices de siniestralidad y muertes por accidentes de tráfico que se encuentra en la media del resto de países del mundo.Según estudio elaborado por la Asamblea General de la ONU  dentro de los Objetivos de Desarrollo Sostenible (SDGs)  estableció en 2015 para este país  un indicador de Lesiones de Carretera de 59sobre 100  siendo 0 el peor resultado y 100 el mejor.;2017-07-27;-1;Homogenea
FJ;Fifty_fifty;El país tiene uno de los índices de siniestralidad y muertes por accidentes de tráfico que se encuentra en la media del resto de países del mundo.Según estudio elaborado por la Asamblea General de la ONU  dentro de los Objetivos de Desarrollo Sostenible (SDGs)  estableció en 2015 para este país  un indicador de Lesiones de Carretera de 61sobre 100  siendo 0 el peor resultado y 100 el mejor.;2017-07-27;-1;Homogenea
FI;Probably_not;El país tiene uno de los índices de siniestralidad y muertes por accidentes de tráfico sensiblemente por debajo de la media de los países del mundo. Según estudio elaborado por la Asamblea General de la ONU  dentro de los Objetivos de Desarrollo Sostenible (SDGs)  estableció en 2015 para este país  un indicador de Lesiones de Carretera de 89sobre 100  siendo 0 el peor resultado y 100 el mejor.;2017-07-27;-1;Homogenea
FR;Probably_not;El país tiene uno de los índices de siniestralidad y muertes por accidentes de tráfico sensiblemente por debajo de la media de los países del mundo. Según estudio elaborado por la Asamblea General de la ONU  dentro de los Objetivos de Desarrollo Sostenible (SDGs)  estableció en 2015 para este país  un indicador de Lesiones de Carretera de 78sobre 100  siendo 0 el peor resultado y 100 el mejor.;2017-07-27;-1;Homogenea
GA;Fifty_fifty;El país tiene uno de los índices de siniestralidad y muertes por accidentes de tráfico que se encuentra en la media del resto de países del mundo.Según estudio elaborado por la Asamblea General de la ONU  dentro de los Objetivos de Desarrollo Sostenible (SDGs)  estableció en 2015 para este país  un indicador de Lesiones de Carretera de 42sobre 100  siendo 0 el peor resultado y 100 el mejor.;2017-07-27;-1;Homogenea
GE;Fifty_fifty;El país tiene uno de los índices de siniestralidad y muertes por accidentes de tráfico que se encuentra en la media del resto de países del mundo.Según estudio elaborado por la Asamblea General de la ONU  dentro de los Objetivos de Desarrollo Sostenible (SDGs)  estableció en 2015 para este país  un indicador de Lesiones de Carretera de 54sobre 100  siendo 0 el peor resultado y 100 el mejor.;2017-07-27;-1;Homogenea
DE;Probably_not;El país tiene uno de los índices de siniestralidad y muertes por accidentes de tráfico sensiblemente por debajo de la media de los países del mundo. Según estudio elaborado por la Asamblea General de la ONU  dentro de los Objetivos de Desarrollo Sostenible (SDGs)  estableció en 2015 para este país  un indicador de Lesiones de Carretera de 88sobre 100  siendo 0 el peor resultado y 100 el mejor.;2017-07-27;-1;Homogenea
GH;Fifty_fifty;El país tiene uno de los índices de siniestralidad y muertes por accidentes de tráfico que se encuentra en la media del resto de países del mundo.Según estudio elaborado por la Asamblea General de la ONU  dentro de los Objetivos de Desarrollo Sostenible (SDGs)  estableció en 2015 para este país  un indicador de Lesiones de Carretera de 50sobre 100  siendo 0 el peor resultado y 100 el mejor.;2017-07-27;-1;Homogenea
GR;Fifty_fifty;El país tiene uno de los índices de siniestralidad y muertes por accidentes de tráfico que se encuentra en la media del resto de países del mundo.Según estudio elaborado por la Asamblea General de la ONU  dentro de los Objetivos de Desarrollo Sostenible (SDGs)  estableció en 2015 para este país  un indicador de Lesiones de Carretera de 67sobre 100  siendo 0 el peor resultado y 100 el mejor.;2017-07-27;-1;Homogenea
GD;Fifty_fifty;El país tiene uno de los índices de siniestralidad y muertes por accidentes de tráfico que se encuentra en la media del resto de países del mundo.Según estudio elaborado por la Asamblea General de la ONU  dentro de los Objetivos de Desarrollo Sostenible (SDGs)  estableció en 2015 para este país  un indicador de Lesiones de Carretera de 59sobre 100  siendo 0 el peor resultado y 100 el mejor.;2017-07-27;-1;Homogenea
GT;Fifty_fifty;El país tiene uno de los índices de siniestralidad y muertes por accidentes de tráfico que se encuentra en la media del resto de países del mundo.Según estudio elaborado por la Asamblea General de la ONU  dentro de los Objetivos de Desarrollo Sostenible (SDGs)  estableció en 2015 para este país  un indicador de Lesiones de Carretera de 55sobre 100  siendo 0 el peor resultado y 100 el mejor.;2017-07-27;-1;Homogenea
GN;Fifty_fifty;El país tiene uno de los índices de siniestralidad y muertes por accidentes de tráfico que se encuentra en la media del resto de países del mundo.Según estudio elaborado por la Asamblea General de la ONU  dentro de los Objetivos de Desarrollo Sostenible (SDGs)  estableció en 2015 para este país  un indicador de Lesiones de Carretera de 53sobre 100  siendo 0 el peor resultado y 100 el mejor.;2017-07-27;-1;Homogenea
GW;Fifty_fifty;El país tiene uno de los índices de siniestralidad y muertes por accidentes de tráfico que se encuentra en la media del resto de países del mundo.Según estudio elaborado por la Asamblea General de la ONU  dentro de los Objetivos de Desarrollo Sostenible (SDGs)  estableció en 2015 para este país  un indicador de Lesiones de Carretera de 48sobre 100  siendo 0 el peor resultado y 100 el mejor.;2017-07-27;-1;Homogenea
GY;Fifty_fifty;El país tiene uno de los índices de siniestralidad y muertes por accidentes de tráfico que se encuentra en la media del resto de países del mundo.Según estudio elaborado por la Asamblea General de la ONU  dentro de los Objetivos de Desarrollo Sostenible (SDGs)  estableció en 2015 para este país  un indicador de Lesiones de Carretera de 46sobre 100  siendo 0 el peor resultado y 100 el mejor.;2017-07-27;-1;Homogenea
HT;Fifty_fifty;El país tiene uno de los índices de siniestralidad y muertes por accidentes de tráfico que se encuentra en la media del resto de países del mundo.Según estudio elaborado por la Asamblea General de la ONU  dentro de los Objetivos de Desarrollo Sostenible (SDGs)  estableció en 2015 para este país  un indicador de Lesiones de Carretera de 42sobre 100  siendo 0 el peor resultado y 100 el mejor.;2017-07-27;-1;Homogenea
HN;Fifty_fifty;El país tiene uno de los índices de siniestralidad y muertes por accidentes de tráfico que se encuentra en la media del resto de países del mundo.Según estudio elaborado por la Asamblea General de la ONU  dentro de los Objetivos de Desarrollo Sostenible (SDGs)  estableció en 2015 para este país  un indicador de Lesiones de Carretera de 55sobre 100  siendo 0 el peor resultado y 100 el mejor.;2017-07-27;-1;Homogenea
HU;Probably_not;El país tiene uno de los índices de siniestralidad y muertes por accidentes de tráfico sensiblemente por debajo de la media de los países del mundo. Según estudio elaborado por la Asamblea General de la ONU  dentro de los Objetivos de Desarrollo Sostenible (SDGs)  estableció en 2015 para este país  un indicador de Lesiones de Carretera de 80sobre 100  siendo 0 el peor resultado y 100 el mejor.;2017-07-27;-1;Homogenea
IS;Almost_certainly_not;El país tiene uno de los índices de siniestralidad y muertes por accidentes de tráfico más bajos del mundo. Según estudio elaborado por la Asamblea General de la ONU  dentro de los Objetivos de Desarrollo Sostenible (SDGs)  estableció en 2015 para este país  un indicador de Lesiones de Carretera de 96sobre 100  siendo 0 el peor resultado y 100 el mejor.;2017-07-27;-1;Homogenea
IN;Fifty_fifty;El país tiene uno de los índices de siniestralidad y muertes por accidentes de tráfico que se encuentra en la media del resto de países del mundo.Según estudio elaborado por la Asamblea General de la ONU  dentro de los Objetivos de Desarrollo Sostenible (SDGs)  estableció en 2015 para este país  un indicador de Lesiones de Carretera de 40sobre 100  siendo 0 el peor resultado y 100 el mejor.;2017-07-27;-1;Homogenea
ID;Fifty_fifty;El país tiene uno de los índices de siniestralidad y muertes por accidentes de tráfico que se encuentra en la media del resto de países del mundo.Según estudio elaborado por la Asamblea General de la ONU  dentro de los Objetivos de Desarrollo Sostenible (SDGs)  estableció en 2015 para este país  un indicador de Lesiones de Carretera de 50sobre 100  siendo 0 el peor resultado y 100 el mejor.;2017-07-27;-1;Homogenea
IR;Fifty_fifty;El país tiene uno de los índices de siniestralidad y muertes por accidentes de tráfico que se encuentra en la media del resto de países del mundo.Según estudio elaborado por la Asamblea General de la ONU  dentro de los Objetivos de Desarrollo Sostenible (SDGs)  estableció en 2015 para este país  un indicador de Lesiones de Carretera de 27sobre 100  siendo 0 el peor resultado y 100 el mejor.;2017-07-27;-1;Homogenea
IQ;Fifty_fifty;El país tiene uno de los índices de siniestralidad y muertes por accidentes de tráfico que se encuentra en la media del resto de países del mundo.Según estudio elaborado por la Asamblea General de la ONU  dentro de los Objetivos de Desarrollo Sostenible (SDGs)  estableció en 2015 para este país  un indicador de Lesiones de Carretera de 45sobre 100  siendo 0 el peor resultado y 100 el mejor.;2017-07-27;-1;Homogenea
IE;Probably_not;El país tiene uno de los índices de siniestralidad y muertes por accidentes de tráfico sensiblemente por debajo de la media de los países del mundo. Según estudio elaborado por la Asamblea General de la ONU  dentro de los Objetivos de Desarrollo Sostenible (SDGs)  estableció en 2015 para este país  un indicador de Lesiones de Carretera de 92sobre 100  siendo 0 el peor resultado y 100 el mejor.;2017-07-27;-1;Homogenea
IL;Probably_not;El país tiene uno de los índices de siniestralidad y muertes por accidentes de tráfico sensiblemente por debajo de la media de los países del mundo. Según estudio elaborado por la Asamblea General de la ONU  dentro de los Objetivos de Desarrollo Sostenible (SDGs)  estableció en 2015 para este país  un indicador de Lesiones de Carretera de 77sobre 100  siendo 0 el peor resultado y 100 el mejor.;2017-07-27;-1;Homogenea
IT;Probably_not;El país tiene uno de los índices de siniestralidad y muertes por accidentes de tráfico sensiblemente por debajo de la media de los países del mundo. Según estudio elaborado por la Asamblea General de la ONU  dentro de los Objetivos de Desarrollo Sostenible (SDGs)  estableció en 2015 para este país  un indicador de Lesiones de Carretera de 75sobre 100  siendo 0 el peor resultado y 100 el mejor.;2017-07-27;-1;Homogenea
JM;Fifty_fifty;El país tiene uno de los índices de siniestralidad y muertes por accidentes de tráfico que se encuentra en la media del resto de países del mundo.Según estudio elaborado por la Asamblea General de la ONU  dentro de los Objetivos de Desarrollo Sostenible (SDGs)  estableció en 2015 para este país  un indicador de Lesiones de Carretera de 71sobre 100  siendo 0 el peor resultado y 100 el mejor.;2017-07-27;-1;Homogenea
JP;Probably_not;El país tiene uno de los índices de siniestralidad y muertes por accidentes de tráfico sensiblemente por debajo de la media de los países del mundo. Según estudio elaborado por la Asamblea General de la ONU  dentro de los Objetivos de Desarrollo Sostenible (SDGs)  estableció en 2015 para este país  un indicador de Lesiones de Carretera de 91sobre 100  siendo 0 el peor resultado y 100 el mejor.;2017-07-27;-1;Homogenea
JO;Fifty_fifty;El país tiene uno de los índices de siniestralidad y muertes por accidentes de tráfico que se encuentra en la media del resto de países del mundo.Según estudio elaborado por la Asamblea General de la ONU  dentro de los Objetivos de Desarrollo Sostenible (SDGs)  estableció en 2015 para este país  un indicador de Lesiones de Carretera de 59sobre 100  siendo 0 el peor resultado y 100 el mejor.;2017-07-27;-1;Homogenea
KZ;Fifty_fifty;El país tiene uno de los índices de siniestralidad y muertes por accidentes de tráfico que se encuentra en la media del resto de países del mundo.Según estudio elaborado por la Asamblea General de la ONU  dentro de los Objetivos de Desarrollo Sostenible (SDGs)  estableció en 2015 para este país  un indicador de Lesiones de Carretera de 51sobre 100  siendo 0 el peor resultado y 100 el mejor.;2017-07-27;-1;Homogenea
KE;Fifty_fifty;El país tiene uno de los índices de siniestralidad y muertes por accidentes de tráfico que se encuentra en la media del resto de países del mundo.Según estudio elaborado por la Asamblea General de la ONU  dentro de los Objetivos de Desarrollo Sostenible (SDGs)  estableció en 2015 para este país  un indicador de Lesiones de Carretera de 52sobre 100  siendo 0 el peor resultado y 100 el mejor.;2017-07-27;-1;Homogenea
KI;Fifty_fifty;El país tiene uno de los índices de siniestralidad y muertes por accidentes de tráfico que se encuentra en la media del resto de países del mundo.Según estudio elaborado por la Asamblea General de la ONU  dentro de los Objetivos de Desarrollo Sostenible (SDGs)  estableció en 2015 para este país  un indicador de Lesiones de Carretera de 62sobre 100  siendo 0 el peor resultado y 100 el mejor.;2017-07-27;-1;Homogenea
KW;Fifty_fifty;El país tiene uno de los índices de siniestralidad y muertes por accidentes de tráfico que se encuentra en la media del resto de países del mundo.Según estudio elaborado por la Asamblea General de la ONU  dentro de los Objetivos de Desarrollo Sostenible (SDGs)  estableció en 2015 para este país  un indicador de Lesiones de Carretera de 58sobre 100  siendo 0 el peor resultado y 100 el mejor.;2017-07-27;-1;Homogenea
KG;Fifty_fifty;El país tiene uno de los índices de siniestralidad y muertes por accidentes de tráfico que se encuentra en la media del resto de países del mundo.Según estudio elaborado por la Asamblea General de la ONU  dentro de los Objetivos de Desarrollo Sostenible (SDGs)  estableció en 2015 para este país  un indicador de Lesiones de Carretera de 50sobre 100  siendo 0 el peor resultado y 100 el mejor.;2017-07-27;-1;Homogenea
LA;Fifty_fifty;El país tiene uno de los índices de siniestralidad y muertes por accidentes de tráfico que se encuentra en la media del resto de países del mundo.Según estudio elaborado por la Asamblea General de la ONU  dentro de los Objetivos de Desarrollo Sostenible (SDGs)  estableció en 2015 para este país  un indicador de Lesiones de Carretera de 40sobre 100  siendo 0 el peor resultado y 100 el mejor.;2017-07-27;-1;Homogenea
LV;Fifty_fifty;El país tiene uno de los índices de siniestralidad y muertes por accidentes de tráfico que se encuentra en la media del resto de países del mundo.Según estudio elaborado por la Asamblea General de la ONU  dentro de los Objetivos de Desarrollo Sostenible (SDGs)  estableció en 2015 para este país  un indicador de Lesiones de Carretera de 70sobre 100  siendo 0 el peor resultado y 100 el mejor.;2017-07-27;-1;Homogenea
LB;Probably_not;El país tiene uno de los índices de siniestralidad y muertes por accidentes de tráfico sensiblemente por debajo de la media de los países del mundo. Según estudio elaborado por la Asamblea General de la ONU  dentro de los Objetivos de Desarrollo Sostenible (SDGs)  estableció en 2015 para este país  un indicador de Lesiones de Carretera de 76sobre 100  siendo 0 el peor resultado y 100 el mejor.;2017-07-27;-1;Homogenea
LS;Probable;El país tiene uno de los índices de siniestralidad y muertes por accidentes de tráfico sensiblemente por encima de la media de los países del mundo. Según estudio elaborado por la Asamblea General de la ONU  dentro de los Objetivos de Desarrollo Sostenible (SDGs)  estableció en 2015 para este país  un indicador de Lesiones de Carretera de 18sobre 100  siendo 0 el peor resultado y 100 el mejor.;2017-07-27;-1;Homogenea
LR;Fifty_fifty;El país tiene uno de los índices de siniestralidad y muertes por accidentes de tráfico que se encuentra en la media del resto de países del mundo.Según estudio elaborado por la Asamblea General de la ONU  dentro de los Objetivos de Desarrollo Sostenible (SDGs)  estableció en 2015 para este país  un indicador de Lesiones de Carretera de 57sobre 100  siendo 0 el peor resultado y 100 el mejor.;2017-07-27;-1;Homogenea
LY;Fifty_fifty;El país tiene uno de los índices de siniestralidad y muertes por accidentes de tráfico que se encuentra en la media del resto de países del mundo.Según estudio elaborado por la Asamblea General de la ONU  dentro de los Objetivos de Desarrollo Sostenible (SDGs)  estableció en 2015 para este país  un indicador de Lesiones de Carretera de 44sobre 100  siendo 0 el peor resultado y 100 el mejor.;2017-07-27;-1;Homogenea
LT;Fifty_fifty;El país tiene uno de los índices de siniestralidad y muertes por accidentes de tráfico que se encuentra en la media del resto de países del mundo.Según estudio elaborado por la Asamblea General de la ONU  dentro de los Objetivos de Desarrollo Sostenible (SDGs)  estableció en 2015 para este país  un indicador de Lesiones de Carretera de 64sobre 100  siendo 0 el peor resultado y 100 el mejor.;2017-07-27;-1;Homogenea
LU;Probably_not;El país tiene uno de los índices de siniestralidad y muertes por accidentes de tráfico sensiblemente por debajo de la media de los países del mundo. Según estudio elaborado por la Asamblea General de la ONU  dentro de los Objetivos de Desarrollo Sostenible (SDGs)  estableció en 2015 para este país  un indicador de Lesiones de Carretera de 85sobre 100  siendo 0 el peor resultado y 100 el mejor.;2017-07-27;-1;Homogenea
MK;Probably_not;El país tiene uno de los índices de siniestralidad y muertes por accidentes de tráfico sensiblemente por debajo de la media de los países del mundo. Según estudio elaborado por la Asamblea General de la ONU  dentro de los Objetivos de Desarrollo Sostenible (SDGs)  estableció en 2015 para este país  un indicador de Lesiones de Carretera de 76sobre 100  siendo 0 el peor resultado y 100 el mejor.;2017-07-27;-1;Homogenea
MG;Fifty_fifty;El país tiene uno de los índices de siniestralidad y muertes por accidentes de tráfico que se encuentra en la media del resto de países del mundo.Según estudio elaborado por la Asamblea General de la ONU  dentro de los Objetivos de Desarrollo Sostenible (SDGs)  estableció en 2015 para este país  un indicador de Lesiones de Carretera de 53sobre 100  siendo 0 el peor resultado y 100 el mejor.;2017-07-27;-1;Homogenea
MW;Fifty_fifty;El país tiene uno de los índices de siniestralidad y muertes por accidentes de tráfico que se encuentra en la media del resto de países del mundo.Según estudio elaborado por la Asamblea General de la ONU  dentro de los Objetivos de Desarrollo Sostenible (SDGs)  estableció en 2015 para este país  un indicador de Lesiones de Carretera de 50sobre 100  siendo 0 el peor resultado y 100 el mejor.;2017-07-27;-1;Homogenea
MY;Fifty_fifty;El país tiene uno de los índices de siniestralidad y muertes por accidentes de tráfico que se encuentra en la media del resto de países del mundo.Según estudio elaborado por la Asamblea General de la ONU  dentro de los Objetivos de Desarrollo Sostenible (SDGs)  estableció en 2015 para este país  un indicador de Lesiones de Carretera de 44sobre 100  siendo 0 el peor resultado y 100 el mejor.;2017-07-27;-1;Homogenea
MV;Probably_not;El país tiene uno de los índices de siniestralidad y muertes por accidentes de tráfico sensiblemente por debajo de la media de los países del mundo. Según estudio elaborado por la Asamblea General de la ONU  dentro de los Objetivos de Desarrollo Sostenible (SDGs)  estableció en 2015 para este país  un indicador de Lesiones de Carretera de 76sobre 100  siendo 0 el peor resultado y 100 el mejor.;2017-07-27;-1;Homogenea
ML;Fifty_fifty;El país tiene uno de los índices de siniestralidad y muertes por accidentes de tráfico que se encuentra en la media del resto de países del mundo.Según estudio elaborado por la Asamblea General de la ONU  dentro de los Objetivos de Desarrollo Sostenible (SDGs)  estableció en 2015 para este país  un indicador de Lesiones de Carretera de 58sobre 100  siendo 0 el peor resultado y 100 el mejor.;2017-07-27;-1;Homogenea
MT;Impossibility;El país tiene uno de los índices de siniestralidad y muertes por accidentes de tráfico más bajos del mundo. Según estudio elaborado por la Asamblea General de la ONU  dentro de los Objetivos de Desarrollo Sostenible (SDGs)  estableció en 2015 para este país  un indicador de Lesiones de Carretera de 100sobre 100  siendo 0 el peor resultado y 100 el mejor.;2017-07-27;-1;Homogenea
MH;Fifty_fifty;El país tiene uno de los índices de siniestralidad y muertes por accidentes de tráfico que se encuentra en la media del resto de países del mundo.Según estudio elaborado por la Asamblea General de la ONU  dentro de los Objetivos de Desarrollo Sostenible (SDGs)  estableció en 2015 para este país  un indicador de Lesiones de Carretera de 55sobre 100  siendo 0 el peor resultado y 100 el mejor.;2017-07-27;-1;Homogenea
MR;Fifty_fifty;El país tiene uno de los índices de siniestralidad y muertes por accidentes de tráfico que se encuentra en la media del resto de países del mundo.Según estudio elaborado por la Asamblea General de la ONU  dentro de los Objetivos de Desarrollo Sostenible (SDGs)  estableció en 2015 para este país  un indicador de Lesiones de Carretera de 62sobre 100  siendo 0 el peor resultado y 100 el mejor.;2017-07-27;-1;Homogenea
MU;Fifty_fifty;El país tiene uno de los índices de siniestralidad y muertes por accidentes de tráfico que se encuentra en la media del resto de países del mundo.Según estudio elaborado por la Asamblea General de la ONU  dentro de los Objetivos de Desarrollo Sostenible (SDGs)  estableció en 2015 para este país  un indicador de Lesiones de Carretera de 66sobre 100  siendo 0 el peor resultado y 100 el mejor.;2017-07-27;-1;Homogenea
MX;Fifty_fifty;El país tiene uno de los índices de siniestralidad y muertes por accidentes de tráfico que se encuentra en la media del resto de países del mundo.Según estudio elaborado por la Asamblea General de la ONU  dentro de los Objetivos de Desarrollo Sostenible (SDGs)  estableció en 2015 para este país  un indicador de Lesiones de Carretera de 53sobre 100  siendo 0 el peor resultado y 100 el mejor.;2017-07-27;-1;Homogenea
MD;Fifty_fifty;El país tiene uno de los índices de siniestralidad y muertes por accidentes de tráfico que se encuentra en la media del resto de países del mundo.Según estudio elaborado por la Asamblea General de la ONU  dentro de los Objetivos de Desarrollo Sostenible (SDGs)  estableció en 2015 para este país  un indicador de Lesiones de Carretera de 70sobre 100  siendo 0 el peor resultado y 100 el mejor.;2017-07-27;-1;Homogenea
MN;Fifty_fifty;El país tiene uno de los índices de siniestralidad y muertes por accidentes de tráfico que se encuentra en la media del resto de países del mundo.Según estudio elaborado por la Asamblea General de la ONU  dentro de los Objetivos de Desarrollo Sostenible (SDGs)  estableció en 2015 para este país  un indicador de Lesiones de Carretera de 47sobre 100  siendo 0 el peor resultado y 100 el mejor.;2017-07-27;-1;Homogenea
ME;Fifty_fifty;El país tiene uno de los índices de siniestralidad y muertes por accidentes de tráfico que se encuentra en la media del resto de países del mundo.Según estudio elaborado por la Asamblea General de la ONU  dentro de los Objetivos de Desarrollo Sostenible (SDGs)  estableció en 2015 para este país  un indicador de Lesiones de Carretera de 71sobre 100  siendo 0 el peor resultado y 100 el mejor.;2017-07-27;-1;Homogenea
MA;Fifty_fifty;El país tiene uno de los índices de siniestralidad y muertes por accidentes de tráfico que se encuentra en la media del resto de países del mundo.Según estudio elaborado por la Asamblea General de la ONU  dentro de los Objetivos de Desarrollo Sostenible (SDGs)  estableció en 2015 para este país  un indicador de Lesiones de Carretera de 49sobre 100  siendo 0 el peor resultado y 100 el mejor.;2017-07-27;-1;Homogenea
MZ;Fifty_fifty;El país tiene uno de los índices de siniestralidad y muertes por accidentes de tráfico que se encuentra en la media del resto de países del mundo.Según estudio elaborado por la Asamblea General de la ONU  dentro de los Objetivos de Desarrollo Sostenible (SDGs)  estableció en 2015 para este país  un indicador de Lesiones de Carretera de 40sobre 100  siendo 0 el peor resultado y 100 el mejor.;2017-07-27;-1;Homogenea
MM;Fifty_fifty;El país tiene uno de los índices de siniestralidad y muertes por accidentes de tráfico que se encuentra en la media del resto de países del mundo.Según estudio elaborado por la Asamblea General de la ONU  dentro de los Objetivos de Desarrollo Sostenible (SDGs)  estableció en 2015 para este país  un indicador de Lesiones de Carretera de 59sobre 100  siendo 0 el peor resultado y 100 el mejor.;2017-07-27;-1;Homogenea
NA;Fifty_fifty;El país tiene uno de los índices de siniestralidad y muertes por accidentes de tráfico que se encuentra en la media del resto de países del mundo.Según estudio elaborado por la Asamblea General de la ONU  dentro de los Objetivos de Desarrollo Sostenible (SDGs)  estableció en 2015 para este país  un indicador de Lesiones de Carretera de 36sobre 100  siendo 0 el peor resultado y 100 el mejor.;2017-07-27;-1;Homogenea
NP;Fifty_fifty;El país tiene uno de los índices de siniestralidad y muertes por accidentes de tráfico que se encuentra en la media del resto de países del mundo.Según estudio elaborado por la Asamblea General de la ONU  dentro de los Objetivos de Desarrollo Sostenible (SDGs)  estableció en 2015 para este país  un indicador de Lesiones de Carretera de 40sobre 100  siendo 0 el peor resultado y 100 el mejor.;2017-07-27;-1;Homogenea
NL;Probably_not;El país tiene uno de los índices de siniestralidad y muertes por accidentes de tráfico sensiblemente por debajo de la media de los países del mundo. Según estudio elaborado por la Asamblea General de la ONU  dentro de los Objetivos de Desarrollo Sostenible (SDGs)  estableció en 2015 para este país  un indicador de Lesiones de Carretera de 90sobre 100  siendo 0 el peor resultado y 100 el mejor.;2017-07-27;-1;Homogenea
NZ;Probably_not;El país tiene uno de los índices de siniestralidad y muertes por accidentes de tráfico sensiblemente por debajo de la media de los países del mundo. Según estudio elaborado por la Asamblea General de la ONU  dentro de los Objetivos de Desarrollo Sostenible (SDGs)  estableció en 2015 para este país  un indicador de Lesiones de Carretera de 76sobre 100  siendo 0 el peor resultado y 100 el mejor.;2017-07-27;-1;Homogenea
NI;Fifty_fifty;El país tiene uno de los índices de siniestralidad y muertes por accidentes de tráfico que se encuentra en la media del resto de países del mundo.Según estudio elaborado por la Asamblea General de la ONU  dentro de los Objetivos de Desarrollo Sostenible (SDGs)  estableció en 2015 para este país  un indicador de Lesiones de Carretera de 61sobre 100  siendo 0 el peor resultado y 100 el mejor.;2017-07-27;-1;Homogenea
NE;Fifty_fifty;El país tiene uno de los índices de siniestralidad y muertes por accidentes de tráfico que se encuentra en la media del resto de países del mundo.Según estudio elaborado por la Asamblea General de la ONU  dentro de los Objetivos de Desarrollo Sostenible (SDGs)  estableció en 2015 para este país  un indicador de Lesiones de Carretera de 59sobre 100  siendo 0 el peor resultado y 100 el mejor.;2017-07-27;-1;Homogenea
NG;Fifty_fifty;El país tiene uno de los índices de siniestralidad y muertes por accidentes de tráfico que se encuentra en la media del resto de países del mundo.Según estudio elaborado por la Asamblea General de la ONU  dentro de los Objetivos de Desarrollo Sostenible (SDGs)  estableció en 2015 para este país  un indicador de Lesiones de Carretera de 73sobre 100  siendo 0 el peor resultado y 100 el mejor.;2017-07-27;-1;Homogenea
KP;Fifty_fifty;El país tiene uno de los índices de siniestralidad y muertes por accidentes de tráfico que se encuentra en la media del resto de países del mundo.Según estudio elaborado por la Asamblea General de la ONU  dentro de los Objetivos de Desarrollo Sostenible (SDGs)  estableció en 2015 para este país  un indicador de Lesiones de Carretera de 39sobre 100  siendo 0 el peor resultado y 100 el mejor.;2017-07-27;-1;Homogenea
NO;Almost_certainly_not;El país tiene uno de los índices de siniestralidad y muertes por accidentes de tráfico más bajos del mundo. Según estudio elaborado por la Asamblea General de la ONU  dentro de los Objetivos de Desarrollo Sostenible (SDGs)  estableció en 2015 para este país  un indicador de Lesiones de Carretera de 95sobre 100  siendo 0 el peor resultado y 100 el mejor.;2017-07-27;-1;Homogenea
OM;Probable;El país tiene uno de los índices de siniestralidad y muertes por accidentes de tráfico sensiblemente por encima de la media de los países del mundo. Según estudio elaborado por la Asamblea General de la ONU  dentro de los Objetivos de Desarrollo Sostenible (SDGs)  estableció en 2015 para este país  un indicador de Lesiones de Carretera de 25sobre 100  siendo 0 el peor resultado y 100 el mejor.;2017-07-27;-1;Homogenea
PK;Fifty_fifty;El país tiene uno de los índices de siniestralidad y muertes por accidentes de tráfico que se encuentra en la media del resto de países del mundo.Según estudio elaborado por la Asamblea General de la ONU  dentro de los Objetivos de Desarrollo Sostenible (SDGs)  estableció en 2015 para este país  un indicador de Lesiones de Carretera de 52sobre 100  siendo 0 el peor resultado y 100 el mejor.;2017-07-27;-1;Homogenea
PS;Fifty_fifty;El país tiene uno de los índices de siniestralidad y muertes por accidentes de tráfico que se encuentra en la media del resto de países del mundo.Según estudio elaborado por la Asamblea General de la ONU  dentro de los Objetivos de Desarrollo Sostenible (SDGs)  estableció en 2015 para este país  un indicador de Lesiones de Carretera de 61sobre 100  siendo 0 el peor resultado y 100 el mejor.;2017-07-27;-1;Homogenea
PA;Fifty_fifty;El país tiene uno de los índices de siniestralidad y muertes por accidentes de tráfico que se encuentra en la media del resto de países del mundo.Según estudio elaborado por la Asamblea General de la ONU  dentro de los Objetivos de Desarrollo Sostenible (SDGs)  estableció en 2015 para este país  un indicador de Lesiones de Carretera de 55sobre 100  siendo 0 el peor resultado y 100 el mejor.;2017-07-27;-1;Homogenea
PG;Fifty_fifty;El país tiene uno de los índices de siniestralidad y muertes por accidentes de tráfico que se encuentra en la media del resto de países del mundo.Según estudio elaborado por la Asamblea General de la ONU  dentro de los Objetivos de Desarrollo Sostenible (SDGs)  estableció en 2015 para este país  un indicador de Lesiones de Carretera de 37sobre 100  siendo 0 el peor resultado y 100 el mejor.;2017-07-27;-1;Homogenea
PY;Fifty_fifty;El país tiene uno de los índices de siniestralidad y muertes por accidentes de tráfico que se encuentra en la media del resto de países del mundo.Según estudio elaborado por la Asamblea General de la ONU  dentro de los Objetivos de Desarrollo Sostenible (SDGs)  estableció en 2015 para este país  un indicador de Lesiones de Carretera de 41sobre 100  siendo 0 el peor resultado y 100 el mejor.;2017-07-27;-1;Homogenea
PE;Fifty_fifty;El país tiene uno de los índices de siniestralidad y muertes por accidentes de tráfico que se encuentra en la media del resto de países del mundo.Según estudio elaborado por la Asamblea General de la ONU  dentro de los Objetivos de Desarrollo Sostenible (SDGs)  estableció en 2015 para este país  un indicador de Lesiones de Carretera de 59sobre 100  siendo 0 el peor resultado y 100 el mejor.;2017-07-27;-1;Homogenea
PH;Fifty_fifty;El país tiene uno de los índices de siniestralidad y muertes por accidentes de tráfico que se encuentra en la media del resto de países del mundo.Según estudio elaborado por la Asamblea General de la ONU  dentro de los Objetivos de Desarrollo Sostenible (SDGs)  estableció en 2015 para este país  un indicador de Lesiones de Carretera de 66sobre 100  siendo 0 el peor resultado y 100 el mejor.;2017-07-27;-1;Homogenea
PL;Fifty_fifty;El país tiene uno de los índices de siniestralidad y muertes por accidentes de tráfico que se encuentra en la media del resto de países del mundo.Según estudio elaborado por la Asamblea General de la ONU  dentro de los Objetivos de Desarrollo Sostenible (SDGs)  estableció en 2015 para este país  un indicador de Lesiones de Carretera de 68sobre 100  siendo 0 el peor resultado y 100 el mejor.;2017-07-27;-1;Homogenea
PT;Fifty_fifty;El país tiene uno de los índices de siniestralidad y muertes por accidentes de tráfico que se encuentra en la media del resto de países del mundo.Según estudio elaborado por la Asamblea General de la ONU  dentro de los Objetivos de Desarrollo Sostenible (SDGs)  estableció en 2015 para este país  un indicador de Lesiones de Carretera de 72sobre 100  siendo 0 el peor resultado y 100 el mejor.;2017-07-27;-1;Homogenea
QA;Fifty_fifty;El país tiene uno de los índices de siniestralidad y muertes por accidentes de tráfico que se encuentra en la media del resto de países del mundo.Según estudio elaborado por la Asamblea General de la ONU  dentro de los Objetivos de Desarrollo Sostenible (SDGs)  estableció en 2015 para este país  un indicador de Lesiones de Carretera de 36sobre 100  siendo 0 el peor resultado y 100 el mejor.;2017-07-27;-1;Homogenea
RO;Fifty_fifty;El país tiene uno de los índices de siniestralidad y muertes por accidentes de tráfico que se encuentra en la media del resto de países del mundo.Según estudio elaborado por la Asamblea General de la ONU  dentro de los Objetivos de Desarrollo Sostenible (SDGs)  estableció en 2015 para este país  un indicador de Lesiones de Carretera de 68sobre 100  siendo 0 el peor resultado y 100 el mejor.;2017-07-27;-1;Homogenea
RU;Fifty_fifty;El país tiene uno de los índices de siniestralidad y muertes por accidentes de tráfico que se encuentra en la media del resto de países del mundo.Según estudio elaborado por la Asamblea General de la ONU  dentro de los Objetivos de Desarrollo Sostenible (SDGs)  estableció en 2015 para este país  un indicador de Lesiones de Carretera de 53sobre 100  siendo 0 el peor resultado y 100 el mejor.;2017-07-27;-1;Homogenea
RW;Fifty_fifty;El país tiene uno de los índices de siniestralidad y muertes por accidentes de tráfico que se encuentra en la media del resto de países del mundo.Según estudio elaborado por la Asamblea General de la ONU  dentro de los Objetivos de Desarrollo Sostenible (SDGs)  estableció en 2015 para este país  un indicador de Lesiones de Carretera de 36sobre 100  siendo 0 el peor resultado y 100 el mejor.;2017-07-27;-1;Homogenea
LC;Fifty_fifty;El país tiene uno de los índices de siniestralidad y muertes por accidentes de tráfico que se encuentra en la media del resto de países del mundo.Según estudio elaborado por la Asamblea General de la ONU  dentro de los Objetivos de Desarrollo Sostenible (SDGs)  estableció en 2015 para este país  un indicador de Lesiones de Carretera de 63sobre 100  siendo 0 el peor resultado y 100 el mejor.;2017-07-27;-1;Homogenea
VC;Fifty_fifty;El país tiene uno de los índices de siniestralidad y muertes por accidentes de tráfico que se encuentra en la media del resto de países del mundo.Según estudio elaborado por la Asamblea General de la ONU  dentro de los Objetivos de Desarrollo Sostenible (SDGs)  estableció en 2015 para este país  un indicador de Lesiones de Carretera de 67sobre 100  siendo 0 el peor resultado y 100 el mejor.;2017-07-27;-1;Homogenea
WS;Fifty_fifty;El país tiene uno de los índices de siniestralidad y muertes por accidentes de tráfico que se encuentra en la media del resto de países del mundo.Según estudio elaborado por la Asamblea General de la ONU  dentro de los Objetivos de Desarrollo Sostenible (SDGs)  estableció en 2015 para este país  un indicador de Lesiones de Carretera de 69sobre 100  siendo 0 el peor resultado y 100 el mejor.;2017-07-27;-1;Homogenea
ST;Fifty_fifty;El país tiene uno de los índices de siniestralidad y muertes por accidentes de tráfico que se encuentra en la media del resto de países del mundo.Según estudio elaborado por la Asamblea General de la ONU  dentro de los Objetivos de Desarrollo Sostenible (SDGs)  estableció en 2015 para este país  un indicador de Lesiones de Carretera de 55sobre 100  siendo 0 el peor resultado y 100 el mejor.;2017-07-27;-1;Homogenea
SA;Fifty_fifty;El país tiene uno de los índices de siniestralidad y muertes por accidentes de tráfico que se encuentra en la media del resto de países del mundo.Según estudio elaborado por la Asamblea General de la ONU  dentro de los Objetivos de Desarrollo Sostenible (SDGs)  estableció en 2015 para este país  un indicador de Lesiones de Carretera de 40sobre 100  siendo 0 el peor resultado y 100 el mejor.;2017-07-27;-1;Homogenea
SN;Fifty_fifty;El país tiene uno de los índices de siniestralidad y muertes por accidentes de tráfico que se encuentra en la media del resto de países del mundo.Según estudio elaborado por la Asamblea General de la ONU  dentro de los Objetivos de Desarrollo Sostenible (SDGs)  estableció en 2015 para este país  un indicador de Lesiones de Carretera de 54sobre 100  siendo 0 el peor resultado y 100 el mejor.;2017-07-27;-1;Homogenea
RS;Fifty_fifty;El país tiene uno de los índices de siniestralidad y muertes por accidentes de tráfico que se encuentra en la media del resto de países del mundo.Según estudio elaborado por la Asamblea General de la ONU  dentro de los Objetivos de Desarrollo Sostenible (SDGs)  estableció en 2015 para este país  un indicador de Lesiones de Carretera de 69sobre 100  siendo 0 el peor resultado y 100 el mejor.;2017-07-27;-1;Homogenea
SC;Fifty_fifty;El país tiene uno de los índices de siniestralidad y muertes por accidentes de tráfico que se encuentra en la media del resto de países del mundo.Según estudio elaborado por la Asamblea General de la ONU  dentro de los Objetivos de Desarrollo Sostenible (SDGs)  estableció en 2015 para este país  un indicador de Lesiones de Carretera de 59sobre 100  siendo 0 el peor resultado y 100 el mejor.;2017-07-27;-1;Homogenea
SL;Fifty_fifty;El país tiene uno de los índices de siniestralidad y muertes por accidentes de tráfico que se encuentra en la media del resto de países del mundo.Según estudio elaborado por la Asamblea General de la ONU  dentro de los Objetivos de Desarrollo Sostenible (SDGs)  estableció en 2015 para este país  un indicador de Lesiones de Carretera de 47sobre 100  siendo 0 el peor resultado y 100 el mejor.;2017-07-27;-1;Homogenea
SG;Probably_not;El país tiene uno de los índices de siniestralidad y muertes por accidentes de tráfico sensiblemente por debajo de la media de los países del mundo. Según estudio elaborado por la Asamblea General de la ONU  dentro de los Objetivos de Desarrollo Sostenible (SDGs)  estableció en 2015 para este país  un indicador de Lesiones de Carretera de 93sobre 100  siendo 0 el peor resultado y 100 el mejor.;2017-07-27;-1;Homogenea
SK;Probably_not;El país tiene uno de los índices de siniestralidad y muertes por accidentes de tráfico sensiblemente por debajo de la media de los países del mundo. Según estudio elaborado por la Asamblea General de la ONU  dentro de los Objetivos de Desarrollo Sostenible (SDGs)  estableció en 2015 para este país  un indicador de Lesiones de Carretera de 77sobre 100  siendo 0 el peor resultado y 100 el mejor.;2017-07-27;-1;Homogenea
SI;Probably_not;El país tiene uno de los índices de siniestralidad y muertes por accidentes de tráfico sensiblemente por debajo de la media de los países del mundo. Según estudio elaborado por la Asamblea General de la ONU  dentro de los Objetivos de Desarrollo Sostenible (SDGs)  estableció en 2015 para este país  un indicador de Lesiones de Carretera de 80sobre 100  siendo 0 el peor resultado y 100 el mejor.;2017-07-27;-1;Homogenea
SB;Fifty_fifty;El país tiene uno de los índices de siniestralidad y muertes por accidentes de tráfico que se encuentra en la media del resto de países del mundo.Según estudio elaborado por la Asamblea General de la ONU  dentro de los Objetivos de Desarrollo Sostenible (SDGs)  estableció en 2015 para este país  un indicador de Lesiones de Carretera de 50sobre 100  siendo 0 el peor resultado y 100 el mejor.;2017-07-27;-1;Homogenea
SO;Fifty_fifty;El país tiene uno de los índices de siniestralidad y muertes por accidentes de tráfico que se encuentra en la media del resto de países del mundo.Según estudio elaborado por la Asamblea General de la ONU  dentro de los Objetivos de Desarrollo Sostenible (SDGs)  estableció en 2015 para este país  un indicador de Lesiones de Carretera de 42sobre 100  siendo 0 el peor resultado y 100 el mejor.;2017-07-27;-1;Homogenea
ZA;Fifty_fifty;El país tiene uno de los índices de siniestralidad y muertes por accidentes de tráfico que se encuentra en la media del resto de países del mundo.Según estudio elaborado por la Asamblea General de la ONU  dentro de los Objetivos de Desarrollo Sostenible (SDGs)  estableció en 2015 para este país  un indicador de Lesiones de Carretera de 29sobre 100  siendo 0 el peor resultado y 100 el mejor.;2017-07-27;-1;Homogenea
KR;Fifty_fifty;El país tiene uno de los índices de siniestralidad y muertes por accidentes de tráfico que se encuentra en la media del resto de países del mundo.Según estudio elaborado por la Asamblea General de la ONU  dentro de los Objetivos de Desarrollo Sostenible (SDGs)  estableció en 2015 para este país  un indicador de Lesiones de Carretera de 62sobre 100  siendo 0 el peor resultado y 100 el mejor.;2017-07-27;-1;Homogenea
GS;Fifty_fifty;El país tiene uno de los índices de siniestralidad y muertes por accidentes de tráfico que se encuentra en la media del resto de países del mundo.Según estudio elaborado por la Asamblea General de la ONU  dentro de los Objetivos de Desarrollo Sostenible (SDGs)  estableció en 2015 para este país  un indicador de Lesiones de Carretera de 44sobre 100  siendo 0 el peor resultado y 100 el mejor.;2017-07-27;-1;Homogenea
ES;Probably_not;El país tiene uno de los índices de siniestralidad y muertes por accidentes de tráfico sensiblemente por debajo de la media de los países del mundo. Según estudio elaborado por la Asamblea General de la ONU  dentro de los Objetivos de Desarrollo Sostenible (SDGs)  estableció en 2015 para este país  un indicador de Lesiones de Carretera de 86sobre 100  siendo 0 el peor resultado y 100 el mejor.;2017-07-27;-1;Homogenea
LK;Fifty_fifty;El país tiene uno de los índices de siniestralidad y muertes por accidentes de tráfico que se encuentra en la media del resto de países del mundo.Según estudio elaborado por la Asamblea General de la ONU  dentro de los Objetivos de Desarrollo Sostenible (SDGs)  estableció en 2015 para este país  un indicador de Lesiones de Carretera de 59sobre 100  siendo 0 el peor resultado y 100 el mejor.;2017-07-27;-1;Homogenea
SD;Fifty_fifty;El país tiene uno de los índices de siniestralidad y muertes por accidentes de tráfico que se encuentra en la media del resto de países del mundo.Según estudio elaborado por la Asamblea General de la ONU  dentro de los Objetivos de Desarrollo Sostenible (SDGs)  estableció en 2015 para este país  un indicador de Lesiones de Carretera de 30sobre 100  siendo 0 el peor resultado y 100 el mejor.;2017-07-27;-1;Homogenea
SR;Fifty_fifty;El país tiene uno de los índices de siniestralidad y muertes por accidentes de tráfico que se encuentra en la media del resto de países del mundo.Según estudio elaborado por la Asamblea General de la ONU  dentro de los Objetivos de Desarrollo Sostenible (SDGs)  estableció en 2015 para este país  un indicador de Lesiones de Carretera de 49sobre 100  siendo 0 el peor resultado y 100 el mejor.;2017-07-27;-1;Homogenea
SZ;Probable;El país tiene uno de los índices de siniestralidad y muertes por accidentes de tráfico sensiblemente por encima de la media de los países del mundo. Según estudio elaborado por la Asamblea General de la ONU  dentro de los Objetivos de Desarrollo Sostenible (SDGs)  estableció en 2015 para este país  un indicador de Lesiones de Carretera de 15sobre 100  siendo 0 el peor resultado y 100 el mejor.;2017-07-27;-1;Homogenea
SE;Probably_not;El país tiene uno de los índices de siniestralidad y muertes por accidentes de tráfico sensiblemente por debajo de la media de los países del mundo. Según estudio elaborado por la Asamblea General de la ONU  dentro de los Objetivos de Desarrollo Sostenible (SDGs)  estableció en 2015 para este país  un indicador de Lesiones de Carretera de 94sobre 100  siendo 0 el peor resultado y 100 el mejor.;2017-07-27;-1;Homogenea
CH;Probably_not;El país tiene uno de los índices de siniestralidad y muertes por accidentes de tráfico sensiblemente por debajo de la media de los países del mundo. Según estudio elaborado por la Asamblea General de la ONU  dentro de los Objetivos de Desarrollo Sostenible (SDGs)  estableció en 2015 para este país  un indicador de Lesiones de Carretera de 93sobre 100  siendo 0 el peor resultado y 100 el mejor.;2017-07-27;-1;Homogenea
SY;Fifty_fifty;El país tiene uno de los índices de siniestralidad y muertes por accidentes de tráfico que se encuentra en la media del resto de países del mundo.Según estudio elaborado por la Asamblea General de la ONU  dentro de los Objetivos de Desarrollo Sostenible (SDGs)  estableció en 2015 para este país  un indicador de Lesiones de Carretera de 59sobre 100  siendo 0 el peor resultado y 100 el mejor.;2017-07-27;-1;Homogenea
TW;Fifty_fifty;El país tiene uno de los índices de siniestralidad y muertes por accidentes de tráfico que se encuentra en la media del resto de países del mundo.Según estudio elaborado por la Asamblea General de la ONU  dentro de los Objetivos de Desarrollo Sostenible (SDGs)  estableció en 2015 para este país  un indicador de Lesiones de Carretera de 58sobre 100  siendo 0 el peor resultado y 100 el mejor.;2017-07-27;-1;Homogenea
TJ;Probably_not;El país tiene uno de los índices de siniestralidad y muertes por accidentes de tráfico sensiblemente por debajo de la media de los países del mundo. Según estudio elaborado por la Asamblea General de la ONU  dentro de los Objetivos de Desarrollo Sostenible (SDGs)  estableció en 2015 para este país  un indicador de Lesiones de Carretera de 78sobre 100  siendo 0 el peor resultado y 100 el mejor.;2017-07-27;-1;Homogenea
TZ;Fifty_fifty;El país tiene uno de los índices de siniestralidad y muertes por accidentes de tráfico que se encuentra en la media del resto de países del mundo.Según estudio elaborado por la Asamblea General de la ONU  dentro de los Objetivos de Desarrollo Sostenible (SDGs)  estableció en 2015 para este país  un indicador de Lesiones de Carretera de 51sobre 100  siendo 0 el peor resultado y 100 el mejor.;2017-07-27;-1;Homogenea
TH;Fifty_fifty;El país tiene uno de los índices de siniestralidad y muertes por accidentes de tráfico que se encuentra en la media del resto de países del mundo.Según estudio elaborado por la Asamblea General de la ONU  dentro de los Objetivos de Desarrollo Sostenible (SDGs)  estableció en 2015 para este país  un indicador de Lesiones de Carretera de 36sobre 100  siendo 0 el peor resultado y 100 el mejor.;2017-07-27;-1;Homogenea
BS;Fifty_fifty;El país tiene uno de los índices de siniestralidad y muertes por accidentes de tráfico que se encuentra en la media del resto de países del mundo.Según estudio elaborado por la Asamblea General de la ONU  dentro de los Objetivos de Desarrollo Sostenible (SDGs)  estableció en 2015 para este país  un indicador de Lesiones de Carretera de 57sobre 100  siendo 0 el peor resultado y 100 el mejor.;2017-07-27;-1;Homogenea
GM;Fifty_fifty;El país tiene uno de los índices de siniestralidad y muertes por accidentes de tráfico que se encuentra en la media del resto de países del mundo.Según estudio elaborado por la Asamblea General de la ONU  dentro de los Objetivos de Desarrollo Sostenible (SDGs)  estableció en 2015 para este país  un indicador de Lesiones de Carretera de 53sobre 100  siendo 0 el peor resultado y 100 el mejor.;2017-07-27;-1;Homogenea
TL;Fifty_fifty;El país tiene uno de los índices de siniestralidad y muertes por accidentes de tráfico que se encuentra en la media del resto de países del mundo.Según estudio elaborado por la Asamblea General de la ONU  dentro de los Objetivos de Desarrollo Sostenible (SDGs)  estableció en 2015 para este país  un indicador de Lesiones de Carretera de 60sobre 100  siendo 0 el peor resultado y 100 el mejor.;2017-07-27;-1;Homogenea
TG;Fifty_fifty;El país tiene uno de los índices de siniestralidad y muertes por accidentes de tráfico que se encuentra en la media del resto de países del mundo.Según estudio elaborado por la Asamblea General de la ONU  dentro de los Objetivos de Desarrollo Sostenible (SDGs)  estableció en 2015 para este país  un indicador de Lesiones de Carretera de 46sobre 100  siendo 0 el peor resultado y 100 el mejor.;2017-07-27;-1;Homogenea
TO;Fifty_fifty;El país tiene uno de los índices de siniestralidad y muertes por accidentes de tráfico que se encuentra en la media del resto de países del mundo.Según estudio elaborado por la Asamblea General de la ONU  dentro de los Objetivos de Desarrollo Sostenible (SDGs)  estableció en 2015 para este país  un indicador de Lesiones de Carretera de 60sobre 100  siendo 0 el peor resultado y 100 el mejor.;2017-07-27;-1;Homogenea
TT;Fifty_fifty;El país tiene uno de los índices de siniestralidad y muertes por accidentes de tráfico que se encuentra en la media del resto de países del mundo.Según estudio elaborado por la Asamblea General de la ONU  dentro de los Objetivos de Desarrollo Sostenible (SDGs)  estableció en 2015 para este país  un indicador de Lesiones de Carretera de 55sobre 100  siendo 0 el peor resultado y 100 el mejor.;2017-07-27;-1;Homogenea
TN;Fifty_fifty;El país tiene uno de los índices de siniestralidad y muertes por accidentes de tráfico que se encuentra en la media del resto de países del mundo.Según estudio elaborado por la Asamblea General de la ONU  dentro de los Objetivos de Desarrollo Sostenible (SDGs)  estableció en 2015 para este país  un indicador de Lesiones de Carretera de 51sobre 100  siendo 0 el peor resultado y 100 el mejor.;2017-07-27;-1;Homogenea
TR;Fifty_fifty;El país tiene uno de los índices de siniestralidad y muertes por accidentes de tráfico que se encuentra en la media del resto de países del mundo.Según estudio elaborado por la Asamblea General de la ONU  dentro de los Objetivos de Desarrollo Sostenible (SDGs)  estableció en 2015 para este país  un indicador de Lesiones de Carretera de 66sobre 100  siendo 0 el peor resultado y 100 el mejor.;2017-07-27;-1;Homogenea
TM;Fifty_fifty;El país tiene uno de los índices de siniestralidad y muertes por accidentes de tráfico que se encuentra en la media del resto de países del mundo.Según estudio elaborado por la Asamblea General de la ONU  dentro de los Objetivos de Desarrollo Sostenible (SDGs)  estableció en 2015 para este país  un indicador de Lesiones de Carretera de 71sobre 100  siendo 0 el peor resultado y 100 el mejor.;2017-07-27;-1;Homogenea
UG;Fifty_fifty;El país tiene uno de los índices de siniestralidad y muertes por accidentes de tráfico que se encuentra en la media del resto de países del mundo.Según estudio elaborado por la Asamblea General de la ONU  dentro de los Objetivos de Desarrollo Sostenible (SDGs)  estableció en 2015 para este país  un indicador de Lesiones de Carretera de 35sobre 100  siendo 0 el peor resultado y 100 el mejor.;2017-07-27;-1;Homogenea
GB;Probably_not;El país tiene uno de los índices de siniestralidad y muertes por accidentes de tráfico sensiblemente por debajo de la media de los países del mundo. Según estudio elaborado por la Asamblea General de la ONU  dentro de los Objetivos de Desarrollo Sostenible (SDGs)  estableció en 2015 para este país  un indicador de Lesiones de Carretera de 94sobre 100  siendo 0 el peor resultado y 100 el mejor.;2017-07-27;-1;Homogenea
UA;Fifty_fifty;El país tiene uno de los índices de siniestralidad y muertes por accidentes de tráfico que se encuentra en la media del resto de países del mundo.Según estudio elaborado por la Asamblea General de la ONU  dentro de los Objetivos de Desarrollo Sostenible (SDGs)  estableció en 2015 para este país  un indicador de Lesiones de Carretera de 62sobre 100  siendo 0 el peor resultado y 100 el mejor.;2017-07-27;-1;Homogenea
AE;Fifty_fifty;El país tiene uno de los índices de siniestralidad y muertes por accidentes de tráfico que se encuentra en la media del resto de países del mundo.Según estudio elaborado por la Asamblea General de la ONU  dentro de los Objetivos de Desarrollo Sostenible (SDGs)  estableció en 2015 para este país  un indicador de Lesiones de Carretera de 27sobre 100  siendo 0 el peor resultado y 100 el mejor.;2017-07-27;-1;Homogenea
UY;Fifty_fifty;El país tiene uno de los índices de siniestralidad y muertes por accidentes de tráfico que se encuentra en la media del resto de países del mundo.Según estudio elaborado por la Asamblea General de la ONU  dentro de los Objetivos de Desarrollo Sostenible (SDGs)  estableció en 2015 para este país  un indicador de Lesiones de Carretera de 57sobre 100  siendo 0 el peor resultado y 100 el mejor.;2017-07-27;-1;Homogenea
US;Fifty_fifty;El país tiene uno de los índices de siniestralidad y muertes por accidentes de tráfico que se encuentra en la media del resto de países del mundo.Según estudio elaborado por la Asamblea General de la ONU  dentro de los Objetivos de Desarrollo Sostenible (SDGs)  estableció en 2015 para este país  un indicador de Lesiones de Carretera de 64sobre 100  siendo 0 el peor resultado y 100 el mejor.;2017-07-27;-1;Homogenea
UZ;Fifty_fifty;El país tiene uno de los índices de siniestralidad y muertes por accidentes de tráfico que se encuentra en la media del resto de países del mundo.Según estudio elaborado por la Asamblea General de la ONU  dentro de los Objetivos de Desarrollo Sostenible (SDGs)  estableció en 2015 para este país  un indicador de Lesiones de Carretera de 61sobre 100  siendo 0 el peor resultado y 100 el mejor.;2017-07-27;-1;Homogenea
VU;Fifty_fifty;El país tiene uno de los índices de siniestralidad y muertes por accidentes de tráfico que se encuentra en la media del resto de países del mundo.Según estudio elaborado por la Asamblea General de la ONU  dentro de los Objetivos de Desarrollo Sostenible (SDGs)  estableció en 2015 para este país  un indicador de Lesiones de Carretera de 50sobre 100  siendo 0 el peor resultado y 100 el mejor.;2017-07-27;-1;Homogenea
VE;Fifty_fifty;El país tiene uno de los índices de siniestralidad y muertes por accidentes de tráfico que se encuentra en la media del resto de países del mundo.Según estudio elaborado por la Asamblea General de la ONU  dentro de los Objetivos de Desarrollo Sostenible (SDGs)  estableció en 2015 para este país  un indicador de Lesiones de Carretera de 45sobre 100  siendo 0 el peor resultado y 100 el mejor.;2017-07-27;-1;Homogenea
VN;Fifty_fifty;El país tiene uno de los índices de siniestralidad y muertes por accidentes de tráfico que se encuentra en la media del resto de países del mundo.Según estudio elaborado por la Asamblea General de la ONU  dentro de los Objetivos de Desarrollo Sostenible (SDGs)  estableció en 2015 para este país  un indicador de Lesiones de Carretera de 45sobre 100  siendo 0 el peor resultado y 100 el mejor.;2017-07-27;-1;Homogenea
YE;Fifty_fifty;El país tiene uno de los índices de siniestralidad y muertes por accidentes de tráfico que se encuentra en la media del resto de países del mundo.Según estudio elaborado por la Asamblea General de la ONU  dentro de los Objetivos de Desarrollo Sostenible (SDGs)  estableció en 2015 para este país  un indicador de Lesiones de Carretera de 29sobre 100  siendo 0 el peor resultado y 100 el mejor.;2017-07-27;-1;Homogenea
ZM;Fifty_fifty;El país tiene uno de los índices de siniestralidad y muertes por accidentes de tráfico que se encuentra en la media del resto de países del mundo.Según estudio elaborado por la Asamblea General de la ONU  dentro de los Objetivos de Desarrollo Sostenible (SDGs)  estableció en 2015 para este país  un indicador de Lesiones de Carretera de 33sobre 100  siendo 0 el peor resultado y 100 el mejor.;2017-07-27;-1;Homogenea
ZW;Fifty_fifty;El país tiene uno de los índices de siniestralidad y muertes por accidentes de tráfico que se encuentra en la media del resto de países del mundo.Según estudio elaborado por la Asamblea General de la ONU  dentro de los Objetivos de Desarrollo Sostenible (SDGs)  estableció en 2015 para este país  un indicador de Lesiones de Carretera de 31sobre 100  siendo 0 el peor resultado y 100 el mejor.;2017-07-27;-1;Homogenea
