Riesgo->F:ISO_3166_1_alpha2_to_lugar(lugar);A:peligro(193);probabilidad;texto;text;A:fechaActivacion(2017-07-27);A:caducidad(-1);A:formulaDisipacion(Homogenea)
AF;Fifty_fifty;Existe riesgo de Tuberculosis en el país. Según estudio elaborado por la Asamblea General de la ONU, dentro de los Objetivos de Desarrollo Sostenible (SDGs), estableció en 2015 para este país, un indicador  de 45 sobre 100, siendo 0 el peor resultado y 100 el mejor.;There is a risk of Tuberculosis in the country.
AL;Probably_not;El riesgo de Tuberculosis en el país se encuentra por debajo de la media del resto de países del mundo. Según estudio elaborado por la Asamblea General de la ONU, dentro de los Objetivos de Desarrollo Sostenible (SDGs), estableció en 2015 para este país, un indicador  de 75 sobre 100, siendo 0 el peor resultado y 100 el mejor.;The risk of Tuberculosis in the country is below the average of other countries in the world.
DZ;Fifty_fifty;Existe riesgo de Tuberculosis en el país. Según estudio elaborado por la Asamblea General de la ONU, dentro de los Objetivos de Desarrollo Sostenible (SDGs), estableció en 2015 para este país, un indicador  de 54 sobre 100, siendo 0 el peor resultado y 100 el mejor.;There is a risk of Tuberculosis in the country.
AD;Fifty_fifty;Existe riesgo de Tuberculosis en el país. Según estudio elaborado por la Asamblea General de la ONU, dentro de los Objetivos de Desarrollo Sostenible (SDGs), estableció en 2015 para este país, un indicador  de 70 sobre 100, siendo 0 el peor resultado y 100 el mejor.;There is a risk of Tuberculosis in the country.
AO;Fifty_fifty;Existe riesgo de Tuberculosis en el país. Según estudio elaborado por la Asamblea General de la ONU, dentro de los Objetivos de Desarrollo Sostenible (SDGs), estableció en 2015 para este país, un indicador  de 28 sobre 100, siendo 0 el peor resultado y 100 el mejor.;There is a risk of Tuberculosis in the country.
AG;Fifty_fifty;Existe riesgo de Tuberculosis en el país. Según estudio elaborado por la Asamblea General de la ONU, dentro de los Objetivos de Desarrollo Sostenible (SDGs), estableció en 2015 para este país, un indicador  de 63 sobre 100, siendo 0 el peor resultado y 100 el mejor.;There is a risk of Tuberculosis in the country.
AR;Fifty_fifty;Existe riesgo de Tuberculosis en el país. Según estudio elaborado por la Asamblea General de la ONU, dentro de los Objetivos de Desarrollo Sostenible (SDGs), estableció en 2015 para este país, un indicador  de 59 sobre 100, siendo 0 el peor resultado y 100 el mejor.;There is a risk of Tuberculosis in the country.
AM;Fifty_fifty;Existe riesgo de Tuberculosis en el país. Según estudio elaborado por la Asamblea General de la ONU, dentro de los Objetivos de Desarrollo Sostenible (SDGs), estableció en 2015 para este país, un indicador  de 60 sobre 100, siendo 0 el peor resultado y 100 el mejor.;There is a risk of Tuberculosis in the country.
AU;Probably_not;El riesgo de Tuberculosis en el país se encuentra por debajo de la media del resto de países del mundo. Según estudio elaborado por la Asamblea General de la ONU, dentro de los Objetivos de Desarrollo Sostenible (SDGs), estableció en 2015 para este país, un indicador  de 87 sobre 100, siendo 0 el peor resultado y 100 el mejor.;The risk of Tuberculosis in the country is below the average of other countries in the world.
AT;Probably_not;El riesgo de Tuberculosis en el país se encuentra por debajo de la media del resto de países del mundo. Según estudio elaborado por la Asamblea General de la ONU, dentro de los Objetivos de Desarrollo Sostenible (SDGs), estableció en 2015 para este país, un indicador  de 82 sobre 100, siendo 0 el peor resultado y 100 el mejor.;The risk of Tuberculosis in the country is below the average of other countries in the world.
AZ;Fifty_fifty;Existe riesgo de Tuberculosis en el país. Según estudio elaborado por la Asamblea General de la ONU, dentro de los Objetivos de Desarrollo Sostenible (SDGs), estableció en 2015 para este país, un indicador  de 45 sobre 100, siendo 0 el peor resultado y 100 el mejor.;There is a risk of Tuberculosis in the country.
BH;Fifty_fifty;Existe riesgo de Tuberculosis en el país. Según estudio elaborado por la Asamblea General de la ONU, dentro de los Objetivos de Desarrollo Sostenible (SDGs), estableció en 2015 para este país, un indicador  de 66 sobre 100, siendo 0 el peor resultado y 100 el mejor.;There is a risk of Tuberculosis in the country.
BD;Fifty_fifty;Existe riesgo de Tuberculosis en el país. Según estudio elaborado por la Asamblea General de la ONU, dentro de los Objetivos de Desarrollo Sostenible (SDGs), estableció en 2015 para este país, un indicador  de 43 sobre 100, siendo 0 el peor resultado y 100 el mejor.;There is a risk of Tuberculosis in the country.
BB;Fifty_fifty;Existe riesgo de Tuberculosis en el país. Según estudio elaborado por la Asamblea General de la ONU, dentro de los Objetivos de Desarrollo Sostenible (SDGs), estableció en 2015 para este país, un indicador  de 67 sobre 100, siendo 0 el peor resultado y 100 el mejor.;There is a risk of Tuberculosis in the country.
BY;Fifty_fifty;Existe riesgo de Tuberculosis en el país. Según estudio elaborado por la Asamblea General de la ONU, dentro de los Objetivos de Desarrollo Sostenible (SDGs), estableció en 2015 para este país, un indicador  de 54 sobre 100, siendo 0 el peor resultado y 100 el mejor.;There is a risk of Tuberculosis in the country.
BE;Probably_not;El riesgo de Tuberculosis en el país se encuentra por debajo de la media del resto de países del mundo. Según estudio elaborado por la Asamblea General de la ONU, dentro de los Objetivos de Desarrollo Sostenible (SDGs), estableció en 2015 para este país, un indicador  de 81 sobre 100, siendo 0 el peor resultado y 100 el mejor.;The risk of Tuberculosis in the country is below the average of other countries in the world.
BZ;Fifty_fifty;Existe riesgo de Tuberculosis en el país. Según estudio elaborado por la Asamblea General de la ONU, dentro de los Objetivos de Desarrollo Sostenible (SDGs), estableció en 2015 para este país, un indicador  de 52 sobre 100, siendo 0 el peor resultado y 100 el mejor.;There is a risk of Tuberculosis in the country.
BJ;Fifty_fifty;Existe riesgo de Tuberculosis en el país. Según estudio elaborado por la Asamblea General de la ONU, dentro de los Objetivos de Desarrollo Sostenible (SDGs), estableció en 2015 para este país, un indicador  de 40 sobre 100, siendo 0 el peor resultado y 100 el mejor.;There is a risk of Tuberculosis in the country.
BT;Fifty_fifty;Existe riesgo de Tuberculosis en el país. Según estudio elaborado por la Asamblea General de la ONU, dentro de los Objetivos de Desarrollo Sostenible (SDGs), estableció en 2015 para este país, un indicador  de 35 sobre 100, siendo 0 el peor resultado y 100 el mejor.;There is a risk of Tuberculosis in the country.
BO;Fifty_fifty;Existe riesgo de Tuberculosis en el país. Según estudio elaborado por la Asamblea General de la ONU, dentro de los Objetivos de Desarrollo Sostenible (SDGs), estableció en 2015 para este país, un indicador  de 50 sobre 100, siendo 0 el peor resultado y 100 el mejor.;There is a risk of Tuberculosis in the country.
BA;Fifty_fifty;Existe riesgo de Tuberculosis en el país. Según estudio elaborado por la Asamblea General de la ONU, dentro de los Objetivos de Desarrollo Sostenible (SDGs), estableció en 2015 para este país, un indicador  de 64 sobre 100, siendo 0 el peor resultado y 100 el mejor.;There is a risk of Tuberculosis in the country.
BW;Almost_certain;El riesgo de Tuberculosis en el país es alto y se encuentra entre los países con riesgo más elevado. Según estudio elaborado por la Asamblea General de la ONU, dentro de los Objetivos de Desarrollo Sostenible (SDGs), estableció en 2015 para este país, un indicador  de 5 sobre 100, siendo 0 el peor resultado y 100 el mejor.;The risk of Tuberculosis in the country is high and is among the countries with the highest risk.
BR;Fifty_fifty;Existe riesgo de Tuberculosis en el país. Según estudio elaborado por la Asamblea General de la ONU, dentro de los Objetivos de Desarrollo Sostenible (SDGs), estableció en 2015 para este país, un indicador  de 58 sobre 100, siendo 0 el peor resultado y 100 el mejor.;There is a risk of Tuberculosis in the country.
BN;Fifty_fifty;Existe riesgo de Tuberculosis en el país. Según estudio elaborado por la Asamblea General de la ONU, dentro de los Objetivos de Desarrollo Sostenible (SDGs), estableció en 2015 para este país, un indicador  de 49 sobre 100, siendo 0 el peor resultado y 100 el mejor.;There is a risk of Tuberculosis in the country.
BG;Fifty_fifty;Existe riesgo de Tuberculosis en el país. Según estudio elaborado por la Asamblea General de la ONU, dentro de los Objetivos de Desarrollo Sostenible (SDGs), estableció en 2015 para este país, un indicador  de 63 sobre 100, siendo 0 el peor resultado y 100 el mejor.;There is a risk of Tuberculosis in the country.
BF;Fifty_fifty;Existe riesgo de Tuberculosis en el país. Según estudio elaborado por la Asamblea General de la ONU, dentro de los Objetivos de Desarrollo Sostenible (SDGs), estableció en 2015 para este país, un indicador  de 36 sobre 100, siendo 0 el peor resultado y 100 el mejor.;There is a risk of Tuberculosis in the country.
BI;Fifty_fifty;Existe riesgo de Tuberculosis en el país. Según estudio elaborado por la Asamblea General de la ONU, dentro de los Objetivos de Desarrollo Sostenible (SDGs), estableció en 2015 para este país, un indicador  de 34 sobre 100, siendo 0 el peor resultado y 100 el mejor.;There is a risk of Tuberculosis in the country.
KH;Fifty_fifty;Existe riesgo de Tuberculosis en el país. Según estudio elaborado por la Asamblea General de la ONU, dentro de los Objetivos de Desarrollo Sostenible (SDGs), estableció en 2015 para este país, un indicador  de 38 sobre 100, siendo 0 el peor resultado y 100 el mejor.;There is a risk of Tuberculosis in the country.
CM;Fifty_fifty;Existe riesgo de Tuberculosis en el país. Según estudio elaborado por la Asamblea General de la ONU, dentro de los Objetivos de Desarrollo Sostenible (SDGs), estableció en 2015 para este país, un indicador  de 36 sobre 100, siendo 0 el peor resultado y 100 el mejor.;There is a risk of Tuberculosis in the country.
CA;Probably_not;El riesgo de Tuberculosis en el país se encuentra por debajo de la media del resto de países del mundo. Según estudio elaborado por la Asamblea General de la ONU, dentro de los Objetivos de Desarrollo Sostenible (SDGs), estableció en 2015 para este país, un indicador  de 93 sobre 100, siendo 0 el peor resultado y 100 el mejor.;The risk of Tuberculosis in the country is below the average of other countries in the world.
CV;Fifty_fifty;Existe riesgo de Tuberculosis en el país. Según estudio elaborado por la Asamblea General de la ONU, dentro de los Objetivos de Desarrollo Sostenible (SDGs), estableció en 2015 para este país, un indicador  de 54 sobre 100, siendo 0 el peor resultado y 100 el mejor.;There is a risk of Tuberculosis in the country.
CF;Probable;El riesgo de Tuberculosis en el país el alto, se encuentra por encima de la media del resto de países. Según estudio elaborado por la Asamblea General de la ONU, dentro de los Objetivos de Desarrollo Sostenible (SDGs), estableció en 2015 para este país, un indicador  de 24 sobre 100, siendo 0 el peor resultado y 100 el mejor.;The country's high Tuberculosis risk is above the average in other countries.
TD;Fifty_fifty;Existe riesgo de Tuberculosis en el país. Según estudio elaborado por la Asamblea General de la ONU, dentro de los Objetivos de Desarrollo Sostenible (SDGs), estableció en 2015 para este país, un indicador  de 33 sobre 100, siendo 0 el peor resultado y 100 el mejor.;There is a risk of Tuberculosis in the country.
CL;Fifty_fifty;Existe riesgo de Tuberculosis en el país. Según estudio elaborado por la Asamblea General de la ONU, dentro de los Objetivos de Desarrollo Sostenible (SDGs), estableció en 2015 para este país, un indicador  de 62 sobre 100, siendo 0 el peor resultado y 100 el mejor.;There is a risk of Tuberculosis in the country.
CN;Fifty_fifty;Existe riesgo de Tuberculosis en el país. Según estudio elaborado por la Asamblea General de la ONU, dentro de los Objetivos de Desarrollo Sostenible (SDGs), estableció en 2015 para este país, un indicador  de 45 sobre 100, siendo 0 el peor resultado y 100 el mejor.;There is a risk of Tuberculosis in the country.
CO;Fifty_fifty;Existe riesgo de Tuberculosis en el país. Según estudio elaborado por la Asamblea General de la ONU, dentro de los Objetivos de Desarrollo Sostenible (SDGs), estableció en 2015 para este país, un indicador  de 63 sobre 100, siendo 0 el peor resultado y 100 el mejor.;There is a risk of Tuberculosis in the country.
KM;Fifty_fifty;Existe riesgo de Tuberculosis en el país. Según estudio elaborado por la Asamblea General de la ONU, dentro de los Objetivos de Desarrollo Sostenible (SDGs), estableció en 2015 para este país, un indicador  de 44 sobre 100, siendo 0 el peor resultado y 100 el mejor.;There is a risk of Tuberculosis in the country.
CG;Fifty_fifty;Existe riesgo de Tuberculosis en el país. Según estudio elaborado por la Asamblea General de la ONU, dentro de los Objetivos de Desarrollo Sostenible (SDGs), estableció en 2015 para este país, un indicador  de 33 sobre 100, siendo 0 el peor resultado y 100 el mejor.;There is a risk of Tuberculosis in the country.
CR;Fifty_fifty;Existe riesgo de Tuberculosis en el país. Según estudio elaborado por la Asamblea General de la ONU, dentro de los Objetivos de Desarrollo Sostenible (SDGs), estableció en 2015 para este país, un indicador  de 73 sobre 100, siendo 0 el peor resultado y 100 el mejor.;There is a risk of Tuberculosis in the country.
CI;Fifty_fifty;Existe riesgo de Tuberculosis en el país. Según estudio elaborado por la Asamblea General de la ONU, dentro de los Objetivos de Desarrollo Sostenible (SDGs), estableció en 2015 para este país, un indicador  de 34 sobre 100, siendo 0 el peor resultado y 100 el mejor.;There is a risk of Tuberculosis in the country.
HR;Fifty_fifty;Existe riesgo de Tuberculosis en el país. Según estudio elaborado por la Asamblea General de la ONU, dentro de los Objetivos de Desarrollo Sostenible (SDGs), estableció en 2015 para este país, un indicador  de 69 sobre 100, siendo 0 el peor resultado y 100 el mejor.;There is a risk of Tuberculosis in the country.
CU;Probably_not;El riesgo de Tuberculosis en el país se encuentra por debajo de la media del resto de países del mundo. Según estudio elaborado por la Asamblea General de la ONU, dentro de los Objetivos de Desarrollo Sostenible (SDGs), estableció en 2015 para este país, un indicador  de 79 sobre 100, siendo 0 el peor resultado y 100 el mejor.;The risk of Tuberculosis in the country is below the average of other countries in the world.
CY;Probably_not;El riesgo de Tuberculosis en el país se encuentra por debajo de la media del resto de países del mundo. Según estudio elaborado por la Asamblea General de la ONU, dentro de los Objetivos de Desarrollo Sostenible (SDGs), estableció en 2015 para este país, un indicador  de 85 sobre 100, siendo 0 el peor resultado y 100 el mejor.;The risk of Tuberculosis in the country is below the average of other countries in the world.
CZ;Probably_not;El riesgo de Tuberculosis en el país se encuentra por debajo de la media del resto de países del mundo. Según estudio elaborado por la Asamblea General de la ONU, dentro de los Objetivos de Desarrollo Sostenible (SDGs), estableció en 2015 para este país, un indicador  de 81 sobre 100, siendo 0 el peor resultado y 100 el mejor.;The risk of Tuberculosis in the country is below the average of other countries in the world.
CD;Fifty_fifty;Existe riesgo de Tuberculosis en el país. Según estudio elaborado por la Asamblea General de la ONU, dentro de los Objetivos de Desarrollo Sostenible (SDGs), estableció en 2015 para este país, un indicador  de 30 sobre 100, siendo 0 el peor resultado y 100 el mejor.;There is a risk of Tuberculosis in the country.
DK;Probably_not;El riesgo de Tuberculosis en el país se encuentra por debajo de la media del resto de países del mundo. Según estudio elaborado por la Asamblea General de la ONU, dentro de los Objetivos de Desarrollo Sostenible (SDGs), estableció en 2015 para este país, un indicador  de 85 sobre 100, siendo 0 el peor resultado y 100 el mejor.;The risk of Tuberculosis in the country is below the average of other countries in the world.
DJ;Fifty_fifty;Existe riesgo de Tuberculosis en el país. Según estudio elaborado por la Asamblea General de la ONU, dentro de los Objetivos de Desarrollo Sostenible (SDGs), estableció en 2015 para este país, un indicador  de 34 sobre 100, siendo 0 el peor resultado y 100 el mejor.;There is a risk of Tuberculosis in the country.
DM;Fifty_fifty;Existe riesgo de Tuberculosis en el país. Según estudio elaborado por la Asamblea General de la ONU, dentro de los Objetivos de Desarrollo Sostenible (SDGs), estableció en 2015 para este país, un indicador  de 59 sobre 100, siendo 0 el peor resultado y 100 el mejor.;There is a risk of Tuberculosis in the country.
DO;Fifty_fifty;Existe riesgo de Tuberculosis en el país. Según estudio elaborado por la Asamblea General de la ONU, dentro de los Objetivos de Desarrollo Sostenible (SDGs), estableció en 2015 para este país, un indicador  de 50 sobre 100, siendo 0 el peor resultado y 100 el mejor.;There is a risk of Tuberculosis in the country.
EC;Fifty_fifty;Existe riesgo de Tuberculosis en el país. Según estudio elaborado por la Asamblea General de la ONU, dentro de los Objetivos de Desarrollo Sostenible (SDGs), estableció en 2015 para este país, un indicador  de 51 sobre 100, siendo 0 el peor resultado y 100 el mejor.;There is a risk of Tuberculosis in the country.
EG;Fifty_fifty;Existe riesgo de Tuberculosis en el país. Según estudio elaborado por la Asamblea General de la ONU, dentro de los Objetivos de Desarrollo Sostenible (SDGs), estableció en 2015 para este país, un indicador  de 73 sobre 100, siendo 0 el peor resultado y 100 el mejor.;There is a risk of Tuberculosis in the country.
SV;Fifty_fifty;Existe riesgo de Tuberculosis en el país. Según estudio elaborado por la Asamblea General de la ONU, dentro de los Objetivos de Desarrollo Sostenible (SDGs), estableció en 2015 para este país, un indicador  de 69 sobre 100, siendo 0 el peor resultado y 100 el mejor.;There is a risk of Tuberculosis in the country.
GQ;Fifty_fifty;Existe riesgo de Tuberculosis en el país. Según estudio elaborado por la Asamblea General de la ONU, dentro de los Objetivos de Desarrollo Sostenible (SDGs), estableció en 2015 para este país, un indicador  de 28 sobre 100, siendo 0 el peor resultado y 100 el mejor.;There is a risk of Tuberculosis in the country.
ER;Fifty_fifty;Existe riesgo de Tuberculosis en el país. Según estudio elaborado por la Asamblea General de la ONU, dentro de los Objetivos de Desarrollo Sostenible (SDGs), estableció en 2015 para este país, un indicador  de 37 sobre 100, siendo 0 el peor resultado y 100 el mejor.;There is a risk of Tuberculosis in the country.
EE;Fifty_fifty;Existe riesgo de Tuberculosis en el país. Según estudio elaborado por la Asamblea General de la ONU, dentro de los Objetivos de Desarrollo Sostenible (SDGs), estableció en 2015 para este país, un indicador  de 56 sobre 100, siendo 0 el peor resultado y 100 el mejor.;There is a risk of Tuberculosis in the country.
ET;Fifty_fifty;Existe riesgo de Tuberculosis en el país. Según estudio elaborado por la Asamblea General de la ONU, dentro de los Objetivos de Desarrollo Sostenible (SDGs), estableció en 2015 para este país, un indicador  de 32 sobre 100, siendo 0 el peor resultado y 100 el mejor.;There is a risk of Tuberculosis in the country.
FM;Fifty_fifty;Existe riesgo de Tuberculosis en el país. Según estudio elaborado por la Asamblea General de la ONU, dentro de los Objetivos de Desarrollo Sostenible (SDGs), estableció en 2015 para este país, un indicador  de 53 sobre 100, siendo 0 el peor resultado y 100 el mejor.;There is a risk of Tuberculosis in the country.
FJ;Fifty_fifty;Existe riesgo de Tuberculosis en el país. Según estudio elaborado por la Asamblea General de la ONU, dentro de los Objetivos de Desarrollo Sostenible (SDGs), estableció en 2015 para este país, un indicador  de 59 sobre 100, siendo 0 el peor resultado y 100 el mejor.;There is a risk of Tuberculosis in the country.
FI;Probably_not;El riesgo de Tuberculosis en el país se encuentra por debajo de la media del resto de países del mundo. Según estudio elaborado por la Asamblea General de la ONU, dentro de los Objetivos de Desarrollo Sostenible (SDGs), estableció en 2015 para este país, un indicador  de 84 sobre 100, siendo 0 el peor resultado y 100 el mejor.;The risk of Tuberculosis in the country is below the average of other countries in the world.
FR;Probably_not;El riesgo de Tuberculosis en el país se encuentra por debajo de la media del resto de países del mundo. Según estudio elaborado por la Asamblea General de la ONU, dentro de los Objetivos de Desarrollo Sostenible (SDGs), estableció en 2015 para este país, un indicador  de 80 sobre 100, siendo 0 el peor resultado y 100 el mejor.;The risk of Tuberculosis in the country is below the average of other countries in the world.
GA;Fifty_fifty;Existe riesgo de Tuberculosis en el país. Según estudio elaborado por la Asamblea General de la ONU, dentro de los Objetivos de Desarrollo Sostenible (SDGs), estableció en 2015 para este país, un indicador  de 28 sobre 100, siendo 0 el peor resultado y 100 el mejor.;There is a risk of Tuberculosis in the country.
GE;Fifty_fifty;Existe riesgo de Tuberculosis en el país. Según estudio elaborado por la Asamblea General de la ONU, dentro de los Objetivos de Desarrollo Sostenible (SDGs), estableció en 2015 para este país, un indicador  de 54 sobre 100, siendo 0 el peor resultado y 100 el mejor.;There is a risk of Tuberculosis in the country.
DE;Probably_not;El riesgo de Tuberculosis en el país se encuentra por debajo de la media del resto de países del mundo. Según estudio elaborado por la Asamblea General de la ONU, dentro de los Objetivos de Desarrollo Sostenible (SDGs), estableció en 2015 para este país, un indicador  de 86 sobre 100, siendo 0 el peor resultado y 100 el mejor.;The risk of Tuberculosis in the country is below the average of other countries in the world.
GH;Fifty_fifty;Existe riesgo de Tuberculosis en el país. Según estudio elaborado por la Asamblea General de la ONU, dentro de los Objetivos de Desarrollo Sostenible (SDGs), estableció en 2015 para este país, un indicador  de 39 sobre 100, siendo 0 el peor resultado y 100 el mejor.;There is a risk of Tuberculosis in the country.
GR;Probably_not;El riesgo de Tuberculosis en el país se encuentra por debajo de la media del resto de países del mundo. Según estudio elaborado por la Asamblea General de la ONU, dentro de los Objetivos de Desarrollo Sostenible (SDGs), estableció en 2015 para este país, un indicador  de 84 sobre 100, siendo 0 el peor resultado y 100 el mejor.;The risk of Tuberculosis in the country is below the average of other countries in the world.
GD;Fifty_fifty;Existe riesgo de Tuberculosis en el país. Según estudio elaborado por la Asamblea General de la ONU, dentro de los Objetivos de Desarrollo Sostenible (SDGs), estableció en 2015 para este país, un indicador  de 68 sobre 100, siendo 0 el peor resultado y 100 el mejor.;There is a risk of Tuberculosis in the country.
GT;Fifty_fifty;Existe riesgo de Tuberculosis en el país. Según estudio elaborado por la Asamblea General de la ONU, dentro de los Objetivos de Desarrollo Sostenible (SDGs), estableció en 2015 para este país, un indicador  de 60 sobre 100, siendo 0 el peor resultado y 100 el mejor.;There is a risk of Tuberculosis in the country.
GN;Fifty_fifty;Existe riesgo de Tuberculosis en el país. Según estudio elaborado por la Asamblea General de la ONU, dentro de los Objetivos de Desarrollo Sostenible (SDGs), estableció en 2015 para este país, un indicador  de 36 sobre 100, siendo 0 el peor resultado y 100 el mejor.;There is a risk of Tuberculosis in the country.
GW;Fifty_fifty;Existe riesgo de Tuberculosis en el país. Según estudio elaborado por la Asamblea General de la ONU, dentro de los Objetivos de Desarrollo Sostenible (SDGs), estableció en 2015 para este país, un indicador  de 30 sobre 100, siendo 0 el peor resultado y 100 el mejor.;There is a risk of Tuberculosis in the country.
GY;Fifty_fifty;Existe riesgo de Tuberculosis en el país. Según estudio elaborado por la Asamblea General de la ONU, dentro de los Objetivos de Desarrollo Sostenible (SDGs), estableció en 2015 para este país, un indicador  de 43 sobre 100, siendo 0 el peor resultado y 100 el mejor.;There is a risk of Tuberculosis in the country.
HT;Fifty_fifty;Existe riesgo de Tuberculosis en el país. Según estudio elaborado por la Asamblea General de la ONU, dentro de los Objetivos de Desarrollo Sostenible (SDGs), estableció en 2015 para este país, un indicador  de 51 sobre 100, siendo 0 el peor resultado y 100 el mejor.;There is a risk of Tuberculosis in the country.
HN;Fifty_fifty;Existe riesgo de Tuberculosis en el país. Según estudio elaborado por la Asamblea General de la ONU, dentro de los Objetivos de Desarrollo Sostenible (SDGs), estableció en 2015 para este país, un indicador  de 55 sobre 100, siendo 0 el peor resultado y 100 el mejor.;There is a risk of Tuberculosis in the country.
HU;Probably_not;El riesgo de Tuberculosis en el país se encuentra por debajo de la media del resto de países del mundo. Según estudio elaborado por la Asamblea General de la ONU, dentro de los Objetivos de Desarrollo Sostenible (SDGs), estableció en 2015 para este país, un indicador  de 75 sobre 100, siendo 0 el peor resultado y 100 el mejor.;The risk of Tuberculosis in the country is below the average of other countries in the world.
IS;Fifty_fifty;Existe riesgo de Tuberculosis en el país. Según estudio elaborado por la Asamblea General de la ONU, dentro de los Objetivos de Desarrollo Sostenible (SDGs), estableció en 2015 para este país, un indicador  de 69 sobre 100, siendo 0 el peor resultado y 100 el mejor.;There is a risk of Tuberculosis in the country.
IN;Fifty_fifty;Existe riesgo de Tuberculosis en el país. Según estudio elaborado por la Asamblea General de la ONU, dentro de los Objetivos de Desarrollo Sostenible (SDGs), estableció en 2015 para este país, un indicador  de 34 sobre 100, siendo 0 el peor resultado y 100 el mejor.;There is a risk of Tuberculosis in the country.
ID;Fifty_fifty;Existe riesgo de Tuberculosis en el país. Según estudio elaborado por la Asamblea General de la ONU, dentro de los Objetivos de Desarrollo Sostenible (SDGs), estableció en 2015 para este país, un indicador  de 27 sobre 100, siendo 0 el peor resultado y 100 el mejor.;There is a risk of Tuberculosis in the country.
IR;Fifty_fifty;Existe riesgo de Tuberculosis en el país. Según estudio elaborado por la Asamblea General de la ONU, dentro de los Objetivos de Desarrollo Sostenible (SDGs), estableció en 2015 para este país, un indicador  de 63 sobre 100, siendo 0 el peor resultado y 100 el mejor.;There is a risk of Tuberculosis in the country.
IQ;Fifty_fifty;Existe riesgo de Tuberculosis en el país. Según estudio elaborado por la Asamblea General de la ONU, dentro de los Objetivos de Desarrollo Sostenible (SDGs), estableció en 2015 para este país, un indicador  de 53 sobre 100, siendo 0 el peor resultado y 100 el mejor.;There is a risk of Tuberculosis in the country.
IE;Probably_not;El riesgo de Tuberculosis en el país se encuentra por debajo de la media del resto de países del mundo. Según estudio elaborado por la Asamblea General de la ONU, dentro de los Objetivos de Desarrollo Sostenible (SDGs), estableció en 2015 para este país, un indicador  de 80 sobre 100, siendo 0 el peor resultado y 100 el mejor.;The risk of Tuberculosis in the country is below the average of other countries in the world.
IL;Probably_not;El riesgo de Tuberculosis en el país se encuentra por debajo de la media del resto de países del mundo. Según estudio elaborado por la Asamblea General de la ONU, dentro de los Objetivos de Desarrollo Sostenible (SDGs), estableció en 2015 para este país, un indicador  de 82 sobre 100, siendo 0 el peor resultado y 100 el mejor.;The risk of Tuberculosis in the country is below the average of other countries in the world.
IT;Probably_not;El riesgo de Tuberculosis en el país se encuentra por debajo de la media del resto de países del mundo. Según estudio elaborado por la Asamblea General de la ONU, dentro de los Objetivos de Desarrollo Sostenible (SDGs), estableció en 2015 para este país, un indicador  de 87 sobre 100, siendo 0 el peor resultado y 100 el mejor.;The risk of Tuberculosis in the country is below the average of other countries in the world.
JM;Probably_not;El riesgo de Tuberculosis en el país se encuentra por debajo de la media del resto de países del mundo. Según estudio elaborado por la Asamblea General de la ONU, dentro de los Objetivos de Desarrollo Sostenible (SDGs), estableció en 2015 para este país, un indicador  de 81 sobre 100, siendo 0 el peor resultado y 100 el mejor.;The risk of Tuberculosis in the country is below the average of other countries in the world.
JP;Fifty_fifty;Existe riesgo de Tuberculosis en el país. Según estudio elaborado por la Asamblea General de la ONU, dentro de los Objetivos de Desarrollo Sostenible (SDGs), estableció en 2015 para este país, un indicador  de 74 sobre 100, siendo 0 el peor resultado y 100 el mejor.;There is a risk of Tuberculosis in the country.
JO;Probably_not;El riesgo de Tuberculosis en el país se encuentra por debajo de la media del resto de países del mundo. Según estudio elaborado por la Asamblea General de la ONU, dentro de los Objetivos de Desarrollo Sostenible (SDGs), estableció en 2015 para este país, un indicador  de 83 sobre 100, siendo 0 el peor resultado y 100 el mejor.;The risk of Tuberculosis in the country is below the average of other countries in the world.
KZ;Fifty_fifty;Existe riesgo de Tuberculosis en el país. Según estudio elaborado por la Asamblea General de la ONU, dentro de los Objetivos de Desarrollo Sostenible (SDGs), estableció en 2015 para este país, un indicador  de 37 sobre 100, siendo 0 el peor resultado y 100 el mejor.;There is a risk of Tuberculosis in the country.
KE;Fifty_fifty;Existe riesgo de Tuberculosis en el país. Según estudio elaborado por la Asamblea General de la ONU, dentro de los Objetivos de Desarrollo Sostenible (SDGs), estableció en 2015 para este país, un indicador  de 37 sobre 100, siendo 0 el peor resultado y 100 el mejor.;There is a risk of Tuberculosis in the country.
KI;Fifty_fifty;Existe riesgo de Tuberculosis en el país. Según estudio elaborado por la Asamblea General de la ONU, dentro de los Objetivos de Desarrollo Sostenible (SDGs), estableció en 2015 para este país, un indicador  de 36 sobre 100, siendo 0 el peor resultado y 100 el mejor.;There is a risk of Tuberculosis in the country.
KW;Fifty_fifty;Existe riesgo de Tuberculosis en el país. Según estudio elaborado por la Asamblea General de la ONU, dentro de los Objetivos de Desarrollo Sostenible (SDGs), estableció en 2015 para este país, un indicador  de 64 sobre 100, siendo 0 el peor resultado y 100 el mejor.;There is a risk of Tuberculosis in the country.
KG;Fifty_fifty;Existe riesgo de Tuberculosis en el país. Según estudio elaborado por la Asamblea General de la ONU, dentro de los Objetivos de Desarrollo Sostenible (SDGs), estableció en 2015 para este país, un indicador  de 49 sobre 100, siendo 0 el peor resultado y 100 el mejor.;There is a risk of Tuberculosis in the country.
LA;Fifty_fifty;Existe riesgo de Tuberculosis en el país. Según estudio elaborado por la Asamblea General de la ONU, dentro de los Objetivos de Desarrollo Sostenible (SDGs), estableció en 2015 para este país, un indicador  de 42 sobre 100, siendo 0 el peor resultado y 100 el mejor.;There is a risk of Tuberculosis in the country.
LV;Fifty_fifty;Existe riesgo de Tuberculosis en el país. Según estudio elaborado por la Asamblea General de la ONU, dentro de los Objetivos de Desarrollo Sostenible (SDGs), estableció en 2015 para este país, un indicador  de 54 sobre 100, siendo 0 el peor resultado y 100 el mejor.;There is a risk of Tuberculosis in the country.
LB;Fifty_fifty;Existe riesgo de Tuberculosis en el país. Según estudio elaborado por la Asamblea General de la ONU, dentro de los Objetivos de Desarrollo Sostenible (SDGs), estableció en 2015 para este país, un indicador  de 73 sobre 100, siendo 0 el peor resultado y 100 el mejor.;There is a risk of Tuberculosis in the country.
LS;Almost_certain;El riesgo de Tuberculosis en el país es alto y se encuentra entre los países con riesgo más elevado. Según estudio elaborado por la Asamblea General de la ONU, dentro de los Objetivos de Desarrollo Sostenible (SDGs), estableció en 2015 para este país, un indicador  de 5 sobre 100, siendo 0 el peor resultado y 100 el mejor.;The risk of Tuberculosis in the country is high and is among the countries with the highest risk.
LR;Fifty_fifty;Existe riesgo de Tuberculosis en el país. Según estudio elaborado por la Asamblea General de la ONU, dentro de los Objetivos de Desarrollo Sostenible (SDGs), estableció en 2015 para este país, un indicador  de 32 sobre 100, siendo 0 el peor resultado y 100 el mejor.;There is a risk of Tuberculosis in the country.
LY;Fifty_fifty;Existe riesgo de Tuberculosis en el país. Según estudio elaborado por la Asamblea General de la ONU, dentro de los Objetivos de Desarrollo Sostenible (SDGs), estableció en 2015 para este país, un indicador  de 65 sobre 100, siendo 0 el peor resultado y 100 el mejor.;There is a risk of Tuberculosis in the country.
LT;Fifty_fifty;Existe riesgo de Tuberculosis en el país. Según estudio elaborado por la Asamblea General de la ONU, dentro de los Objetivos de Desarrollo Sostenible (SDGs), estableció en 2015 para este país, un indicador  de 47 sobre 100, siendo 0 el peor resultado y 100 el mejor.;There is a risk of Tuberculosis in the country.
LU;Probably_not;El riesgo de Tuberculosis en el país se encuentra por debajo de la media del resto de países del mundo. Según estudio elaborado por la Asamblea General de la ONU, dentro de los Objetivos de Desarrollo Sostenible (SDGs), estableció en 2015 para este país, un indicador  de 77 sobre 100, siendo 0 el peor resultado y 100 el mejor.;The risk of Tuberculosis in the country is below the average of other countries in the world.
MK;Fifty_fifty;Existe riesgo de Tuberculosis en el país. Según estudio elaborado por la Asamblea General de la ONU, dentro de los Objetivos de Desarrollo Sostenible (SDGs), estableció en 2015 para este país, un indicador  de 68 sobre 100, siendo 0 el peor resultado y 100 el mejor.;There is a risk of Tuberculosis in the country.
MG;Fifty_fifty;Existe riesgo de Tuberculosis en el país. Según estudio elaborado por la Asamblea General de la ONU, dentro de los Objetivos de Desarrollo Sostenible (SDGs), estableció en 2015 para este país, un indicador  de 41 sobre 100, siendo 0 el peor resultado y 100 el mejor.;There is a risk of Tuberculosis in the country.
MW;Fifty_fifty;Existe riesgo de Tuberculosis en el país. Según estudio elaborado por la Asamblea General de la ONU, dentro de los Objetivos de Desarrollo Sostenible (SDGs), estableció en 2015 para este país, un indicador  de 28 sobre 100, siendo 0 el peor resultado y 100 el mejor.;There is a risk of Tuberculosis in the country.
MY;Fifty_fifty;Existe riesgo de Tuberculosis en el país. Según estudio elaborado por la Asamblea General de la ONU, dentro de los Objetivos de Desarrollo Sostenible (SDGs), estableció en 2015 para este país, un indicador  de 46 sobre 100, siendo 0 el peor resultado y 100 el mejor.;There is a risk of Tuberculosis in the country.
MV;Fifty_fifty;Existe riesgo de Tuberculosis en el país. Según estudio elaborado por la Asamblea General de la ONU, dentro de los Objetivos de Desarrollo Sostenible (SDGs), estableció en 2015 para este país, un indicador  de 58 sobre 100, siendo 0 el peor resultado y 100 el mejor.;There is a risk of Tuberculosis in the country.
ML;Fifty_fifty;Existe riesgo de Tuberculosis en el país. Según estudio elaborado por la Asamblea General de la ONU, dentro de los Objetivos de Desarrollo Sostenible (SDGs), estableció en 2015 para este país, un indicador  de 40 sobre 100, siendo 0 el peor resultado y 100 el mejor.;There is a risk of Tuberculosis in the country.
MT;Fifty_fifty;Existe riesgo de Tuberculosis en el país. Según estudio elaborado por la Asamblea General de la ONU, dentro de los Objetivos de Desarrollo Sostenible (SDGs), estableció en 2015 para este país, un indicador  de 73 sobre 100, siendo 0 el peor resultado y 100 el mejor.;There is a risk of Tuberculosis in the country.
MH;Fifty_fifty;Existe riesgo de Tuberculosis en el país. Según estudio elaborado por la Asamblea General de la ONU, dentro de los Objetivos de Desarrollo Sostenible (SDGs), estableció en 2015 para este país, un indicador  de 54 sobre 100, siendo 0 el peor resultado y 100 el mejor.;There is a risk of Tuberculosis in the country.
MR;Fifty_fifty;Existe riesgo de Tuberculosis en el país. Según estudio elaborado por la Asamblea General de la ONU, dentro de los Objetivos de Desarrollo Sostenible (SDGs), estableció en 2015 para este país, un indicador  de 43 sobre 100, siendo 0 el peor resultado y 100 el mejor.;There is a risk of Tuberculosis in the country.
MU;Fifty_fifty;Existe riesgo de Tuberculosis en el país. Según estudio elaborado por la Asamblea General de la ONU, dentro de los Objetivos de Desarrollo Sostenible (SDGs), estableció en 2015 para este país, un indicador  de 59 sobre 100, siendo 0 el peor resultado y 100 el mejor.;There is a risk of Tuberculosis in the country.
MX;Fifty_fifty;Existe riesgo de Tuberculosis en el país. Según estudio elaborado por la Asamblea General de la ONU, dentro de los Objetivos de Desarrollo Sostenible (SDGs), estableció en 2015 para este país, un indicador  de 66 sobre 100, siendo 0 el peor resultado y 100 el mejor.;There is a risk of Tuberculosis in the country.
MD;Fifty_fifty;Existe riesgo de Tuberculosis en el país. Según estudio elaborado por la Asamblea General de la ONU, dentro de los Objetivos de Desarrollo Sostenible (SDGs), estableció en 2015 para este país, un indicador  de 48 sobre 100, siendo 0 el peor resultado y 100 el mejor.;There is a risk of Tuberculosis in the country.
MN;Fifty_fifty;Existe riesgo de Tuberculosis en el país. Según estudio elaborado por la Asamblea General de la ONU, dentro de los Objetivos de Desarrollo Sostenible (SDGs), estableció en 2015 para este país, un indicador  de 41 sobre 100, siendo 0 el peor resultado y 100 el mejor.;There is a risk of Tuberculosis in the country.
ME;Fifty_fifty;Existe riesgo de Tuberculosis en el país. Según estudio elaborado por la Asamblea General de la ONU, dentro de los Objetivos de Desarrollo Sostenible (SDGs), estableció en 2015 para este país, un indicador  de 74 sobre 100, siendo 0 el peor resultado y 100 el mejor.;There is a risk of Tuberculosis in the country.
MA;Fifty_fifty;Existe riesgo de Tuberculosis en el país. Según estudio elaborado por la Asamblea General de la ONU, dentro de los Objetivos de Desarrollo Sostenible (SDGs), estableció en 2015 para este país, un indicador  de 49 sobre 100, siendo 0 el peor resultado y 100 el mejor.;There is a risk of Tuberculosis in the country.
MZ;Probable;El riesgo de Tuberculosis en el país el alto, se encuentra por encima de la media del resto de países. Según estudio elaborado por la Asamblea General de la ONU, dentro de los Objetivos de Desarrollo Sostenible (SDGs), estableció en 2015 para este país, un indicador  de 24 sobre 100, siendo 0 el peor resultado y 100 el mejor.;The country's high Tuberculosis risk is above the average in other countries.
MM;Fifty_fifty;Existe riesgo de Tuberculosis en el país. Según estudio elaborado por la Asamblea General de la ONU, dentro de los Objetivos de Desarrollo Sostenible (SDGs), estableció en 2015 para este país, un indicador  de 38 sobre 100, siendo 0 el peor resultado y 100 el mejor.;There is a risk of Tuberculosis in the country.
NA;Probable;El riesgo de Tuberculosis en el país el alto, se encuentra por encima de la media del resto de países. Según estudio elaborado por la Asamblea General de la ONU, dentro de los Objetivos de Desarrollo Sostenible (SDGs), estableció en 2015 para este país, un indicador  de 10 sobre 100, siendo 0 el peor resultado y 100 el mejor.;The country's high Tuberculosis risk is above the average in other countries.
NP;Fifty_fifty;Existe riesgo de Tuberculosis en el país. Según estudio elaborado por la Asamblea General de la ONU, dentro de los Objetivos de Desarrollo Sostenible (SDGs), estableció en 2015 para este país, un indicador  de 35 sobre 100, siendo 0 el peor resultado y 100 el mejor.;There is a risk of Tuberculosis in the country.
NL;Probably_not;El riesgo de Tuberculosis en el país se encuentra por debajo de la media del resto de países del mundo. Según estudio elaborado por la Asamblea General de la ONU, dentro de los Objetivos de Desarrollo Sostenible (SDGs), estableció en 2015 para este país, un indicador  de 86 sobre 100, siendo 0 el peor resultado y 100 el mejor.;The risk of Tuberculosis in the country is below the average of other countries in the world.
NZ;Probably_not;El riesgo de Tuberculosis en el país se encuentra por debajo de la media del resto de países del mundo. Según estudio elaborado por la Asamblea General de la ONU, dentro de los Objetivos de Desarrollo Sostenible (SDGs), estableció en 2015 para este país, un indicador  de 85 sobre 100, siendo 0 el peor resultado y 100 el mejor.;The risk of Tuberculosis in the country is below the average of other countries in the world.
NI;Fifty_fifty;Existe riesgo de Tuberculosis en el país. Según estudio elaborado por la Asamblea General de la ONU, dentro de los Objetivos de Desarrollo Sostenible (SDGs), estableció en 2015 para este país, un indicador  de 66 sobre 100, siendo 0 el peor resultado y 100 el mejor.;There is a risk of Tuberculosis in the country.
NE;Fifty_fifty;Existe riesgo de Tuberculosis en el país. Según estudio elaborado por la Asamblea General de la ONU, dentro de los Objetivos de Desarrollo Sostenible (SDGs), estableció en 2015 para este país, un indicador  de 35 sobre 100, siendo 0 el peor resultado y 100 el mejor.;There is a risk of Tuberculosis in the country.
NG;Fifty_fifty;Existe riesgo de Tuberculosis en el país. Según estudio elaborado por la Asamblea General de la ONU, dentro de los Objetivos de Desarrollo Sostenible (SDGs), estableció en 2015 para este país, un indicador  de 38 sobre 100, siendo 0 el peor resultado y 100 el mejor.;There is a risk of Tuberculosis in the country.
KP;Fifty_fifty;Existe riesgo de Tuberculosis en el país. Según estudio elaborado por la Asamblea General de la ONU, dentro de los Objetivos de Desarrollo Sostenible (SDGs), estableció en 2015 para este país, un indicador  de 50 sobre 100, siendo 0 el peor resultado y 100 el mejor.;There is a risk of Tuberculosis in the country.
NO;Probably_not;El riesgo de Tuberculosis en el país se encuentra por debajo de la media del resto de países del mundo. Según estudio elaborado por la Asamblea General de la ONU, dentro de los Objetivos de Desarrollo Sostenible (SDGs), estableció en 2015 para este país, un indicador  de 81 sobre 100, siendo 0 el peor resultado y 100 el mejor.;The risk of Tuberculosis in the country is below the average of other countries in the world.
OM;Fifty_fifty;Existe riesgo de Tuberculosis en el país. Según estudio elaborado por la Asamblea General de la ONU, dentro de los Objetivos de Desarrollo Sostenible (SDGs), estableció en 2015 para este país, un indicador  de 69 sobre 100, siendo 0 el peor resultado y 100 el mejor.;There is a risk of Tuberculosis in the country.
PK;Fifty_fifty;Existe riesgo de Tuberculosis en el país. Según estudio elaborado por la Asamblea General de la ONU, dentro de los Objetivos de Desarrollo Sostenible (SDGs), estableció en 2015 para este país, un indicador  de 37 sobre 100, siendo 0 el peor resultado y 100 el mejor.;There is a risk of Tuberculosis in the country.
PS;Fifty_fifty;Existe riesgo de Tuberculosis en el país. Según estudio elaborado por la Asamblea General de la ONU, dentro de los Objetivos de Desarrollo Sostenible (SDGs), estableció en 2015 para este país, un indicador  de 68 sobre 100, siendo 0 el peor resultado y 100 el mejor.;There is a risk of Tuberculosis in the country.
PA;Fifty_fifty;Existe riesgo de Tuberculosis en el país. Según estudio elaborado por la Asamblea General de la ONU, dentro de los Objetivos de Desarrollo Sostenible (SDGs), estableció en 2015 para este país, un indicador  de 52 sobre 100, siendo 0 el peor resultado y 100 el mejor.;There is a risk of Tuberculosis in the country.
PG;Fifty_fifty;Existe riesgo de Tuberculosis en el país. Según estudio elaborado por la Asamblea General de la ONU, dentro de los Objetivos de Desarrollo Sostenible (SDGs), estableció en 2015 para este país, un indicador  de 48 sobre 100, siendo 0 el peor resultado y 100 el mejor.;There is a risk of Tuberculosis in the country.
PY;Fifty_fifty;Existe riesgo de Tuberculosis en el país. Según estudio elaborado por la Asamblea General de la ONU, dentro de los Objetivos de Desarrollo Sostenible (SDGs), estableció en 2015 para este país, un indicador  de 56 sobre 100, siendo 0 el peor resultado y 100 el mejor.;There is a risk of Tuberculosis in the country.
PE;Fifty_fifty;Existe riesgo de Tuberculosis en el país. Según estudio elaborado por la Asamblea General de la ONU, dentro de los Objetivos de Desarrollo Sostenible (SDGs), estableció en 2015 para este país, un indicador  de 47 sobre 100, siendo 0 el peor resultado y 100 el mejor.;There is a risk of Tuberculosis in the country.
PH;Fifty_fifty;Existe riesgo de Tuberculosis en el país. Según estudio elaborado por la Asamblea General de la ONU, dentro de los Objetivos de Desarrollo Sostenible (SDGs), estableció en 2015 para este país, un indicador  de 33 sobre 100, siendo 0 el peor resultado y 100 el mejor.;There is a risk of Tuberculosis in the country.
PL;Fifty_fifty;Existe riesgo de Tuberculosis en el país. Según estudio elaborado por la Asamblea General de la ONU, dentro de los Objetivos de Desarrollo Sostenible (SDGs), estableció en 2015 para este país, un indicador  de 68 sobre 100, siendo 0 el peor resultado y 100 el mejor.;There is a risk of Tuberculosis in the country.
PT;Fifty_fifty;Existe riesgo de Tuberculosis en el país. Según estudio elaborado por la Asamblea General de la ONU, dentro de los Objetivos de Desarrollo Sostenible (SDGs), estableció en 2015 para este país, un indicador  de 65 sobre 100, siendo 0 el peor resultado y 100 el mejor.;There is a risk of Tuberculosis in the country.
QA;Fifty_fifty;Existe riesgo de Tuberculosis en el país. Según estudio elaborado por la Asamblea General de la ONU, dentro de los Objetivos de Desarrollo Sostenible (SDGs), estableció en 2015 para este país, un indicador  de 62 sobre 100, siendo 0 el peor resultado y 100 el mejor.;There is a risk of Tuberculosis in the country.
RO;Fifty_fifty;Existe riesgo de Tuberculosis en el país. Según estudio elaborado por la Asamblea General de la ONU, dentro de los Objetivos de Desarrollo Sostenible (SDGs), estableció en 2015 para este país, un indicador  de 46 sobre 100, siendo 0 el peor resultado y 100 el mejor.;There is a risk of Tuberculosis in the country.
RU;Fifty_fifty;Existe riesgo de Tuberculosis en el país. Según estudio elaborado por la Asamblea General de la ONU, dentro de los Objetivos de Desarrollo Sostenible (SDGs), estableció en 2015 para este país, un indicador  de 41 sobre 100, siendo 0 el peor resultado y 100 el mejor.;There is a risk of Tuberculosis in the country.
RW;Fifty_fifty;Existe riesgo de Tuberculosis en el país. Según estudio elaborado por la Asamblea General de la ONU, dentro de los Objetivos de Desarrollo Sostenible (SDGs), estableció en 2015 para este país, un indicador  de 40 sobre 100, siendo 0 el peor resultado y 100 el mejor.;There is a risk of Tuberculosis in the country.
LC;Fifty_fifty;Existe riesgo de Tuberculosis en el país. Según estudio elaborado por la Asamblea General de la ONU, dentro de los Objetivos de Desarrollo Sostenible (SDGs), estableció en 2015 para este país, un indicador  de 57 sobre 100, siendo 0 el peor resultado y 100 el mejor.;There is a risk of Tuberculosis in the country.
VC;Fifty_fifty;Existe riesgo de Tuberculosis en el país. Según estudio elaborado por la Asamblea General de la ONU, dentro de los Objetivos de Desarrollo Sostenible (SDGs), estableció en 2015 para este país, un indicador  de 56 sobre 100, siendo 0 el peor resultado y 100 el mejor.;There is a risk of Tuberculosis in the country.
WS;Fifty_fifty;Existe riesgo de Tuberculosis en el país. Según estudio elaborado por la Asamblea General de la ONU, dentro de los Objetivos de Desarrollo Sostenible (SDGs), estableció en 2015 para este país, un indicador  de 62 sobre 100, siendo 0 el peor resultado y 100 el mejor.;There is a risk of Tuberculosis in the country.
ST;Fifty_fifty;Existe riesgo de Tuberculosis en el país. Según estudio elaborado por la Asamblea General de la ONU, dentro de los Objetivos de Desarrollo Sostenible (SDGs), estableció en 2015 para este país, un indicador  de 47 sobre 100, siendo 0 el peor resultado y 100 el mejor.;There is a risk of Tuberculosis in the country.
SA;Fifty_fifty;Existe riesgo de Tuberculosis en el país. Según estudio elaborado por la Asamblea General de la ONU, dentro de los Objetivos de Desarrollo Sostenible (SDGs), estableció en 2015 para este país, un indicador  de 63 sobre 100, siendo 0 el peor resultado y 100 el mejor.;There is a risk of Tuberculosis in the country.
SN;Fifty_fifty;Existe riesgo de Tuberculosis en el país. Según estudio elaborado por la Asamblea General de la ONU, dentro de los Objetivos de Desarrollo Sostenible (SDGs), estableció en 2015 para este país, un indicador  de 33 sobre 100, siendo 0 el peor resultado y 100 el mejor.;There is a risk of Tuberculosis in the country.
RS;Fifty_fifty;Existe riesgo de Tuberculosis en el país. Según estudio elaborado por la Asamblea General de la ONU, dentro de los Objetivos de Desarrollo Sostenible (SDGs), estableció en 2015 para este país, un indicador  de 70 sobre 100, siendo 0 el peor resultado y 100 el mejor.;There is a risk of Tuberculosis in the country.
SC;Fifty_fifty;Existe riesgo de Tuberculosis en el país. Según estudio elaborado por la Asamblea General de la ONU, dentro de los Objetivos de Desarrollo Sostenible (SDGs), estableció en 2015 para este país, un indicador  de 57 sobre 100, siendo 0 el peor resultado y 100 el mejor.;There is a risk of Tuberculosis in the country.
SL;Fifty_fifty;Existe riesgo de Tuberculosis en el país. Según estudio elaborado por la Asamblea General de la ONU, dentro de los Objetivos de Desarrollo Sostenible (SDGs), estableció en 2015 para este país, un indicador  de 36 sobre 100, siendo 0 el peor resultado y 100 el mejor.;There is a risk of Tuberculosis in the country.
SG;Fifty_fifty;Existe riesgo de Tuberculosis en el país. Según estudio elaborado por la Asamblea General de la ONU, dentro de los Objetivos de Desarrollo Sostenible (SDGs), estableció en 2015 para este país, un indicador  de 56 sobre 100, siendo 0 el peor resultado y 100 el mejor.;There is a risk of Tuberculosis in the country.
SK;Probably_not;El riesgo de Tuberculosis en el país se encuentra por debajo de la media del resto de países del mundo. Según estudio elaborado por la Asamblea General de la ONU, dentro de los Objetivos de Desarrollo Sostenible (SDGs), estableció en 2015 para este país, un indicador  de 77 sobre 100, siendo 0 el peor resultado y 100 el mejor.;The risk of Tuberculosis in the country is below the average of other countries in the world.
SI;Probably_not;El riesgo de Tuberculosis en el país se encuentra por debajo de la media del resto de países del mundo. Según estudio elaborado por la Asamblea General de la ONU, dentro de los Objetivos de Desarrollo Sostenible (SDGs), estableció en 2015 para este país, un indicador  de 75 sobre 100, siendo 0 el peor resultado y 100 el mejor.;The risk of Tuberculosis in the country is below the average of other countries in the world.
SB;Fifty_fifty;Existe riesgo de Tuberculosis en el país. Según estudio elaborado por la Asamblea General de la ONU, dentro de los Objetivos de Desarrollo Sostenible (SDGs), estableció en 2015 para este país, un indicador  de 50 sobre 100, siendo 0 el peor resultado y 100 el mejor.;There is a risk of Tuberculosis in the country.
SO;Fifty_fifty;Existe riesgo de Tuberculosis en el país. Según estudio elaborado por la Asamblea General de la ONU, dentro de los Objetivos de Desarrollo Sostenible (SDGs), estableció en 2015 para este país, un indicador  de 30 sobre 100, siendo 0 el peor resultado y 100 el mejor.;There is a risk of Tuberculosis in the country.
ZA;Probable;El riesgo de Tuberculosis en el país el alto, se encuentra por encima de la media del resto de países. Según estudio elaborado por la Asamblea General de la ONU, dentro de los Objetivos de Desarrollo Sostenible (SDGs), estableció en 2015 para este país, un indicador  de 9 sobre 100, siendo 0 el peor resultado y 100 el mejor.;The country's high Tuberculosis risk is above the average in other countries.
KR;Fifty_fifty;Existe riesgo de Tuberculosis en el país. Según estudio elaborado por la Asamblea General de la ONU, dentro de los Objetivos de Desarrollo Sostenible (SDGs), estableció en 2015 para este país, un indicador  de 50 sobre 100, siendo 0 el peor resultado y 100 el mejor.;There is a risk of Tuberculosis in the country.
GS;Fifty_fifty;Existe riesgo de Tuberculosis en el país. Según estudio elaborado por la Asamblea General de la ONU, dentro de los Objetivos de Desarrollo Sostenible (SDGs), estableció en 2015 para este país, un indicador  de 28 sobre 100, siendo 0 el peor resultado y 100 el mejor.;There is a risk of Tuberculosis in the country.
ES;Probably_not;El riesgo de Tuberculosis en el país se encuentra por debajo de la media del resto de países del mundo. Según estudio elaborado por la Asamblea General de la ONU, dentro de los Objetivos de Desarrollo Sostenible (SDGs), estableció en 2015 para este país, un indicador  de 78 sobre 100, siendo 0 el peor resultado y 100 el mejor.;The risk of Tuberculosis in the country is below the average of other countries in the world.
LK;Fifty_fifty;Existe riesgo de Tuberculosis en el país. Según estudio elaborado por la Asamblea General de la ONU, dentro de los Objetivos de Desarrollo Sostenible (SDGs), estableció en 2015 para este país, un indicador  de 53 sobre 100, siendo 0 el peor resultado y 100 el mejor.;There is a risk of Tuberculosis in the country.
SD;Fifty_fifty;Existe riesgo de Tuberculosis en el país. Según estudio elaborado por la Asamblea General de la ONU, dentro de los Objetivos de Desarrollo Sostenible (SDGs), estableció en 2015 para este país, un indicador  de 54 sobre 100, siendo 0 el peor resultado y 100 el mejor.;There is a risk of Tuberculosis in the country.
SR;Fifty_fifty;Existe riesgo de Tuberculosis en el país. Según estudio elaborado por la Asamblea General de la ONU, dentro de los Objetivos de Desarrollo Sostenible (SDGs), estableció en 2015 para este país, un indicador  de 62 sobre 100, siendo 0 el peor resultado y 100 el mejor.;There is a risk of Tuberculosis in the country.
SZ;Almost_certain;El riesgo de Tuberculosis en el país es alto y se encuentra entre los países con riesgo más elevado. Según estudio elaborado por la Asamblea General de la ONU, dentro de los Objetivos de Desarrollo Sostenible (SDGs), estableció en 2015 para este país, un indicador  de 3 sobre 100, siendo 0 el peor resultado y 100 el mejor.;The risk of Tuberculosis in the country is high and is among the countries with the highest risk.
SE;Probably_not;El riesgo de Tuberculosis en el país se encuentra por debajo de la media del resto de países del mundo. Según estudio elaborado por la Asamblea General de la ONU, dentro de los Objetivos de Desarrollo Sostenible (SDGs), estableció en 2015 para este país, un indicador  de 82 sobre 100, siendo 0 el peor resultado y 100 el mejor.;The risk of Tuberculosis in the country is below the average of other countries in the world.
CH;Probably_not;El riesgo de Tuberculosis en el país se encuentra por debajo de la media del resto de países del mundo. Según estudio elaborado por la Asamblea General de la ONU, dentro de los Objetivos de Desarrollo Sostenible (SDGs), estableció en 2015 para este país, un indicador  de 84 sobre 100, siendo 0 el peor resultado y 100 el mejor.;The risk of Tuberculosis in the country is below the average of other countries in the world.
SY;Fifty_fifty;Existe riesgo de Tuberculosis en el país. Según estudio elaborado por la Asamblea General de la ONU, dentro de los Objetivos de Desarrollo Sostenible (SDGs), estableció en 2015 para este país, un indicador  de 73 sobre 100, siendo 0 el peor resultado y 100 el mejor.;There is a risk of Tuberculosis in the country.
TW;Fifty_fifty;Existe riesgo de Tuberculosis en el país. Según estudio elaborado por la Asamblea General de la ONU, dentro de los Objetivos de Desarrollo Sostenible (SDGs), estableció en 2015 para este país, un indicador  de 60 sobre 100, siendo 0 el peor resultado y 100 el mejor.;There is a risk of Tuberculosis in the country.
TJ;Fifty_fifty;Existe riesgo de Tuberculosis en el país. Según estudio elaborado por la Asamblea General de la ONU, dentro de los Objetivos de Desarrollo Sostenible (SDGs), estableció en 2015 para este país, un indicador  de 52 sobre 100, siendo 0 el peor resultado y 100 el mejor.;There is a risk of Tuberculosis in the country.
TZ;Fifty_fifty;Existe riesgo de Tuberculosis en el país. Según estudio elaborado por la Asamblea General de la ONU, dentro de los Objetivos de Desarrollo Sostenible (SDGs), estableció en 2015 para este país, un indicador  de 29 sobre 100, siendo 0 el peor resultado y 100 el mejor.;There is a risk of Tuberculosis in the country.
TH;Fifty_fifty;Existe riesgo de Tuberculosis en el país. Según estudio elaborado por la Asamblea General de la ONU, dentro de los Objetivos de Desarrollo Sostenible (SDGs), estableció en 2015 para este país, un indicador  de 45 sobre 100, siendo 0 el peor resultado y 100 el mejor.;There is a risk of Tuberculosis in the country.
BS;Fifty_fifty;Existe riesgo de Tuberculosis en el país. Según estudio elaborado por la Asamblea General de la ONU, dentro de los Objetivos de Desarrollo Sostenible (SDGs), estableció en 2015 para este país, un indicador  de 63 sobre 100, siendo 0 el peor resultado y 100 el mejor.;There is a risk of Tuberculosis in the country.
GM;Fifty_fifty;Existe riesgo de Tuberculosis en el país. Según estudio elaborado por la Asamblea General de la ONU, dentro de los Objetivos de Desarrollo Sostenible (SDGs), estableció en 2015 para este país, un indicador  de 41 sobre 100, siendo 0 el peor resultado y 100 el mejor.;There is a risk of Tuberculosis in the country.
TL;Fifty_fifty;Existe riesgo de Tuberculosis en el país. Según estudio elaborado por la Asamblea General de la ONU, dentro de los Objetivos de Desarrollo Sostenible (SDGs), estableció en 2015 para este país, un indicador  de 36 sobre 100, siendo 0 el peor resultado y 100 el mejor.;There is a risk of Tuberculosis in the country.
TG;Fifty_fifty;Existe riesgo de Tuberculosis en el país. Según estudio elaborado por la Asamblea General de la ONU, dentro de los Objetivos de Desarrollo Sostenible (SDGs), estableció en 2015 para este país, un indicador  de 41 sobre 100, siendo 0 el peor resultado y 100 el mejor.;There is a risk of Tuberculosis in the country.
TO;Fifty_fifty;Existe riesgo de Tuberculosis en el país. Según estudio elaborado por la Asamblea General de la ONU, dentro de los Objetivos de Desarrollo Sostenible (SDGs), estableció en 2015 para este país, un indicador  de 61 sobre 100, siendo 0 el peor resultado y 100 el mejor.;There is a risk of Tuberculosis in the country.
TT;Fifty_fifty;Existe riesgo de Tuberculosis en el país. Según estudio elaborado por la Asamblea General de la ONU, dentro de los Objetivos de Desarrollo Sostenible (SDGs), estableció en 2015 para este país, un indicador  de 62 sobre 100, siendo 0 el peor resultado y 100 el mejor.;There is a risk of Tuberculosis in the country.
TN;Fifty_fifty;Existe riesgo de Tuberculosis en el país. Según estudio elaborado por la Asamblea General de la ONU, dentro de los Objetivos de Desarrollo Sostenible (SDGs), estableció en 2015 para este país, un indicador  de 64 sobre 100, siendo 0 el peor resultado y 100 el mejor.;There is a risk of Tuberculosis in the country.
TR;Fifty_fifty;Existe riesgo de Tuberculosis en el país. Según estudio elaborado por la Asamblea General de la ONU, dentro de los Objetivos de Desarrollo Sostenible (SDGs), estableció en 2015 para este país, un indicador  de 69 sobre 100, siendo 0 el peor resultado y 100 el mejor.;There is a risk of Tuberculosis in the country.
TM;Fifty_fifty;Existe riesgo de Tuberculosis en el país. Según estudio elaborado por la Asamblea General de la ONU, dentro de los Objetivos de Desarrollo Sostenible (SDGs), estableció en 2015 para este país, un indicador  de 46 sobre 100, siendo 0 el peor resultado y 100 el mejor.;There is a risk of Tuberculosis in the country.
UG;Fifty_fifty;Existe riesgo de Tuberculosis en el país. Según estudio elaborado por la Asamblea General de la ONU, dentro de los Objetivos de Desarrollo Sostenible (SDGs), estableció en 2015 para este país, un indicador  de 29 sobre 100, siendo 0 el peor resultado y 100 el mejor.;There is a risk of Tuberculosis in the country.
GB;Fifty_fifty;Existe riesgo de Tuberculosis en el país. Según estudio elaborado por la Asamblea General de la ONU, dentro de los Objetivos de Desarrollo Sostenible (SDGs), estableció en 2015 para este país, un indicador  de 74 sobre 100, siendo 0 el peor resultado y 100 el mejor.;There is a risk of Tuberculosis in the country.
UA;Fifty_fifty;Existe riesgo de Tuberculosis en el país. Según estudio elaborado por la Asamblea General de la ONU, dentro de los Objetivos de Desarrollo Sostenible (SDGs), estableció en 2015 para este país, un indicador  de 41 sobre 100, siendo 0 el peor resultado y 100 el mejor.;There is a risk of Tuberculosis in the country.
AE;Fifty_fifty;Existe riesgo de Tuberculosis en el país. Según estudio elaborado por la Asamblea General de la ONU, dentro de los Objetivos de Desarrollo Sostenible (SDGs), estableció en 2015 para este país, un indicador  de 68 sobre 100, siendo 0 el peor resultado y 100 el mejor.;There is a risk of Tuberculosis in the country.
UY;Fifty_fifty;Existe riesgo de Tuberculosis en el país. Según estudio elaborado por la Asamblea General de la ONU, dentro de los Objetivos de Desarrollo Sostenible (SDGs), estableció en 2015 para este país, un indicador  de 68 sobre 100, siendo 0 el peor resultado y 100 el mejor.;There is a risk of Tuberculosis in the country.
US;Almost_certainly_not;El riesgo de Tuberculosis en el país es muy bajo. Según estudio elaborado por la Asamblea General de la ONU, dentro de los Objetivos de Desarrollo Sostenible (SDGs), estableció en 2015 para este país, un indicador  de 99 sobre 100, siendo 0 el peor resultado y 100 el mejor.;The risk of Tuberculosis in the country is very low.
UZ;Fifty_fifty;Existe riesgo de Tuberculosis en el país. Según estudio elaborado por la Asamblea General de la ONU, dentro de los Objetivos de Desarrollo Sostenible (SDGs), estableció en 2015 para este país, un indicador  de 50 sobre 100, siendo 0 el peor resultado y 100 el mejor.;There is a risk of Tuberculosis in the country.
VU;Fifty_fifty;Existe riesgo de Tuberculosis en el país. Según estudio elaborado por la Asamblea General de la ONU, dentro de los Objetivos de Desarrollo Sostenible (SDGs), estableció en 2015 para este país, un indicador  de 54 sobre 100, siendo 0 el peor resultado y 100 el mejor.;There is a risk of Tuberculosis in the country.
VE;Fifty_fifty;Existe riesgo de Tuberculosis en el país. Según estudio elaborado por la Asamblea General de la ONU, dentro de los Objetivos de Desarrollo Sostenible (SDGs), estableció en 2015 para este país, un indicador  de 62 sobre 100, siendo 0 el peor resultado y 100 el mejor.;There is a risk of Tuberculosis in the country.
VN;Fifty_fifty;Existe riesgo de Tuberculosis en el país. Según estudio elaborado por la Asamblea General de la ONU, dentro de los Objetivos de Desarrollo Sostenible (SDGs), estableció en 2015 para este país, un indicador  de 46 sobre 100, siendo 0 el peor resultado y 100 el mejor.;There is a risk of Tuberculosis in the country.
YE;Fifty_fifty;Existe riesgo de Tuberculosis en el país. Según estudio elaborado por la Asamblea General de la ONU, dentro de los Objetivos de Desarrollo Sostenible (SDGs), estableció en 2015 para este país, un indicador  de 52 sobre 100, siendo 0 el peor resultado y 100 el mejor.;There is a risk of Tuberculosis in the country.
ZM;Probable;El riesgo de Tuberculosis en el país el alto, se encuentra por encima de la media del resto de países. Según estudio elaborado por la Asamblea General de la ONU, dentro de los Objetivos de Desarrollo Sostenible (SDGs), estableció en 2015 para este país, un indicador  de 24 sobre 100, siendo 0 el peor resultado y 100 el mejor.;The country's high Tuberculosis risk is above the average in other countries.
ZW;Probable;El riesgo de Tuberculosis en el país el alto, se encuentra por encima de la media del resto de países. Según estudio elaborado por la Asamblea General de la ONU, dentro de los Objetivos de Desarrollo Sostenible (SDGs), estableció en 2015 para este país, un indicador  de 15 sobre 100, siendo 0 el peor resultado y 100 el mejor.;The country's high Tuberculosis risk is above the average in other countries.
