Riesgo->F:ISO_3166_1_alpha2_to_lugar(lugar);A:peligro(512);probabilidad;texto;text;A:fechaActivacion(2017-07-27);A:caducidad(-1);A:formulaDisipacion(Homogenea)
AF;Fifty_fifty;Existe riesgo de Contaminación atmosférica o polución en el país. Según estudio elaborado por la Asamblea General de la ONU, dentro de los Objetivos de Desarrollo Sostenible (SDGs), estableció en 2015 para este país, un indicador de 30 sobre 100, siendo 0 el peor resultado y 100 el mejor.;There is a risk of Air Pollution in the country.
AL;Fifty_fifty;Existe riesgo de Contaminación atmosférica o polución en el país. Según estudio elaborado por la Asamblea General de la ONU, dentro de los Objetivos de Desarrollo Sostenible (SDGs), estableció en 2015 para este país, un indicador de 56 sobre 100, siendo 0 el peor resultado y 100 el mejor.;There is a risk of Air Pollution in the country.
DZ;Fifty_fifty;Existe riesgo de Contaminación atmosférica o polución en el país. Según estudio elaborado por la Asamblea General de la ONU, dentro de los Objetivos de Desarrollo Sostenible (SDGs), estableció en 2015 para este país, un indicador de 38 sobre 100, siendo 0 el peor resultado y 100 el mejor.;There is a risk of Air Pollution in the country.
AD;Fifty_fifty;Existe riesgo de Contaminación atmosférica o polución en el país. Según estudio elaborado por la Asamblea General de la ONU, dentro de los Objetivos de Desarrollo Sostenible (SDGs), estableció en 2015 para este país, un indicador de 70 sobre 100, siendo 0 el peor resultado y 100 el mejor.;There is a risk of Air Pollution in the country.
AO;Fifty_fifty;Existe riesgo de Contaminación atmosférica o polución en el país. Según estudio elaborado por la Asamblea General de la ONU, dentro de los Objetivos de Desarrollo Sostenible (SDGs), estableció en 2015 para este país, un indicador de 38 sobre 100, siendo 0 el peor resultado y 100 el mejor.;There is a risk of Air Pollution in the country.
AG;Fifty_fifty;Existe riesgo de Contaminación atmosférica o polución en el país. Según estudio elaborado por la Asamblea General de la ONU, dentro de los Objetivos de Desarrollo Sostenible (SDGs), estableció en 2015 para este país, un indicador de 63 sobre 100, siendo 0 el peor resultado y 100 el mejor.;There is a risk of Air Pollution in the country.
AR;Fifty_fifty;Existe riesgo de Contaminación atmosférica o polución en el país. Según estudio elaborado por la Asamblea General de la ONU, dentro de los Objetivos de Desarrollo Sostenible (SDGs), estableció en 2015 para este país, un indicador de 63 sobre 100, siendo 0 el peor resultado y 100 el mejor.;There is a risk of Air Pollution in the country.
AM;Fifty_fifty;Existe riesgo de Contaminación atmosférica o polución en el país. Según estudio elaborado por la Asamblea General de la ONU, dentro de los Objetivos de Desarrollo Sostenible (SDGs), estableció en 2015 para este país, un indicador de 47 sobre 100, siendo 0 el peor resultado y 100 el mejor.;There is a risk of Air Pollution in the country.
AU;Probably_not;El riesgo de Contaminación atmosférica o polución en el país se encuentra por debajo de la media del resto de países del mundo. Según estudio elaborado por la Asamblea General de la ONU, dentro de los Objetivos de Desarrollo Sostenible (SDGs), estableció en 2015 para este país, un indicador de 82 sobre 100, siendo 0 el peor resultado y 100 el mejor.;The risk of Air Pollution in the country is below the average of other countries in the world.
AT;Fifty_fifty;Existe riesgo de Contaminación atmosférica o polución en el país. Según estudio elaborado por la Asamblea General de la ONU, dentro de los Objetivos de Desarrollo Sostenible (SDGs), estableció en 2015 para este país, un indicador de 57 sobre 100, siendo 0 el peor resultado y 100 el mejor.;There is a risk of Air Pollution in the country.
AZ;Fifty_fifty;Existe riesgo de Contaminación atmosférica o polución en el país. Según estudio elaborado por la Asamblea General de la ONU, dentro de los Objetivos de Desarrollo Sostenible (SDGs), estableció en 2015 para este país, un indicador de 42 sobre 100, siendo 0 el peor resultado y 100 el mejor.;There is a risk of Air Pollution in the country.
BH;Fifty_fifty;Existe riesgo de Contaminación atmosférica o polución en el país. Según estudio elaborado por la Asamblea General de la ONU, dentro de los Objetivos de Desarrollo Sostenible (SDGs), estableció en 2015 para este país, un indicador de 26 sobre 100, siendo 0 el peor resultado y 100 el mejor.;There is a risk of Air Pollution in the country.
BD;Probable;El riesgo de Contaminación atmosférica o polución en el país el alto, se encuentra por encima de la media del resto de países. Según estudio elaborado por la Asamblea General de la ONU, dentro de los Objetivos de Desarrollo Sostenible (SDGs), estableció en 2015 para este país, un indicador de 13 sobre 100, siendo 0 el peor resultado y 100 el mejor.;The country's high Air Pollution risk is above the average in other countries.
BB;Fifty_fifty;Existe riesgo de Contaminación atmosférica o polución en el país. Según estudio elaborado por la Asamblea General de la ONU, dentro de los Objetivos de Desarrollo Sostenible (SDGs), estableció en 2015 para este país, un indicador de 61 sobre 100, siendo 0 el peor resultado y 100 el mejor.;There is a risk of Air Pollution in the country.
BY;Fifty_fifty;Existe riesgo de Contaminación atmosférica o polución en el país. Según estudio elaborado por la Asamblea General de la ONU, dentro de los Objetivos de Desarrollo Sostenible (SDGs), estableció en 2015 para este país, un indicador de 52 sobre 100, siendo 0 el peor resultado y 100 el mejor.;There is a risk of Air Pollution in the country.
BE;Fifty_fifty;Existe riesgo de Contaminación atmosférica o polución en el país. Según estudio elaborado por la Asamblea General de la ONU, dentro de los Objetivos de Desarrollo Sostenible (SDGs), estableció en 2015 para este país, un indicador de 59 sobre 100, siendo 0 el peor resultado y 100 el mejor.;There is a risk of Air Pollution in the country.
BZ;Fifty_fifty;Existe riesgo de Contaminación atmosférica o polución en el país. Según estudio elaborado por la Asamblea General de la ONU, dentro de los Objetivos de Desarrollo Sostenible (SDGs), estableció en 2015 para este país, un indicador de 45 sobre 100, siendo 0 el peor resultado y 100 el mejor.;There is a risk of Air Pollution in the country.
BJ;Fifty_fifty;Existe riesgo de Contaminación atmosférica o polución en el país. Según estudio elaborado por la Asamblea General de la ONU, dentro de los Objetivos de Desarrollo Sostenible (SDGs), estableció en 2015 para este país, un indicador de 38 sobre 100, siendo 0 el peor resultado y 100 el mejor.;There is a risk of Air Pollution in the country.
BT;Fifty_fifty;Existe riesgo de Contaminación atmosférica o polución en el país. Según estudio elaborado por la Asamblea General de la ONU, dentro de los Objetivos de Desarrollo Sostenible (SDGs), estableció en 2015 para este país, un indicador de 26 sobre 100, siendo 0 el peor resultado y 100 el mejor.;There is a risk of Air Pollution in the country.
BO;Fifty_fifty;Existe riesgo de Contaminación atmosférica o polución en el país. Según estudio elaborado por la Asamblea General de la ONU, dentro de los Objetivos de Desarrollo Sostenible (SDGs), estableció en 2015 para este país, un indicador de 44 sobre 100, siendo 0 el peor resultado y 100 el mejor.;There is a risk of Air Pollution in the country.
BA;Fifty_fifty;Existe riesgo de Contaminación atmosférica o polución en el país. Según estudio elaborado por la Asamblea General de la ONU, dentro de los Objetivos de Desarrollo Sostenible (SDGs), estableció en 2015 para este país, un indicador de 30 sobre 100, siendo 0 el peor resultado y 100 el mejor.;There is a risk of Air Pollution in the country.
BW;Fifty_fifty;Existe riesgo de Contaminación atmosférica o polución en el país. Según estudio elaborado por la Asamblea General de la ONU, dentro de los Objetivos de Desarrollo Sostenible (SDGs), estableció en 2015 para este país, un indicador de 56 sobre 100, siendo 0 el peor resultado y 100 el mejor.;There is a risk of Air Pollution in the country.
BR;Fifty_fifty;Existe riesgo de Contaminación atmosférica o polución en el país. Según estudio elaborado por la Asamblea General de la ONU, dentro de los Objetivos de Desarrollo Sostenible (SDGs), estableció en 2015 para este país, un indicador de 67 sobre 100, siendo 0 el peor resultado y 100 el mejor.;There is a risk of Air Pollution in the country.
BN;Probably_not;El riesgo de Contaminación atmosférica o polución en el país se encuentra por debajo de la media del resto de países del mundo. Según estudio elaborado por la Asamblea General de la ONU, dentro de los Objetivos de Desarrollo Sostenible (SDGs), estableció en 2015 para este país, un indicador de 86 sobre 100, siendo 0 el peor resultado y 100 el mejor.;The risk of Air Pollution in the country is below the average of other countries in the world.
BG;Fifty_fifty;Existe riesgo de Contaminación atmosférica o polución en el país. Según estudio elaborado por la Asamblea General de la ONU, dentro de los Objetivos de Desarrollo Sostenible (SDGs), estableció en 2015 para este país, un indicador de 44 sobre 100, siendo 0 el peor resultado y 100 el mejor.;There is a risk of Air Pollution in the country.
BF;Fifty_fifty;Existe riesgo de Contaminación atmosférica o polución en el país. Según estudio elaborado por la Asamblea General de la ONU, dentro de los Objetivos de Desarrollo Sostenible (SDGs), estableció en 2015 para este país, un indicador de 35 sobre 100, siendo 0 el peor resultado y 100 el mejor.;There is a risk of Air Pollution in the country.
BI;Fifty_fifty;Existe riesgo de Contaminación atmosférica o polución en el país. Según estudio elaborado por la Asamblea General de la ONU, dentro de los Objetivos de Desarrollo Sostenible (SDGs), estableció en 2015 para este país, un indicador de 32 sobre 100, siendo 0 el peor resultado y 100 el mejor.;There is a risk of Air Pollution in the country.
KH;Fifty_fifty;Existe riesgo de Contaminación atmosférica o polución en el país. Según estudio elaborado por la Asamblea General de la ONU, dentro de los Objetivos de Desarrollo Sostenible (SDGs), estableció en 2015 para este país, un indicador de 43 sobre 100, siendo 0 el peor resultado y 100 el mejor.;There is a risk of Air Pollution in the country.
CM;Probable;El riesgo de Contaminación atmosférica o polución en el país el alto, se encuentra por encima de la media del resto de países. Según estudio elaborado por la Asamblea General de la ONU, dentro de los Objetivos de Desarrollo Sostenible (SDGs), estableció en 2015 para este país, un indicador de 21 sobre 100, siendo 0 el peor resultado y 100 el mejor.;The country's high Air Pollution risk is above the average in other countries.
CA;Probably_not;El riesgo de Contaminación atmosférica o polución en el país se encuentra por debajo de la media del resto de países del mundo. Según estudio elaborado por la Asamblea General de la ONU, dentro de los Objetivos de Desarrollo Sostenible (SDGs), estableció en 2015 para este país, un indicador de 78 sobre 100, siendo 0 el peor resultado y 100 el mejor.;The risk of Air Pollution in the country is below the average of other countries in the world.
CV;Fifty_fifty;Existe riesgo de Contaminación atmosférica o polución en el país. Según estudio elaborado por la Asamblea General de la ONU, dentro de los Objetivos de Desarrollo Sostenible (SDGs), estableció en 2015 para este país, un indicador de 36 sobre 100, siendo 0 el peor resultado y 100 el mejor.;There is a risk of Air Pollution in the country.
CF;Fifty_fifty;Existe riesgo de Contaminación atmosférica o polución en el país. Según estudio elaborado por la Asamblea General de la ONU, dentro de los Objetivos de Desarrollo Sostenible (SDGs), estableció en 2015 para este país, un indicador de 31 sobre 100, siendo 0 el peor resultado y 100 el mejor.;There is a risk of Air Pollution in the country.
TD;Fifty_fifty;Existe riesgo de Contaminación atmosférica o polución en el país. Según estudio elaborado por la Asamblea General de la ONU, dentro de los Objetivos de Desarrollo Sostenible (SDGs), estableció en 2015 para este país, un indicador de 31 sobre 100, siendo 0 el peor resultado y 100 el mejor.;There is a risk of Air Pollution in the country.
CL;Fifty_fifty;Existe riesgo de Contaminación atmosférica o polución en el país. Según estudio elaborado por la Asamblea General de la ONU, dentro de los Objetivos de Desarrollo Sostenible (SDGs), estableció en 2015 para este país, un indicador de 52 sobre 100, siendo 0 el peor resultado y 100 el mejor.;There is a risk of Air Pollution in the country.
CN;Probable;El riesgo de Contaminación atmosférica o polución en el país el alto, se encuentra por encima de la media del resto de países. Según estudio elaborado por la Asamblea General de la ONU, dentro de los Objetivos de Desarrollo Sostenible (SDGs), estableció en 2015 para este país, un indicador de 25 sobre 100, siendo 0 el peor resultado y 100 el mejor.;The country's high Air Pollution risk is above the average in other countries.
CO;Fifty_fifty;Existe riesgo de Contaminación atmosférica o polución en el país. Según estudio elaborado por la Asamblea General de la ONU, dentro de los Objetivos de Desarrollo Sostenible (SDGs), estableció en 2015 para este país, un indicador de 56 sobre 100, siendo 0 el peor resultado y 100 el mejor.;There is a risk of Air Pollution in the country.
KM;Fifty_fifty;Existe riesgo de Contaminación atmosférica o polución en el país. Según estudio elaborado por la Asamblea General de la ONU, dentro de los Objetivos de Desarrollo Sostenible (SDGs), estableció en 2015 para este país, un indicador de 57 sobre 100, siendo 0 el peor resultado y 100 el mejor.;There is a risk of Air Pollution in the country.
CG;Fifty_fifty;Existe riesgo de Contaminación atmosférica o polución en el país. Según estudio elaborado por la Asamblea General de la ONU, dentro de los Objetivos de Desarrollo Sostenible (SDGs), estableció en 2015 para este país, un indicador de 28 sobre 100, siendo 0 el peor resultado y 100 el mejor.;There is a risk of Air Pollution in the country.
CR;Fifty_fifty;Existe riesgo de Contaminación atmosférica o polución en el país. Según estudio elaborado por la Asamblea General de la ONU, dentro de los Objetivos de Desarrollo Sostenible (SDGs), estableció en 2015 para este país, un indicador de 53 sobre 100, siendo 0 el peor resultado y 100 el mejor.;There is a risk of Air Pollution in the country.
CI;Fifty_fifty;Existe riesgo de Contaminación atmosférica o polución en el país. Según estudio elaborado por la Asamblea General de la ONU, dentro de los Objetivos de Desarrollo Sostenible (SDGs), estableció en 2015 para este país, un indicador de 49 sobre 100, siendo 0 el peor resultado y 100 el mejor.;There is a risk of Air Pollution in the country.
HR;Fifty_fifty;Existe riesgo de Contaminación atmosférica o polución en el país. Según estudio elaborado por la Asamblea General de la ONU, dentro de los Objetivos de Desarrollo Sostenible (SDGs), estableció en 2015 para este país, un indicador de 51 sobre 100, siendo 0 el peor resultado y 100 el mejor.;There is a risk of Air Pollution in the country.
CU;Fifty_fifty;Existe riesgo de Contaminación atmosférica o polución en el país. Según estudio elaborado por la Asamblea General de la ONU, dentro de los Objetivos de Desarrollo Sostenible (SDGs), estableció en 2015 para este país, un indicador de 56 sobre 100, siendo 0 el peor resultado y 100 el mejor.;There is a risk of Air Pollution in the country.
CY;Fifty_fifty;Existe riesgo de Contaminación atmosférica o polución en el país. Según estudio elaborado por la Asamblea General de la ONU, dentro de los Objetivos de Desarrollo Sostenible (SDGs), estableció en 2015 para este país, un indicador de 55 sobre 100, siendo 0 el peor resultado y 100 el mejor.;There is a risk of Air Pollution in the country.
CZ;Fifty_fifty;Existe riesgo de Contaminación atmosférica o polución en el país. Según estudio elaborado por la Asamblea General de la ONU, dentro de los Objetivos de Desarrollo Sostenible (SDGs), estableció en 2015 para este país, un indicador de 51 sobre 100, siendo 0 el peor resultado y 100 el mejor.;There is a risk of Air Pollution in the country.
CD;Fifty_fifty;Existe riesgo de Contaminación atmosférica o polución en el país. Según estudio elaborado por la Asamblea General de la ONU, dentro de los Objetivos de Desarrollo Sostenible (SDGs), estableció en 2015 para este país, un indicador de 31 sobre 100, siendo 0 el peor resultado y 100 el mejor.;There is a risk of Air Pollution in the country.
DK;Fifty_fifty;Existe riesgo de Contaminación atmosférica o polución en el país. Según estudio elaborado por la Asamblea General de la ONU, dentro de los Objetivos de Desarrollo Sostenible (SDGs), estableció en 2015 para este país, un indicador de 68 sobre 100, siendo 0 el peor resultado y 100 el mejor.;There is a risk of Air Pollution in the country.
DJ;Fifty_fifty;Existe riesgo de Contaminación atmosférica o polución en el país. Según estudio elaborado por la Asamblea General de la ONU, dentro de los Objetivos de Desarrollo Sostenible (SDGs), estableció en 2015 para este país, un indicador de 30 sobre 100, siendo 0 el peor resultado y 100 el mejor.;There is a risk of Air Pollution in the country.
DM;Fifty_fifty;Existe riesgo de Contaminación atmosférica o polución en el país. Según estudio elaborado por la Asamblea General de la ONU, dentro de los Objetivos de Desarrollo Sostenible (SDGs), estableció en 2015 para este país, un indicador de 63 sobre 100, siendo 0 el peor resultado y 100 el mejor.;There is a risk of Air Pollution in the country.
DO;Fifty_fifty;Existe riesgo de Contaminación atmosférica o polución en el país. Según estudio elaborado por la Asamblea General de la ONU, dentro de los Objetivos de Desarrollo Sostenible (SDGs), estableció en 2015 para este país, un indicador de 53 sobre 100, siendo 0 el peor resultado y 100 el mejor.;There is a risk of Air Pollution in the country.
EC;Fifty_fifty;Existe riesgo de Contaminación atmosférica o polución en el país. Según estudio elaborado por la Asamblea General de la ONU, dentro de los Objetivos de Desarrollo Sostenible (SDGs), estableció en 2015 para este país, un indicador de 64 sobre 100, siendo 0 el peor resultado y 100 el mejor.;There is a risk of Air Pollution in the country.
EG;Probable;El riesgo de Contaminación atmosférica o polución en el país el alto, se encuentra por encima de la media del resto de países. Según estudio elaborado por la Asamblea General de la ONU, dentro de los Objetivos de Desarrollo Sostenible (SDGs), estableció en 2015 para este país, un indicador de 8 sobre 100, siendo 0 el peor resultado y 100 el mejor.;The country's high Air Pollution risk is above the average in other countries.
SV;Fifty_fifty;Existe riesgo de Contaminación atmosférica o polución en el país. Según estudio elaborado por la Asamblea General de la ONU, dentro de los Objetivos de Desarrollo Sostenible (SDGs), estableció en 2015 para este país, un indicador de 37 sobre 100, siendo 0 el peor resultado y 100 el mejor.;There is a risk of Air Pollution in the country.
GQ;Fifty_fifty;Existe riesgo de Contaminación atmosférica o polución en el país. Según estudio elaborado por la Asamblea General de la ONU, dentro de los Objetivos de Desarrollo Sostenible (SDGs), estableció en 2015 para este país, un indicador de 31 sobre 100, siendo 0 el peor resultado y 100 el mejor.;There is a risk of Air Pollution in the country.
ER;Fifty_fifty;Existe riesgo de Contaminación atmosférica o polución en el país. Según estudio elaborado por la Asamblea General de la ONU, dentro de los Objetivos de Desarrollo Sostenible (SDGs), estableció en 2015 para este país, un indicador de 33 sobre 100, siendo 0 el peor resultado y 100 el mejor.;There is a risk of Air Pollution in the country.
EE;Fifty_fifty;Existe riesgo de Contaminación atmosférica o polución en el país. Según estudio elaborado por la Asamblea General de la ONU, dentro de los Objetivos de Desarrollo Sostenible (SDGs), estableció en 2015 para este país, un indicador de 72 sobre 100, siendo 0 el peor resultado y 100 el mejor.;There is a risk of Air Pollution in the country.
ET;Fifty_fifty;Existe riesgo de Contaminación atmosférica o polución en el país. Según estudio elaborado por la Asamblea General de la ONU, dentro de los Objetivos de Desarrollo Sostenible (SDGs), estableció en 2015 para este país, un indicador de 38 sobre 100, siendo 0 el peor resultado y 100 el mejor.;There is a risk of Air Pollution in the country.
FM;Probably_not;El riesgo de Contaminación atmosférica o polución en el país se encuentra por debajo de la media del resto de países del mundo. Según estudio elaborado por la Asamblea General de la ONU, dentro de los Objetivos de Desarrollo Sostenible (SDGs), estableció en 2015 para este país, un indicador de 77 sobre 100, siendo 0 el peor resultado y 100 el mejor.;The risk of Air Pollution in the country is below the average of other countries in the world.
FJ;Probably_not;El riesgo de Contaminación atmosférica o polución en el país se encuentra por debajo de la media del resto de países del mundo. Según estudio elaborado por la Asamblea General de la ONU, dentro de los Objetivos de Desarrollo Sostenible (SDGs), estableció en 2015 para este país, un indicador de 76 sobre 100, siendo 0 el peor resultado y 100 el mejor.;The risk of Air Pollution in the country is below the average of other countries in the world.
FI;Probably_not;El riesgo de Contaminación atmosférica o polución en el país se encuentra por debajo de la media del resto de países del mundo. Según estudio elaborado por la Asamblea General de la ONU, dentro de los Objetivos de Desarrollo Sostenible (SDGs), estableció en 2015 para este país, un indicador de 77 sobre 100, siendo 0 el peor resultado y 100 el mejor.;The risk of Air Pollution in the country is below the average of other countries in the world.
FR;Fifty_fifty;Existe riesgo de Contaminación atmosférica o polución en el país. Según estudio elaborado por la Asamblea General de la ONU, dentro de los Objetivos de Desarrollo Sostenible (SDGs), estableció en 2015 para este país, un indicador de 65 sobre 100, siendo 0 el peor resultado y 100 el mejor.;There is a risk of Air Pollution in the country.
GA;Fifty_fifty;Existe riesgo de Contaminación atmosférica o polución en el país. Según estudio elaborado por la Asamblea General de la ONU, dentro de los Objetivos de Desarrollo Sostenible (SDGs), estableció en 2015 para este país, un indicador de 35 sobre 100, siendo 0 el peor resultado y 100 el mejor.;There is a risk of Air Pollution in the country.
GE;Fifty_fifty;Existe riesgo de Contaminación atmosférica o polución en el país. Según estudio elaborado por la Asamblea General de la ONU, dentro de los Objetivos de Desarrollo Sostenible (SDGs), estableció en 2015 para este país, un indicador de 52 sobre 100, siendo 0 el peor resultado y 100 el mejor.;There is a risk of Air Pollution in the country.
DE;Fifty_fifty;Existe riesgo de Contaminación atmosférica o polución en el país. Según estudio elaborado por la Asamblea General de la ONU, dentro de los Objetivos de Desarrollo Sostenible (SDGs), estableció en 2015 para este país, un indicador de 62 sobre 100, siendo 0 el peor resultado y 100 el mejor.;There is a risk of Air Pollution in the country.
GH;Fifty_fifty;Existe riesgo de Contaminación atmosférica o polución en el país. Según estudio elaborado por la Asamblea General de la ONU, dentro de los Objetivos de Desarrollo Sostenible (SDGs), estableció en 2015 para este país, un indicador de 49 sobre 100, siendo 0 el peor resultado y 100 el mejor.;There is a risk of Air Pollution in the country.
GR;Fifty_fifty;Existe riesgo de Contaminación atmosférica o polución en el país. Según estudio elaborado por la Asamblea General de la ONU, dentro de los Objetivos de Desarrollo Sostenible (SDGs), estableció en 2015 para este país, un indicador de 63 sobre 100, siendo 0 el peor resultado y 100 el mejor.;There is a risk of Air Pollution in the country.
GD;Fifty_fifty;Existe riesgo de Contaminación atmosférica o polución en el país. Según estudio elaborado por la Asamblea General de la ONU, dentro de los Objetivos de Desarrollo Sostenible (SDGs), estableció en 2015 para este país, un indicador de 61 sobre 100, siendo 0 el peor resultado y 100 el mejor.;There is a risk of Air Pollution in the country.
GT;Fifty_fifty;Existe riesgo de Contaminación atmosférica o polución en el país. Según estudio elaborado por la Asamblea General de la ONU, dentro de los Objetivos de Desarrollo Sostenible (SDGs), estableció en 2015 para este país, un indicador de 39 sobre 100, siendo 0 el peor resultado y 100 el mejor.;There is a risk of Air Pollution in the country.
GN;Fifty_fifty;Existe riesgo de Contaminación atmosférica o polución en el país. Según estudio elaborado por la Asamblea General de la ONU, dentro de los Objetivos de Desarrollo Sostenible (SDGs), estableció en 2015 para este país, un indicador de 50 sobre 100, siendo 0 el peor resultado y 100 el mejor.;There is a risk of Air Pollution in the country.
GW;Fifty_fifty;Existe riesgo de Contaminación atmosférica o polución en el país. Según estudio elaborado por la Asamblea General de la ONU, dentro de los Objetivos de Desarrollo Sostenible (SDGs), estableció en 2015 para este país, un indicador de 40 sobre 100, siendo 0 el peor resultado y 100 el mejor.;There is a risk of Air Pollution in the country.
GY;Fifty_fifty;Existe riesgo de Contaminación atmosférica o polución en el país. Según estudio elaborado por la Asamblea General de la ONU, dentro de los Objetivos de Desarrollo Sostenible (SDGs), estableció en 2015 para este país, un indicador de 57 sobre 100, siendo 0 el peor resultado y 100 el mejor.;There is a risk of Air Pollution in the country.
HT;Fifty_fifty;Existe riesgo de Contaminación atmosférica o polución en el país. Según estudio elaborado por la Asamblea General de la ONU, dentro de los Objetivos de Desarrollo Sostenible (SDGs), estableció en 2015 para este país, un indicador de 46 sobre 100, siendo 0 el peor resultado y 100 el mejor.;There is a risk of Air Pollution in the country.
HN;Fifty_fifty;Existe riesgo de Contaminación atmosférica o polución en el país. Según estudio elaborado por la Asamblea General de la ONU, dentro de los Objetivos de Desarrollo Sostenible (SDGs), estableció en 2015 para este país, un indicador de 37 sobre 100, siendo 0 el peor resultado y 100 el mejor.;There is a risk of Air Pollution in the country.
HU;Fifty_fifty;Existe riesgo de Contaminación atmosférica o polución en el país. Según estudio elaborado por la Asamblea General de la ONU, dentro de los Objetivos de Desarrollo Sostenible (SDGs), estableció en 2015 para este país, un indicador de 49 sobre 100, siendo 0 el peor resultado y 100 el mejor.;There is a risk of Air Pollution in the country.
IS;Probably_not;El riesgo de Contaminación atmosférica o polución en el país se encuentra por debajo de la media del resto de países del mundo. Según estudio elaborado por la Asamblea General de la ONU, dentro de los Objetivos de Desarrollo Sostenible (SDGs), estableció en 2015 para este país, un indicador de 76 sobre 100, siendo 0 el peor resultado y 100 el mejor.;The risk of Air Pollution in the country is below the average of other countries in the world.
IN;Probable;El riesgo de Contaminación atmosférica o polución en el país el alto, se encuentra por encima de la media del resto de países. Según estudio elaborado por la Asamblea General de la ONU, dentro de los Objetivos de Desarrollo Sostenible (SDGs), estableció en 2015 para este país, un indicador de 18 sobre 100, siendo 0 el peor resultado y 100 el mejor.;The country's high Air Pollution risk is above the average in other countries.
ID;Fifty_fifty;Existe riesgo de Contaminación atmosférica o polución en el país. Según estudio elaborado por la Asamblea General de la ONU, dentro de los Objetivos de Desarrollo Sostenible (SDGs), estableció en 2015 para este país, un indicador de 59 sobre 100, siendo 0 el peor resultado y 100 el mejor.;There is a risk of Air Pollution in the country.
IR;Fifty_fifty;Existe riesgo de Contaminación atmosférica o polución en el país. Según estudio elaborado por la Asamblea General de la ONU, dentro de los Objetivos de Desarrollo Sostenible (SDGs), estableció en 2015 para este país, un indicador de 33 sobre 100, siendo 0 el peor resultado y 100 el mejor.;There is a risk of Air Pollution in the country.
IQ;Fifty_fifty;Existe riesgo de Contaminación atmosférica o polución en el país. Según estudio elaborado por la Asamblea General de la ONU, dentro de los Objetivos de Desarrollo Sostenible (SDGs), estableció en 2015 para este país, un indicador de 28 sobre 100, siendo 0 el peor resultado y 100 el mejor.;There is a risk of Air Pollution in the country.
IE;Fifty_fifty;Existe riesgo de Contaminación atmosférica o polución en el país. Según estudio elaborado por la Asamblea General de la ONU, dentro de los Objetivos de Desarrollo Sostenible (SDGs), estableció en 2015 para este país, un indicador de 71 sobre 100, siendo 0 el peor resultado y 100 el mejor.;There is a risk of Air Pollution in the country.
IL;Fifty_fifty;Existe riesgo de Contaminación atmosférica o polución en el país. Según estudio elaborado por la Asamblea General de la ONU, dentro de los Objetivos de Desarrollo Sostenible (SDGs), estableció en 2015 para este país, un indicador de 52 sobre 100, siendo 0 el peor resultado y 100 el mejor.;There is a risk of Air Pollution in the country.
IT;Fifty_fifty;Existe riesgo de Contaminación atmosférica o polución en el país. Según estudio elaborado por la Asamblea General de la ONU, dentro de los Objetivos de Desarrollo Sostenible (SDGs), estableció en 2015 para este país, un indicador de 53 sobre 100, siendo 0 el peor resultado y 100 el mejor.;There is a risk of Air Pollution in the country.
JM;Fifty_fifty;Existe riesgo de Contaminación atmosférica o polución en el país. Según estudio elaborado por la Asamblea General de la ONU, dentro de los Objetivos de Desarrollo Sostenible (SDGs), estableció en 2015 para este país, un indicador de 57 sobre 100, siendo 0 el peor resultado y 100 el mejor.;There is a risk of Air Pollution in the country.
JP;Fifty_fifty;Existe riesgo de Contaminación atmosférica o polución en el país. Según estudio elaborado por la Asamblea General de la ONU, dentro de los Objetivos de Desarrollo Sostenible (SDGs), estableció en 2015 para este país, un indicador de 63 sobre 100, siendo 0 el peor resultado y 100 el mejor.;There is a risk of Air Pollution in the country.
JO;Fifty_fifty;Existe riesgo de Contaminación atmosférica o polución en el país. Según estudio elaborado por la Asamblea General de la ONU, dentro de los Objetivos de Desarrollo Sostenible (SDGs), estableció en 2015 para este país, un indicador de 36 sobre 100, siendo 0 el peor resultado y 100 el mejor.;There is a risk of Air Pollution in the country.
KZ;Fifty_fifty;Existe riesgo de Contaminación atmosférica o polución en el país. Según estudio elaborado por la Asamblea General de la ONU, dentro de los Objetivos de Desarrollo Sostenible (SDGs), estableció en 2015 para este país, un indicador de 53 sobre 100, siendo 0 el peor resultado y 100 el mejor.;There is a risk of Air Pollution in the country.
KE;Fifty_fifty;Existe riesgo de Contaminación atmosférica o polución en el país. Según estudio elaborado por la Asamblea General de la ONU, dentro de los Objetivos de Desarrollo Sostenible (SDGs), estableció en 2015 para este país, un indicador de 58 sobre 100, siendo 0 el peor resultado y 100 el mejor.;There is a risk of Air Pollution in the country.
KI;Almost_certainly_not;El riesgo de Contaminación atmosférica o polución en el país es muy bajo. Según estudio elaborado por la Asamblea General de la ONU, dentro de los Objetivos de Desarrollo Sostenible (SDGs), estableció en 2015 para este país, un indicador de 95 sobre 100, siendo 0 el peor resultado y 100 el mejor.;The risk of Air Pollution in the country is very low.
KW;Probable;El riesgo de Contaminación atmosférica o polución en el país el alto, se encuentra por encima de la media del resto de países. Según estudio elaborado por la Asamblea General de la ONU, dentro de los Objetivos de Desarrollo Sostenible (SDGs), estableció en 2015 para este país, un indicador de 21 sobre 100, siendo 0 el peor resultado y 100 el mejor.;The country's high Air Pollution risk is above the average in other countries.
KG;Fifty_fifty;Existe riesgo de Contaminación atmosférica o polución en el país. Según estudio elaborado por la Asamblea General de la ONU, dentro de los Objetivos de Desarrollo Sostenible (SDGs), estableció en 2015 para este país, un indicador de 57 sobre 100, siendo 0 el peor resultado y 100 el mejor.;There is a risk of Air Pollution in the country.
LA;Fifty_fifty;Existe riesgo de Contaminación atmosférica o polución en el país. Según estudio elaborado por la Asamblea General de la ONU, dentro de los Objetivos de Desarrollo Sostenible (SDGs), estableció en 2015 para este país, un indicador de 40 sobre 100, siendo 0 el peor resultado y 100 el mejor.;There is a risk of Air Pollution in the country.
LV;Fifty_fifty;Existe riesgo de Contaminación atmosférica o polución en el país. Según estudio elaborado por la Asamblea General de la ONU, dentro de los Objetivos de Desarrollo Sostenible (SDGs), estableció en 2015 para este país, un indicador de 52 sobre 100, siendo 0 el peor resultado y 100 el mejor.;There is a risk of Air Pollution in the country.
LB;Fifty_fifty;Existe riesgo de Contaminación atmosférica o polución en el país. Según estudio elaborado por la Asamblea General de la ONU, dentro de los Objetivos de Desarrollo Sostenible (SDGs), estableció en 2015 para este país, un indicador de 40 sobre 100, siendo 0 el peor resultado y 100 el mejor.;There is a risk of Air Pollution in the country.
LS;Fifty_fifty;Existe riesgo de Contaminación atmosférica o polución en el país. Según estudio elaborado por la Asamblea General de la ONU, dentro de los Objetivos de Desarrollo Sostenible (SDGs), estableció en 2015 para este país, un indicador de 48 sobre 100, siendo 0 el peor resultado y 100 el mejor.;There is a risk of Air Pollution in the country.
LR;Probably_not;El riesgo de Contaminación atmosférica o polución en el país se encuentra por debajo de la media del resto de países del mundo. Según estudio elaborado por la Asamblea General de la ONU, dentro de los Objetivos de Desarrollo Sostenible (SDGs), estableció en 2015 para este país, un indicador de 76 sobre 100, siendo 0 el peor resultado y 100 el mejor.;The risk of Air Pollution in the country is below the average of other countries in the world.
LY;Probable;El riesgo de Contaminación atmosférica o polución en el país el alto, se encuentra por encima de la media del resto de países. Según estudio elaborado por la Asamblea General de la ONU, dentro de los Objetivos de Desarrollo Sostenible (SDGs), estableció en 2015 para este país, un indicador de 16 sobre 100, siendo 0 el peor resultado y 100 el mejor.;The country's high Air Pollution risk is above the average in other countries.
LT;Fifty_fifty;Existe riesgo de Contaminación atmosférica o polución en el país. Según estudio elaborado por la Asamblea General de la ONU, dentro de los Objetivos de Desarrollo Sostenible (SDGs), estableció en 2015 para este país, un indicador de 54 sobre 100, siendo 0 el peor resultado y 100 el mejor.;There is a risk of Air Pollution in the country.
LU;Fifty_fifty;Existe riesgo de Contaminación atmosférica o polución en el país. Según estudio elaborado por la Asamblea General de la ONU, dentro de los Objetivos de Desarrollo Sostenible (SDGs), estableció en 2015 para este país, un indicador de 58 sobre 100, siendo 0 el peor resultado y 100 el mejor.;There is a risk of Air Pollution in the country.
MK;Fifty_fifty;Existe riesgo de Contaminación atmosférica o polución en el país. Según estudio elaborado por la Asamblea General de la ONU, dentro de los Objetivos de Desarrollo Sostenible (SDGs), estableció en 2015 para este país, un indicador de 35 sobre 100, siendo 0 el peor resultado y 100 el mejor.;There is a risk of Air Pollution in the country.
MG;Fifty_fifty;Existe riesgo de Contaminación atmosférica o polución en el país. Según estudio elaborado por la Asamblea General de la ONU, dentro de los Objetivos de Desarrollo Sostenible (SDGs), estableció en 2015 para este país, un indicador de 53 sobre 100, siendo 0 el peor resultado y 100 el mejor.;There is a risk of Air Pollution in the country.
MW;Fifty_fifty;Existe riesgo de Contaminación atmosférica o polución en el país. Según estudio elaborado por la Asamblea General de la ONU, dentro de los Objetivos de Desarrollo Sostenible (SDGs), estableció en 2015 para este país, un indicador de 47 sobre 100, siendo 0 el peor resultado y 100 el mejor.;There is a risk of Air Pollution in the country.
MY;Fifty_fifty;Existe riesgo de Contaminación atmosférica o polución en el país. Según estudio elaborado por la Asamblea General de la ONU, dentro de los Objetivos de Desarrollo Sostenible (SDGs), estableció en 2015 para este país, un indicador de 59 sobre 100, siendo 0 el peor resultado y 100 el mejor.;There is a risk of Air Pollution in the country.
MV;Fifty_fifty;Existe riesgo de Contaminación atmosférica o polución en el país. Según estudio elaborado por la Asamblea General de la ONU, dentro de los Objetivos de Desarrollo Sostenible (SDGs), estableció en 2015 para este país, un indicador de 44 sobre 100, siendo 0 el peor resultado y 100 el mejor.;There is a risk of Air Pollution in the country.
ML;Fifty_fifty;Existe riesgo de Contaminación atmosférica o polución en el país. Según estudio elaborado por la Asamblea General de la ONU, dentro de los Objetivos de Desarrollo Sostenible (SDGs), estableció en 2015 para este país, un indicador de 32 sobre 100, siendo 0 el peor resultado y 100 el mejor.;There is a risk of Air Pollution in the country.
MT;Fifty_fifty;Existe riesgo de Contaminación atmosférica o polución en el país. Según estudio elaborado por la Asamblea General de la ONU, dentro de los Objetivos de Desarrollo Sostenible (SDGs), estableció en 2015 para este país, un indicador de 59 sobre 100, siendo 0 el peor resultado y 100 el mejor.;There is a risk of Air Pollution in the country.
MH;Fifty_fifty;Existe riesgo de Contaminación atmosférica o polución en el país. Según estudio elaborado por la Asamblea General de la ONU, dentro de los Objetivos de Desarrollo Sostenible (SDGs), estableció en 2015 para este país, un indicador de 71 sobre 100, siendo 0 el peor resultado y 100 el mejor.;There is a risk of Air Pollution in the country.
MR;Probable;El riesgo de Contaminación atmosférica o polución en el país el alto, se encuentra por encima de la media del resto de países. Según estudio elaborado por la Asamblea General de la ONU, dentro de los Objetivos de Desarrollo Sostenible (SDGs), estableció en 2015 para este país, un indicador de 15 sobre 100, siendo 0 el peor resultado y 100 el mejor.;The country's high Air Pollution risk is above the average in other countries.
MU;Fifty_fifty;Existe riesgo de Contaminación atmosférica o polución en el país. Según estudio elaborado por la Asamblea General de la ONU, dentro de los Objetivos de Desarrollo Sostenible (SDGs), estableció en 2015 para este país, un indicador de 60 sobre 100, siendo 0 el peor resultado y 100 el mejor.;There is a risk of Air Pollution in the country.
MX;Fifty_fifty;Existe riesgo de Contaminación atmosférica o polución en el país. Según estudio elaborado por la Asamblea General de la ONU, dentro de los Objetivos de Desarrollo Sostenible (SDGs), estableció en 2015 para este país, un indicador de 53 sobre 100, siendo 0 el peor resultado y 100 el mejor.;There is a risk of Air Pollution in the country.
MD;Fifty_fifty;Existe riesgo de Contaminación atmosférica o polución en el país. Según estudio elaborado por la Asamblea General de la ONU, dentro de los Objetivos de Desarrollo Sostenible (SDGs), estableció en 2015 para este país, un indicador de 52 sobre 100, siendo 0 el peor resultado y 100 el mejor.;There is a risk of Air Pollution in the country.
MN;Fifty_fifty;Existe riesgo de Contaminación atmosférica o polución en el país. Según estudio elaborado por la Asamblea General de la ONU, dentro de los Objetivos de Desarrollo Sostenible (SDGs), estableció en 2015 para este país, un indicador de 49 sobre 100, siendo 0 el peor resultado y 100 el mejor.;There is a risk of Air Pollution in the country.
ME;Fifty_fifty;Existe riesgo de Contaminación atmosférica o polución en el país. Según estudio elaborado por la Asamblea General de la ONU, dentro de los Objetivos de Desarrollo Sostenible (SDGs), estableció en 2015 para este país, un indicador de 49 sobre 100, siendo 0 el peor resultado y 100 el mejor.;There is a risk of Air Pollution in the country.
MA;Fifty_fifty;Existe riesgo de Contaminación atmosférica o polución en el país. Según estudio elaborado por la Asamblea General de la ONU, dentro de los Objetivos de Desarrollo Sostenible (SDGs), estableció en 2015 para este país, un indicador de 49 sobre 100, siendo 0 el peor resultado y 100 el mejor.;There is a risk of Air Pollution in the country.
MZ;Fifty_fifty;Existe riesgo de Contaminación atmosférica o polución en el país. Según estudio elaborado por la Asamblea General de la ONU, dentro de los Objetivos de Desarrollo Sostenible (SDGs), estableció en 2015 para este país, un indicador de 54 sobre 100, siendo 0 el peor resultado y 100 el mejor.;There is a risk of Air Pollution in the country.
MM;Fifty_fifty;Existe riesgo de Contaminación atmosférica o polución en el país. Según estudio elaborado por la Asamblea General de la ONU, dentro de los Objetivos de Desarrollo Sostenible (SDGs), estableció en 2015 para este país, un indicador de 27 sobre 100, siendo 0 el peor resultado y 100 el mejor.;There is a risk of Air Pollution in the country.
NA;Fifty_fifty;Existe riesgo de Contaminación atmosférica o polución en el país. Según estudio elaborado por la Asamblea General de la ONU, dentro de los Objetivos de Desarrollo Sostenible (SDGs), estableció en 2015 para este país, un indicador de 51 sobre 100, siendo 0 el peor resultado y 100 el mejor.;There is a risk of Air Pollution in the country.
NP;Probable;El riesgo de Contaminación atmosférica o polución en el país el alto, se encuentra por encima de la media del resto de países. Según estudio elaborado por la Asamblea General de la ONU, dentro de los Objetivos de Desarrollo Sostenible (SDGs), estableció en 2015 para este país, un indicador de 18 sobre 100, siendo 0 el peor resultado y 100 el mejor.;The country's high Air Pollution risk is above the average in other countries.
NL;Fifty_fifty;Existe riesgo de Contaminación atmosférica o polución en el país. Según estudio elaborado por la Asamblea General de la ONU, dentro de los Objetivos de Desarrollo Sostenible (SDGs), estableció en 2015 para este país, un indicador de 61 sobre 100, siendo 0 el peor resultado y 100 el mejor.;There is a risk of Air Pollution in the country.
NZ;Probably_not;El riesgo de Contaminación atmosférica o polución en el país se encuentra por debajo de la media del resto de países del mundo. Según estudio elaborado por la Asamblea General de la ONU, dentro de los Objetivos de Desarrollo Sostenible (SDGs), estableció en 2015 para este país, un indicador de 84 sobre 100, siendo 0 el peor resultado y 100 el mejor.;The risk of Air Pollution in the country is below the average of other countries in the world.
NI;Fifty_fifty;Existe riesgo de Contaminación atmosférica o polución en el país. Según estudio elaborado por la Asamblea General de la ONU, dentro de los Objetivos de Desarrollo Sostenible (SDGs), estableció en 2015 para este país, un indicador de 45 sobre 100, siendo 0 el peor resultado y 100 el mejor.;There is a risk of Air Pollution in the country.
NE;Probable;El riesgo de Contaminación atmosférica o polución en el país el alto, se encuentra por encima de la media del resto de países. Según estudio elaborado por la Asamblea General de la ONU, dentro de los Objetivos de Desarrollo Sostenible (SDGs), estableció en 2015 para este país, un indicador de 23 sobre 100, siendo 0 el peor resultado y 100 el mejor.;The country's high Air Pollution risk is above the average in other countries.
NG;Fifty_fifty;Existe riesgo de Contaminación atmosférica o polución en el país. Según estudio elaborado por la Asamblea General de la ONU, dentro de los Objetivos de Desarrollo Sostenible (SDGs), estableció en 2015 para este país, un indicador de 36 sobre 100, siendo 0 el peor resultado y 100 el mejor.;There is a risk of Air Pollution in the country.
KP;Fifty_fifty;Existe riesgo de Contaminación atmosférica o polución en el país. Según estudio elaborado por la Asamblea General de la ONU, dentro de los Objetivos de Desarrollo Sostenible (SDGs), estableció en 2015 para este país, un indicador de 39 sobre 100, siendo 0 el peor resultado y 100 el mejor.;There is a risk of Air Pollution in the country.
NO;Fifty_fifty;Existe riesgo de Contaminación atmosférica o polución en el país. Según estudio elaborado por la Asamblea General de la ONU, dentro de los Objetivos de Desarrollo Sostenible (SDGs), estableció en 2015 para este país, un indicador de 72 sobre 100, siendo 0 el peor resultado y 100 el mejor.;There is a risk of Air Pollution in the country.
OM;Fifty_fifty;Existe riesgo de Contaminación atmosférica o polución en el país. Según estudio elaborado por la Asamblea General de la ONU, dentro de los Objetivos de Desarrollo Sostenible (SDGs), estableció en 2015 para este país, un indicador de 27 sobre 100, siendo 0 el peor resultado y 100 el mejor.;There is a risk of Air Pollution in the country.
PK;Probable;El riesgo de Contaminación atmosférica o polución en el país el alto, se encuentra por encima de la media del resto de países. Según estudio elaborado por la Asamblea General de la ONU, dentro de los Objetivos de Desarrollo Sostenible (SDGs), estableció en 2015 para este país, un indicador de 22 sobre 100, siendo 0 el peor resultado y 100 el mejor.;The country's high Air Pollution risk is above the average in other countries.
PS;Fifty_fifty;Existe riesgo de Contaminación atmosférica o polución en el país. Según estudio elaborado por la Asamblea General de la ONU, dentro de los Objetivos de Desarrollo Sostenible (SDGs), estableció en 2015 para este país, un indicador de 52 sobre 100, siendo 0 el peor resultado y 100 el mejor.;There is a risk of Air Pollution in the country.
PA;Fifty_fifty;Existe riesgo de Contaminación atmosférica o polución en el país. Según estudio elaborado por la Asamblea General de la ONU, dentro de los Objetivos de Desarrollo Sostenible (SDGs), estableció en 2015 para este país, un indicador de 63 sobre 100, siendo 0 el peor resultado y 100 el mejor.;There is a risk of Air Pollution in the country.
PG;Fifty_fifty;Existe riesgo de Contaminación atmosférica o polución en el país. Según estudio elaborado por la Asamblea General de la ONU, dentro de los Objetivos de Desarrollo Sostenible (SDGs), estableció en 2015 para este país, un indicador de 62 sobre 100, siendo 0 el peor resultado y 100 el mejor.;There is a risk of Air Pollution in the country.
PY;Fifty_fifty;Existe riesgo de Contaminación atmosférica o polución en el país. Según estudio elaborado por la Asamblea General de la ONU, dentro de los Objetivos de Desarrollo Sostenible (SDGs), estableció en 2015 para este país, un indicador de 60 sobre 100, siendo 0 el peor resultado y 100 el mejor.;There is a risk of Air Pollution in the country.
PE;Fifty_fifty;Existe riesgo de Contaminación atmosférica o polución en el país. Según estudio elaborado por la Asamblea General de la ONU, dentro de los Objetivos de Desarrollo Sostenible (SDGs), estableció en 2015 para este país, un indicador de 44 sobre 100, siendo 0 el peor resultado y 100 el mejor.;There is a risk of Air Pollution in the country.
PH;Fifty_fifty;Existe riesgo de Contaminación atmosférica o polución en el país. Según estudio elaborado por la Asamblea General de la ONU, dentro de los Objetivos de Desarrollo Sostenible (SDGs), estableció en 2015 para este país, un indicador de 49 sobre 100, siendo 0 el peor resultado y 100 el mejor.;There is a risk of Air Pollution in the country.
PL;Fifty_fifty;Existe riesgo de Contaminación atmosférica o polución en el país. Según estudio elaborado por la Asamblea General de la ONU, dentro de los Objetivos de Desarrollo Sostenible (SDGs), estableció en 2015 para este país, un indicador de 48 sobre 100, siendo 0 el peor resultado y 100 el mejor.;There is a risk of Air Pollution in the country.
PT;Fifty_fifty;Existe riesgo de Contaminación atmosférica o polución en el país. Según estudio elaborado por la Asamblea General de la ONU, dentro de los Objetivos de Desarrollo Sostenible (SDGs), estableció en 2015 para este país, un indicador de 71 sobre 100, siendo 0 el peor resultado y 100 el mejor.;There is a risk of Air Pollution in the country.
QA;Probable;El riesgo de Contaminación atmosférica o polución en el país el alto, se encuentra por encima de la media del resto de países. Según estudio elaborado por la Asamblea General de la ONU, dentro de los Objetivos de Desarrollo Sostenible (SDGs), estableció en 2015 para este país, un indicador de 8 sobre 100, siendo 0 el peor resultado y 100 el mejor.;The country's high Air Pollution risk is above the average in other countries.
RO;Fifty_fifty;Existe riesgo de Contaminación atmosférica o polución en el país. Según estudio elaborado por la Asamblea General de la ONU, dentro de los Objetivos de Desarrollo Sostenible (SDGs), estableció en 2015 para este país, un indicador de 53 sobre 100, siendo 0 el peor resultado y 100 el mejor.;There is a risk of Air Pollution in the country.
RU;Fifty_fifty;Existe riesgo de Contaminación atmosférica o polución en el país. Según estudio elaborado por la Asamblea General de la ONU, dentro de los Objetivos de Desarrollo Sostenible (SDGs), estableció en 2015 para este país, un indicador de 58 sobre 100, siendo 0 el peor resultado y 100 el mejor.;There is a risk of Air Pollution in the country.
RW;Fifty_fifty;Existe riesgo de Contaminación atmosférica o polución en el país. Según estudio elaborado por la Asamblea General de la ONU, dentro de los Objetivos de Desarrollo Sostenible (SDGs), estableció en 2015 para este país, un indicador de 29 sobre 100, siendo 0 el peor resultado y 100 el mejor.;There is a risk of Air Pollution in the country.
LC;Fifty_fifty;Existe riesgo de Contaminación atmosférica o polución en el país. Según estudio elaborado por la Asamblea General de la ONU, dentro de los Objetivos de Desarrollo Sostenible (SDGs), estableció en 2015 para este país, un indicador de 62 sobre 100, siendo 0 el peor resultado y 100 el mejor.;There is a risk of Air Pollution in the country.
VC;Fifty_fifty;Existe riesgo de Contaminación atmosférica o polución en el país. Según estudio elaborado por la Asamblea General de la ONU, dentro de los Objetivos de Desarrollo Sostenible (SDGs), estableció en 2015 para este país, un indicador de 62 sobre 100, siendo 0 el peor resultado y 100 el mejor.;There is a risk of Air Pollution in the country.
WS;Probably_not;El riesgo de Contaminación atmosférica o polución en el país se encuentra por debajo de la media del resto de países del mundo. Según estudio elaborado por la Asamblea General de la ONU, dentro de los Objetivos de Desarrollo Sostenible (SDGs), estableció en 2015 para este país, un indicador de 92 sobre 100, siendo 0 el peor resultado y 100 el mejor.;The risk of Air Pollution in the country is below the average of other countries in the world.
ST;Fifty_fifty;Existe riesgo de Contaminación atmosférica o polución en el país. Según estudio elaborado por la Asamblea General de la ONU, dentro de los Objetivos de Desarrollo Sostenible (SDGs), estableció en 2015 para este país, un indicador de 63 sobre 100, siendo 0 el peor resultado y 100 el mejor.;There is a risk of Air Pollution in the country.
SA;Probable;El riesgo de Contaminación atmosférica o polución en el país el alto, se encuentra por encima de la media del resto de países. Según estudio elaborado por la Asamblea General de la ONU, dentro de los Objetivos de Desarrollo Sostenible (SDGs), estableció en 2015 para este país, un indicador de 8 sobre 100, siendo 0 el peor resultado y 100 el mejor.;The country's high Air Pollution risk is above the average in other countries.
SN;Fifty_fifty;Existe riesgo de Contaminación atmosférica o polución en el país. Según estudio elaborado por la Asamblea General de la ONU, dentro de los Objetivos de Desarrollo Sostenible (SDGs), estableció en 2015 para este país, un indicador de 37 sobre 100, siendo 0 el peor resultado y 100 el mejor.;There is a risk of Air Pollution in the country.
RS;Fifty_fifty;Existe riesgo de Contaminación atmosférica o polución en el país. Según estudio elaborado por la Asamblea General de la ONU, dentro de los Objetivos de Desarrollo Sostenible (SDGs), estableció en 2015 para este país, un indicador de 51 sobre 100, siendo 0 el peor resultado y 100 el mejor.;There is a risk of Air Pollution in the country.
SC;Fifty_fifty;Existe riesgo de Contaminación atmosférica o polución en el país. Según estudio elaborado por la Asamblea General de la ONU, dentro de los Objetivos de Desarrollo Sostenible (SDGs), estableció en 2015 para este país, un indicador de 65 sobre 100, siendo 0 el peor resultado y 100 el mejor.;There is a risk of Air Pollution in the country.
SL;Fifty_fifty;Existe riesgo de Contaminación atmosférica o polución en el país. Según estudio elaborado por la Asamblea General de la ONU, dentro de los Objetivos de Desarrollo Sostenible (SDGs), estableció en 2015 para este país, un indicador de 54 sobre 100, siendo 0 el peor resultado y 100 el mejor.;There is a risk of Air Pollution in the country.
SG;Fifty_fifty;Existe riesgo de Contaminación atmosférica o polución en el país. Según estudio elaborado por la Asamblea General de la ONU, dentro de los Objetivos de Desarrollo Sostenible (SDGs), estableció en 2015 para este país, un indicador de 55 sobre 100, siendo 0 el peor resultado y 100 el mejor.;There is a risk of Air Pollution in the country.
SK;Fifty_fifty;Existe riesgo de Contaminación atmosférica o polución en el país. Según estudio elaborado por la Asamblea General de la ONU, dentro de los Objetivos de Desarrollo Sostenible (SDGs), estableció en 2015 para este país, un indicador de 52 sobre 100, siendo 0 el peor resultado y 100 el mejor.;There is a risk of Air Pollution in the country.
SI;Fifty_fifty;Existe riesgo de Contaminación atmosférica o polución en el país. Según estudio elaborado por la Asamblea General de la ONU, dentro de los Objetivos de Desarrollo Sostenible (SDGs), estableció en 2015 para este país, un indicador de 53 sobre 100, siendo 0 el peor resultado y 100 el mejor.;There is a risk of Air Pollution in the country.
SB;Probably_not;El riesgo de Contaminación atmosférica o polución en el país se encuentra por debajo de la media del resto de países del mundo. Según estudio elaborado por la Asamblea General de la ONU, dentro de los Objetivos de Desarrollo Sostenible (SDGs), estableció en 2015 para este país, un indicador de 80 sobre 100, siendo 0 el peor resultado y 100 el mejor.;The risk of Air Pollution in the country is below the average of other countries in the world.
SO;Fifty_fifty;Existe riesgo de Contaminación atmosférica o polución en el país. Según estudio elaborado por la Asamblea General de la ONU, dentro de los Objetivos de Desarrollo Sostenible (SDGs), estableció en 2015 para este país, un indicador de 53 sobre 100, siendo 0 el peor resultado y 100 el mejor.;There is a risk of Air Pollution in the country.
ZA;Fifty_fifty;Existe riesgo de Contaminación atmosférica o polución en el país. Según estudio elaborado por la Asamblea General de la ONU, dentro de los Objetivos de Desarrollo Sostenible (SDGs), estableció en 2015 para este país, un indicador de 43 sobre 100, siendo 0 el peor resultado y 100 el mejor.;There is a risk of Air Pollution in the country.
KR;Fifty_fifty;Existe riesgo de Contaminación atmosférica o polución en el país. Según estudio elaborado por la Asamblea General de la ONU, dentro de los Objetivos de Desarrollo Sostenible (SDGs), estableció en 2015 para este país, un indicador de 44 sobre 100, siendo 0 el peor resultado y 100 el mejor.;There is a risk of Air Pollution in the country.
GS;Fifty_fifty;Existe riesgo de Contaminación atmosférica o polución en el país. Según estudio elaborado por la Asamblea General de la ONU, dentro de los Objetivos de Desarrollo Sostenible (SDGs), estableció en 2015 para este país, un indicador de 40 sobre 100, siendo 0 el peor resultado y 100 el mejor.;There is a risk of Air Pollution in the country.
ES;Fifty_fifty;Existe riesgo de Contaminación atmosférica o polución en el país. Según estudio elaborado por la Asamblea General de la ONU, dentro de los Objetivos de Desarrollo Sostenible (SDGs), estableció en 2015 para este país, un indicador de 71 sobre 100, siendo 0 el peor resultado y 100 el mejor.;There is a risk of Air Pollution in the country.
LK;Fifty_fifty;Existe riesgo de Contaminación atmosférica o polución en el país. Según estudio elaborado por la Asamblea General de la ONU, dentro de los Objetivos de Desarrollo Sostenible (SDGs), estableció en 2015 para este país, un indicador de 44 sobre 100, siendo 0 el peor resultado y 100 el mejor.;There is a risk of Air Pollution in the country.
SD;Fifty_fifty;Existe riesgo de Contaminación atmosférica o polución en el país. Según estudio elaborado por la Asamblea General de la ONU, dentro de los Objetivos de Desarrollo Sostenible (SDGs), estableció en 2015 para este país, un indicador de 29 sobre 100, siendo 0 el peor resultado y 100 el mejor.;There is a risk of Air Pollution in the country.
SR;Fifty_fifty;Existe riesgo de Contaminación atmosférica o polución en el país. Según estudio elaborado por la Asamblea General de la ONU, dentro de los Objetivos de Desarrollo Sostenible (SDGs), estableció en 2015 para este país, un indicador de 56 sobre 100, siendo 0 el peor resultado y 100 el mejor.;There is a risk of Air Pollution in the country.
SZ;Fifty_fifty;Existe riesgo de Contaminación atmosférica o polución en el país. Según estudio elaborado por la Asamblea General de la ONU, dentro de los Objetivos de Desarrollo Sostenible (SDGs), estableció en 2015 para este país, un indicador de 51 sobre 100, siendo 0 el peor resultado y 100 el mejor.;There is a risk of Air Pollution in the country.
SE;Probably_not;El riesgo de Contaminación atmosférica o polución en el país se encuentra por debajo de la media del resto de países del mundo. Según estudio elaborado por la Asamblea General de la ONU, dentro de los Objetivos de Desarrollo Sostenible (SDGs), estableció en 2015 para este país, un indicador de 81 sobre 100, siendo 0 el peor resultado y 100 el mejor.;The risk of Air Pollution in the country is below the average of other countries in the world.
CH;Fifty_fifty;Existe riesgo de Contaminación atmosférica o polución en el país. Según estudio elaborado por la Asamblea General de la ONU, dentro de los Objetivos de Desarrollo Sostenible (SDGs), estableció en 2015 para este país, un indicador de 64 sobre 100, siendo 0 el peor resultado y 100 el mejor.;There is a risk of Air Pollution in the country.
SY;Fifty_fifty;Existe riesgo de Contaminación atmosférica o polución en el país. Según estudio elaborado por la Asamblea General de la ONU, dentro de los Objetivos de Desarrollo Sostenible (SDGs), estableció en 2015 para este país, un indicador de 34 sobre 100, siendo 0 el peor resultado y 100 el mejor.;There is a risk of Air Pollution in the country.
TW;Fifty_fifty;Existe riesgo de Contaminación atmosférica o polución en el país. Según estudio elaborado por la Asamblea General de la ONU, dentro de los Objetivos de Desarrollo Sostenible (SDGs), estableció en 2015 para este país, un indicador de 42 sobre 100, siendo 0 el peor resultado y 100 el mejor.;There is a risk of Air Pollution in the country.
TJ;Fifty_fifty;Existe riesgo de Contaminación atmosférica o polución en el país. Según estudio elaborado por la Asamblea General de la ONU, dentro de los Objetivos de Desarrollo Sostenible (SDGs), estableció en 2015 para este país, un indicador de 29 sobre 100, siendo 0 el peor resultado y 100 el mejor.;There is a risk of Air Pollution in the country.
TZ;Fifty_fifty;Existe riesgo de Contaminación atmosférica o polución en el país. Según estudio elaborado por la Asamblea General de la ONU, dentro de los Objetivos de Desarrollo Sostenible (SDGs), estableció en 2015 para este país, un indicador de 49 sobre 100, siendo 0 el peor resultado y 100 el mejor.;There is a risk of Air Pollution in the country.
TH;Fifty_fifty;Existe riesgo de Contaminación atmosférica o polución en el país. Según estudio elaborado por la Asamblea General de la ONU, dentro de los Objetivos de Desarrollo Sostenible (SDGs), estableció en 2015 para este país, un indicador de 46 sobre 100, siendo 0 el peor resultado y 100 el mejor.;There is a risk of Air Pollution in the country.
BS;Fifty_fifty;Existe riesgo de Contaminación atmosférica o polución en el país. Según estudio elaborado por la Asamblea General de la ONU, dentro de los Objetivos de Desarrollo Sostenible (SDGs), estableció en 2015 para este país, un indicador de 63 sobre 100, siendo 0 el peor resultado y 100 el mejor.;There is a risk of Air Pollution in the country.
GM;Probable;El riesgo de Contaminación atmosférica o polución en el país el alto, se encuentra por encima de la media del resto de países. Según estudio elaborado por la Asamblea General de la ONU, dentro de los Objetivos de Desarrollo Sostenible (SDGs), estableció en 2015 para este país, un indicador de 25 sobre 100, siendo 0 el peor resultado y 100 el mejor.;The country's high Air Pollution risk is above the average in other countries.
TL;Fifty_fifty;Existe riesgo de Contaminación atmosférica o polución en el país. Según estudio elaborado por la Asamblea General de la ONU, dentro de los Objetivos de Desarrollo Sostenible (SDGs), estableció en 2015 para este país, un indicador de 55 sobre 100, siendo 0 el peor resultado y 100 el mejor.;There is a risk of Air Pollution in the country.
TG;Fifty_fifty;Existe riesgo de Contaminación atmosférica o polución en el país. Según estudio elaborado por la Asamblea General de la ONU, dentro de los Objetivos de Desarrollo Sostenible (SDGs), estableció en 2015 para este país, un indicador de 40 sobre 100, siendo 0 el peor resultado y 100 el mejor.;There is a risk of Air Pollution in the country.
TO;Probably_not;El riesgo de Contaminación atmosférica o polución en el país se encuentra por debajo de la media del resto de países del mundo. Según estudio elaborado por la Asamblea General de la ONU, dentro de los Objetivos de Desarrollo Sostenible (SDGs), estableció en 2015 para este país, un indicador de 91 sobre 100, siendo 0 el peor resultado y 100 el mejor.;The risk of Air Pollution in the country is below the average of other countries in the world.
TT;Fifty_fifty;Existe riesgo de Contaminación atmosférica o polución en el país. Según estudio elaborado por la Asamblea General de la ONU, dentro de los Objetivos de Desarrollo Sostenible (SDGs), estableció en 2015 para este país, un indicador de 62 sobre 100, siendo 0 el peor resultado y 100 el mejor.;There is a risk of Air Pollution in the country.
TN;Fifty_fifty;Existe riesgo de Contaminación atmosférica o polución en el país. Según estudio elaborado por la Asamblea General de la ONU, dentro de los Objetivos de Desarrollo Sostenible (SDGs), estableció en 2015 para este país, un indicador de 32 sobre 100, siendo 0 el peor resultado y 100 el mejor.;There is a risk of Air Pollution in the country.
TR;Fifty_fifty;Existe riesgo de Contaminación atmosférica o polución en el país. Según estudio elaborado por la Asamblea General de la ONU, dentro de los Objetivos de Desarrollo Sostenible (SDGs), estableció en 2015 para este país, un indicador de 37 sobre 100, siendo 0 el peor resultado y 100 el mejor.;There is a risk of Air Pollution in the country.
TM;Fifty_fifty;Existe riesgo de Contaminación atmosférica o polución en el país. Según estudio elaborado por la Asamblea General de la ONU, dentro de los Objetivos de Desarrollo Sostenible (SDGs), estableció en 2015 para este país, un indicador de 41 sobre 100, siendo 0 el peor resultado y 100 el mejor.;There is a risk of Air Pollution in the country.
UG;Probable;El riesgo de Contaminación atmosférica o polución en el país el alto, se encuentra por encima de la media del resto de países. Según estudio elaborado por la Asamblea General de la ONU, dentro de los Objetivos de Desarrollo Sostenible (SDGs), estableció en 2015 para este país, un indicador de 24 sobre 100, siendo 0 el peor resultado y 100 el mejor.;The country's high Air Pollution risk is above the average in other countries.
GB;Fifty_fifty;Existe riesgo de Contaminación atmosférica o polución en el país. Según estudio elaborado por la Asamblea General de la ONU, dentro de los Objetivos de Desarrollo Sostenible (SDGs), estableció en 2015 para este país, un indicador de 65 sobre 100, siendo 0 el peor resultado y 100 el mejor.;There is a risk of Air Pollution in the country.
UA;Fifty_fifty;Existe riesgo de Contaminación atmosférica o polución en el país. Según estudio elaborado por la Asamblea General de la ONU, dentro de los Objetivos de Desarrollo Sostenible (SDGs), estableció en 2015 para este país, un indicador de 54 sobre 100, siendo 0 el peor resultado y 100 el mejor.;There is a risk of Air Pollution in the country.
AE;Probable;El riesgo de Contaminación atmosférica o polución en el país el alto, se encuentra por encima de la media del resto de países. Según estudio elaborado por la Asamblea General de la ONU, dentro de los Objetivos de Desarrollo Sostenible (SDGs), estableció en 2015 para este país, un indicador de 22 sobre 100, siendo 0 el peor resultado y 100 el mejor.;The country's high Air Pollution risk is above the average in other countries.
UY;Fifty_fifty;Existe riesgo de Contaminación atmosférica o polución en el país. Según estudio elaborado por la Asamblea General de la ONU, dentro de los Objetivos de Desarrollo Sostenible (SDGs), estableció en 2015 para este país, un indicador de 67 sobre 100, siendo 0 el peor resultado y 100 el mejor.;There is a risk of Air Pollution in the country.
US;Fifty_fifty;Existe riesgo de Contaminación atmosférica o polución en el país. Según estudio elaborado por la Asamblea General de la ONU, dentro de los Objetivos de Desarrollo Sostenible (SDGs), estableció en 2015 para este país, un indicador de 74 sobre 100, siendo 0 el peor resultado y 100 el mejor.;There is a risk of Air Pollution in the country.
UZ;Fifty_fifty;Existe riesgo de Contaminación atmosférica o polución en el país. Según estudio elaborado por la Asamblea General de la ONU, dentro de los Objetivos de Desarrollo Sostenible (SDGs), estableció en 2015 para este país, un indicador de 35 sobre 100, siendo 0 el peor resultado y 100 el mejor.;There is a risk of Air Pollution in the country.
VU;Probably_not;El riesgo de Contaminación atmosférica o polución en el país se encuentra por debajo de la media del resto de países del mundo. Según estudio elaborado por la Asamblea General de la ONU, dentro de los Objetivos de Desarrollo Sostenible (SDGs), estableció en 2015 para este país, un indicador de 75 sobre 100, siendo 0 el peor resultado y 100 el mejor.;The risk of Air Pollution in the country is below the average of other countries in the world.
VE;Fifty_fifty;Existe riesgo de Contaminación atmosférica o polución en el país. Según estudio elaborado por la Asamblea General de la ONU, dentro de los Objetivos de Desarrollo Sostenible (SDGs), estableció en 2015 para este país, un indicador de 49 sobre 100, siendo 0 el peor resultado y 100 el mejor.;There is a risk of Air Pollution in the country.
VN;Fifty_fifty;Existe riesgo de Contaminación atmosférica o polución en el país. Según estudio elaborado por la Asamblea General de la ONU, dentro de los Objetivos de Desarrollo Sostenible (SDGs), estableció en 2015 para este país, un indicador de 44 sobre 100, siendo 0 el peor resultado y 100 el mejor.;There is a risk of Air Pollution in the country.
YE;Fifty_fifty;Existe riesgo de Contaminación atmosférica o polución en el país. Según estudio elaborado por la Asamblea General de la ONU, dentro de los Objetivos de Desarrollo Sostenible (SDGs), estableció en 2015 para este país, un indicador de 28 sobre 100, siendo 0 el peor resultado y 100 el mejor.;There is a risk of Air Pollution in the country.
ZM;Fifty_fifty;Existe riesgo de Contaminación atmosférica o polución en el país. Según estudio elaborado por la Asamblea General de la ONU, dentro de los Objetivos de Desarrollo Sostenible (SDGs), estableció en 2015 para este país, un indicador de 46 sobre 100, siendo 0 el peor resultado y 100 el mejor.;There is a risk of Air Pollution in the country.
ZW;Fifty_fifty;Existe riesgo de Contaminación atmosférica o polución en el país. Según estudio elaborado por la Asamblea General de la ONU, dentro de los Objetivos de Desarrollo Sostenible (SDGs), estableció en 2015 para este país, un indicador de 50 sobre 100, siendo 0 el peor resultado y 100 el mejor.;There is a risk of Air Pollution in the country.
