F:ISO_3166_1_alpha2_to_lugar(lugarObj),D:BWID,D:searegion,direccion,nombre,D:categoriaAgua,D:longitud,D:latitud,D:valoracion2015,A:tipo(10)
GB,UK32310 ,North-east Atlantic Ocean,SOUTH WEST (UK)-CORNWALL-RESTORMEL,GREAT WESTERN,C,-5.0766,50.416,1
GB,UK14700 ,North-east Atlantic Ocean,SOUTH EAST (UK)-EAST SUSSEX-LEWES,NEWHAVEN,T,0.053,50.7814,1
GB,UK20800 ,North-east Atlantic Ocean,SOUTH WEST (UK)-DORSET-WEYMOUTH AND PORTLAND,PORTLAND HARBOUR CASTLE COVE,C,-2.4597,50.5963,1
GB,UK46100 ,North-east Atlantic Ocean,NORTH WEST (UK)-CUMBRIA-ALLERDALE,ALLONBY,C,-3.4346,54.768,2
GB,UK35300 ,North-east Atlantic Ocean,SOUTH WEST (UK)-SOMERSET-SEDGEMOOR,BURNHAM JETTY NORTH,T,-2.9994,51.2357,2
GB,UK11550 ,North-east Atlantic Ocean,EAST OF ENGLAND-ESSEX-TENDRING,CLACTON (GROYNE 41),C,1.1535,51.785,2
GB,UK42800 ,North-east Atlantic Ocean,NORTH WEST (UK)-LANCASHIRE-WYRE,CLEVELEYS,C,-3.0481,53.8813,2
GB,UKS7616012 ,North-east Atlantic Ocean,SCOTLAND-ABERDEENSHIRE-CRUDEN BAY,CRUDEN BAY,C,-1.8585,57.4043,2
GB,UKS7616069 ,North-east Atlantic Ocean,SCOTLAND-DUMFRIES & GALLOWAY-DHOON BAY,DHOON BAY,T,-4.0882,54.8148,2
GB,UK27000 ,North-east Atlantic Ocean,SOUTH WEST (UK)-CORNWALL-CARADON,EAST LOOE,T,-4.4515,50.3526,2
GB,UKS7616022 ,North-east Atlantic Ocean,SCOTLAND-BORDERS-EYEMOUTH,EYEMOUTH,C,-2.09,55.8736,2
GB,UKS7616089 ,North-east Atlantic Ocean,SCOTLAND-CITY OF EDINBURGH-,FISHERROW SANDS,C,-3.0711,55.9462,2
GB,UKS7616025 ,North-east Atlantic Ocean,SCOTLAND-SOUTH AYRSHIRE-GIRVAN,GIRVAN,C,-4.8616,55.236,2
GB,UKS7616071 ,North-east Atlantic Ocean,SCOTLAND-SOUTH AYRSHIRE-HEADS OF AYR,HEADS OF AYR,C,-4.6871,55.4351,2
GB,UK34500 ,North-east Atlantic Ocean,SOUTH WEST (UK)-DEVON-NORTH DEVON,ILFRACOMBE WILDERSMOUTH,C,-4.1215,51.2105,2
GB,UK34000 ,North-east Atlantic Ocean,SOUTH WEST (UK)-DEVON-NORTH DEVON,INSTOW,T,-4.1819,51.0529,2
GB,UKS7616072 ,North-east Atlantic Ocean,SCOTLAND-FIFE-KINGHORN ,KINGHORN (HARBOUR BEACH),C,-3.1722,56.0674,2
GB,UK21400 ,North-east Atlantic Ocean,SOUTH WEST (UK)-DORSET-WEST DORSET,LYME REGIS CHURCH CLIFF BEACH,C,-2.9303,50.725,2
GB,UKS7616088 ,North-east Atlantic Ocean,SCOTLAND-ANGUS-MONIFIETH,MONIFIETH,C,-2.8133,56.4775,2
GB,UKS7616080 ,North-east Atlantic Ocean,SCOTLAND-DUMFRIES & GALLOWAY-,MOSSYARD,T,-4.2556,54.8385,2
GB,UKS7616037 ,North-east Atlantic Ocean,SCOTLAND-HIGHLAND-NAIRN,NAIRN (CENTRAL),C,-3.8672,57.5908,2
GB,UKS7616038 ,North-east Atlantic Ocean,SCOTLAND-HIGHLAND-NAIRN,NAIRN (EAST),C,-3.8515,57.5953,2
GB,UKS7616045 ,North-east Atlantic Ocean,SCOTLAND-CITY OF EDINBURGH-PORTOBELLO,PORTOBELLO (WEST),C,-3.1215,55.9616,2
GB,UKS7616046 ,North-east Atlantic Ocean,SCOTLAND-SOUTH AYRSHIRE-PRESTWICK,PRESTWICK,C,-4.6248,55.5033,2
GB,UKS7616047 ,North-east Atlantic Ocean,SCOTLAND-DUMFRIES & GALLOWAY-ROCKCLIFFE,ROCKCLIFFE,T,-3.7965,54.8638,2
GB,UKGIB30 ,Mediterranean Sea,GIBRALTAR-GIBRALTAR-GIBRALTAR,SANDY BAY,C,-5.3414,36.1317,2
GB,UKS7616050 ,North-east Atlantic Ocean,SCOTLAND-DUMFRIES & GALLOWAY-SANDYHILLS,SANDYHILLS,C,-3.7244,54.8788,2
GB,UK46300 ,North-east Atlantic Ocean,NORTH WEST (UK)-CUMBRIA-ALLERDALE,SILLOTH,T,-3.4091,54.8653,2
GB,UK03600 ,North-east Atlantic Ocean,NORTH EAST (UK)-NORTHUMBERLAND-BERWICK UPON TWEED,SPITTAL,C,-1.9888,55.7569,2
GB,UK06800 ,North-east Atlantic Ocean,YORKSHIRE & THE HUMBER-NORTH YORKSHIRE-SCARBOROUGH,STAITHES,C,-0.789,54.5586,2
GB,UKS7616058 ,North-east Atlantic Ocean,SCOTLAND-ABERDEENSHIRE-STONEHAVEN,STONEHAVEN,C,-2.2028,56.9668,2
GB,UK12630 ,North-east Atlantic Ocean,SOUTH EAST (UK)-KENT-THANET,WALPOLE BAY. MARGATE,C,1.3991,51.3923,2
GB,UKGIB60 ,Mediterranean Sea,GIBRALTAR-GIBRALTAR-GIBRALTAR,WESTERN BEACH,C,-5.3514,36.1531,2
GB,UKS7616063 ,North-east Atlantic Ocean,SCOTLAND-EAST LOTHIAN-NORTH BERWICK,YELLOW CRAIG,C,-2.7801,56.0654,2
GB,UK39050 ,North-east Atlantic Ocean,WALES-GWYNEDD-ABERDYFI,ABERDYFI,T,-4.0552,52.5419,3
GB,UK46000 ,North-east Atlantic Ocean,NORTH WEST (UK)-CUMBRIA-ALLERDALE,ALLONBY SOUTH,C,-3.4565,54.744,3
GB,UKS761604 ,North-east Atlantic Ocean,SCOTLAND-SOUTH AYRSHIRE-AYR,AYR (SOUTH BEACH),C,-4.6503,55.4501,3
GB,UKGBNIPA3_20016 ,North-east Atlantic Ocean,NORTHERN IRELAND-NORTHERN IRELAND-NORTH DOWN,BALLYHOLME,C,-5.6483,54.6656,3
GB,UK25700 ,North-east Atlantic Ocean,SOUTH WEST (UK)-DEVON-SOUTH HAMS,BANTHAM,T,-3.8788,50.279,3
GB,UK18200 ,North-east Atlantic Ocean,SOUTH EAST (UK)-ISLE OF WIGHT-BEMBRIDGE,BEMBRIDGE,C,-1.0697,50.6862,3
GB,UK42600 ,North-east Atlantic Ocean,NORTH WEST (UK)-LANCASHIRE-BLACKPOOL,BISPHAM,C,-3.0549,53.8489,3
GB,UK42300 ,North-east Atlantic Ocean,NORTH WEST (UK)-LANCASHIRE-BLACKPOOL,BLACKPOOL CENTRAL,C,-3.0562,53.8027,3
GB,UK12800 ,North-east Atlantic Ocean,SOUTH EAST (UK)-KENT-THANET,BROADSTAIRS. VIKING BAY,C,1.4429,51.3577,3
GB,UKGBNIPA3_20003 ,North-east Atlantic Ocean,NORTHERN IRELAND-NORTHERN IRELAND-LARNE,CARNLOUGH,C,-5.9907,54.9872,3
GB,UKGIB20 ,Mediterranean Sea,GIBRALTAR-GIBRALTAR-GIBRALTAR,CATALAN BAY,C,-5.3411,36.1389,3
GB,UK40050 ,North-east Atlantic Ocean,WALES-ISLE OF ANGLESEY-CEMAES,CEMAES,C,-4.4492,53.4142,3
GB,UK11650 ,North-east Atlantic Ocean,EAST OF ENGLAND-ESSEX-TENDRING,CLACTON BEACH MARTELLO TOWER,C,1.1401,51.78,3
GB,UKS7616018 ,North-east Atlantic Ocean,SCOTLAND-EAST LOTHIAN-DUNBAR,DUNBAR (EAST),C,-2.5111,56.0026,3
GB,UKS7616023 ,North-east Atlantic Ocean,SCOTLAND-ABERDEENSHIRE-FRASERBURGH,FRASERBURGH (TIGER HILL),C,-1.9938,57.6819,3
GB,UK44800 ,North-east Atlantic Ocean,NORTH WEST (UK)-CUMBRIA-COPELAND,HAVERIGG,C,-3.2888,54.1891,3
GB,UKS7616028 ,North-east Atlantic Ocean,SCOTLAND-NORTH AYRSHIRE-IRVINE,IRVINE,C,-4.6807,55.5947,3
GB,UK22000 ,North-east Atlantic Ocean,SOUTH WEST (UK)-DEVON-EAST DEVON,LADRAM BAY,C,-3.2796,50.6586,3
GB,UK15300 ,North-east Atlantic Ocean,SOUTH EAST (UK)-WEST SUSSEX-ADUR,LANCING. BEACH GREEN,C,-0.322,50.8199,3
GB,UKS7616074 ,North-east Atlantic Ocean,SCOTLAND-FIFE-LEVEN,LEVEN,C,-2.9798,56.2003,3
GB,UK13800 ,North-east Atlantic Ocean,SOUTH EAST (UK)-KENT-SHEPWAY,LITTLESTONE,C,0.9673,50.9768,3
GB,UKS7616076 ,North-east Atlantic Ocean,SCOTLAND-MORAY-LOSSIEMOUTH,LOSSIEMOUTH (EAST),C,-3.2607,57.7128,3
GB,UKS7616078 ,North-east Atlantic Ocean,SCOTLAND-NORTH AYRSHIRE-LUNDERSTON BAY,LUNDERSTON BAY,C,-4.8783,55.9305,3
GB,UK43550 ,North-east Atlantic Ocean,NORTH WEST (UK)-LANCASHIRE-LANCASTER,MORECAMBE NORTH,T,-2.8607,54.0775,3
GB,UK43260 ,North-east Atlantic Ocean,NORTH WEST (UK)-LANCASHIRE-LANCASTER,MORECAMBE SOUTH,C,-2.8765,54.0728,3
GB,UK26100 ,North-east Atlantic Ocean,SOUTH WEST (UK)-DEVON-SOUTH HAMS,MOTHECOMBE,T,-3.9528,50.3096,3
GB,UK38688 ,North-east Atlantic Ocean,WALES-CEREDIGION-NEW QUAY NORTH,NEW QUAY NORTH,C,-4.3588,52.2159,3
GB,UK24100 ,North-east Atlantic Ocean,SOUTH WEST (UK)-DEVON-TORBAY,PAIGNTON PAIGNTON SANDS,C,-3.5588,50.4351,3
GB,UK32340 ,North-east Atlantic Ocean,SOUTH WEST (UK)-CORNWALL-RESTORMEL,PORTH,C,-5.057,50.4247,3
GB,UK28400 ,North-east Atlantic Ocean,SOUTH WEST (UK)-CORNWALL-RESTORMEL,PORTHLUNEY,C,-4.8433,50.2368,3
GB,UKS7616044 ,North-east Atlantic Ocean,SCOTLAND-CITY OF EDINBURGH-PORTOBELLO,PORTOBELLO (CENTRAL),C,-3.1054,55.9543,3
GB,UK40600 ,North-east Atlantic Ocean,WALES-DENBIGHSHIRE-RHYL,RHYL,C,-3.5001,53.3309,3
GB,UKS7616049 ,North-east Atlantic Ocean,SCOTLAND-NORTH AYRSHIRE-SALTCOATS/ARDOSSAN,SALTCOATS/ARDROSSAN,C,-4.8021,55.6371,3
GB,UK07400 ,North-east Atlantic Ocean,YORKSHIRE & THE HUMBER-NORTH YORKSHIRE-SCARBOROUGH,SCARBOROUGH SOUTH BAY,C,-0.3952,54.282,3
GB,UK05800 ,North-east Atlantic Ocean,NORTH EAST (UK)-DURHAM-EASINGTON,SEAHAM BEACH,C,-1.3381,54.8475,3
GB,UK05700 ,North-east Atlantic Ocean,NORTH EAST (UK)-DURHAM-EASINGTON,SEAHAM HALL BEACH,C,-1.3415,54.8504,3
GB,UK26800 ,North-east Atlantic Ocean,SOUTH WEST (UK)-CORNWALL-CARADON,SEATON (CORNWALL),C,-4.3864,50.3644,3
GB,UK06000 ,North-east Atlantic Ocean,NORTH EAST (UK)-HARTLEPOOL-SEATON CAREW NORTH,SEATON CAREW NORTH,C,-1.186,54.6647,3
GB,UK22900 ,North-east Atlantic Ocean,SOUTH WEST (UK)-DEVON-TEIGNBRIDGE,SHALDON,T,-3.5024,50.5398,3
GB,UK18500 ,North-east Atlantic Ocean,SOUTH EAST (UK)-ISLE OF WIGHT-SHANKLIN,SHANKLIN,C,-1.1732,50.627,3
GB,UK11830 ,North-east Atlantic Ocean,EAST OF ENGLAND-ESSEX-SOUTHEND-ON-SEA,SOUTHEND JUBILEE,T,0.7232,51.5278,3
GB,UKS7616056 ,North-east Atlantic Ocean,SCOTLAND-FIFE-ST ANDREWS,ST ANDREWS (EAST SANDS),C,-2.7793,56.3361,3
GB,UK22800 ,North-east Atlantic Ocean,SOUTH WEST (UK)-DEVON-TEIGNBRIDGE,TEIGNMOUTH TOWN,C,-3.4935,50.5454,3
GB,UK11940 ,North-east Atlantic Ocean,LONDON-LONDON-WESTMINSTER CC,THE SERPENTINE - HYDE PARK,L,-0.1691,51.5049,3
GB,UKS7616085 ,North-east Atlantic Ocean,SCOTLAND-HIGHLAND-THURSO,THURSO,C,-3.5204,58.5981,3
GB,UK26200 ,North-east Atlantic Ocean,SOUTH WEST (UK)-DEVON-SOUTH HAMS,WEMBURY,C,-4.0851,50.318,3
GB,UK35700 ,North-east Atlantic Ocean,SOUTH WEST (UK)-NORTH SOMERSET-WOODSPRING,WESTON-SUPER-MARE UPHILL SLIPWAY,T,-2.9903,51.3247,3
GB,UKS7616062 ,North-east Atlantic Ocean,SCOTLAND-EAST LOTHIAN-WHITESANDS,WHITESANDS,C,-2.4643,55.9891,3
GB,UK36800 ,North-east Atlantic Ocean,WALES-NEATH PORT TALBOT-ABERAFAN,ABERAFAN,T,-3.8177,51.5933,4
GB,UKS761601 ,North-east Atlantic Ocean,SCOTLAND-ABERDEENSHIRE-ABERDEEN,ABERDEEN,C,-2.0769,57.1543,4
GB,UKS7616086 ,North-east Atlantic Ocean,SCOTLAND-FIFE-ABERDOUR,ABERDOUR HARBOUR (BLACK SANDS),C,-3.2962,56.0484,4
GB,UK40450 ,North-east Atlantic Ocean,WALES-CONWY-ABERGELE (PENSARN),ABERGELE (PENSARN),C,-3.5852,53.2974,4
GB,UK38800 ,North-east Atlantic Ocean,WALES-CEREDIGION-ABERYSTWYTH SOUTH,ABERYSTWYTH SOUTH,C,-4.09,52.4113,4
GB,UK41300 ,North-east Atlantic Ocean,NORTH WEST (UK)-MERSEYSIDE-SEFTON,AINSDALE,C,-3.064,53.6079,4
GB,UKS7616087 ,North-east Atlantic Ocean,SCOTLAND-FIFE-ANSTRUTHER (BILLOW NESS),ANSTRUTHER (BILLOW NESS),C,-2.7058,56.2175,4
GB,UKS761603 ,North-east Atlantic Ocean,SCOTLAND-ANGUS-ARBROATH (WEST LINKS),ARBROATH (WEST LINKS),C,-2.6064,56.5488,4
GB,UKGBNIPA3_20001 ,North-east Atlantic Ocean,NORTHERN IRELAND-NORTHERN IRELAND-MOYLE,BALLYCASTLE,C,-6.2253,55.2055,4
GB,UKGBNIPA3_20004 ,North-east Atlantic Ocean,NORTHERN IRELAND-NORTHERN IRELAND-LARNE,BALLYGALLY,C,-5.8584,54.8991,4
GB,UKGBNIPA3_20018 ,North-east Atlantic Ocean,NORTHERN IRELAND-NORTHERN IRELAND-ARDS,BALLYWALTER,C,-5.4829,54.5408,4
GB,UKS761605 ,North-east Atlantic Ocean,SCOTLAND-ABERDEENSHIRE-BALMEDIE,BALMEDIE,C,-2.0329,57.2539,4
GB,UK35500 ,North-east Atlantic Ocean,SOUTH WEST (UK)-SOMERSET-SEDGEMOOR,BERROW NORTH OF UNITY FARM,T,-3.0178,51.2817,4
GB,UK14200 ,North-east Atlantic Ocean,SOUTH EAST (UK)-EAST SUSSEX-ROTHER,BEXHILL,C,0.4703,50.8365,4
GB,UK25800 ,North-east Atlantic Ocean,SOUTH WEST (UK)-DEVON-SOUTH HAMS,BIGBURY-ON-SEA SOUTH,T,-3.895,50.2817,4
GB,UK42500 ,North-east Atlantic Ocean,NORTH WEST (UK)-LANCASHIRE-BLACKPOOL,BLACKPOOL NORTH,C,-3.0566,53.8161,4
GB,UK35200 ,North-east Atlantic Ocean,SOUTH WEST (UK)-SOMERSET-WEST SOMERSET,BLUE ANCHOR WEST,C,-3.4012,51.1824,4
GB,UK15700 ,North-east Atlantic Ocean,SOUTH EAST (UK)-WEST SUSSEX-ARUN,BOGNOR REGIS (ALDWICK),C,-0.6914,50.7793,4
GB,UK15680 ,North-east Atlantic Ocean,SOUTH EAST (UK)-WEST SUSSEX-ARUN,BOGNOR REGIS EAST,C,-0.6694,50.7824,4
GB,UK19060 ,North-east Atlantic Ocean,SOUTH WEST (UK)-DORSET-BOURNEMOUTH,BOURNEMOUTH BOSCOMBE PIER,C,-1.844,50.7195,4
GB,UK19100 ,North-east Atlantic Ocean,SOUTH WEST (UK)-DORSET-BOURNEMOUTH,BOURNEMOUTH PIER,C,-1.8759,50.7155,4
GB,UK26300 ,North-east Atlantic Ocean,SOUTH WEST (UK)-DEVON-SOUTH HAMS,BOVISAND,C,-4.1195,50.3355,4
GB,UK20400 ,North-east Atlantic Ocean,SOUTH WEST (UK)-DORSET-WEYMOUTH AND PORTLAND,BOWLEAZE COVE,C,-2.4223,50.6362,4
GB,UK08000 ,North-east Atlantic Ocean,YORKSHIRE & THE HUMBER-EAST RIDING OF YORKS-BRIDLINGTON NORTH BEACH,BRIDLINGTON NORTH BEACH,C,-0.1827,54.0868,4
GB,UK08100 ,North-east Atlantic Ocean,YORKSHIRE & THE HUMBER-EAST RIDING OF YORKS-BRIDLINGTON SOUTH BEACH,BRIDLINGTON SOUTH BEACH,C,-0.1999,54.0756,4
GB,UKS761606 ,North-east Atlantic Ocean,SCOTLAND-DUMFRIES & GALLOWAY-BRIGHOUSE BAY,BRIGHOUSE BAY,C,-4.1238,54.7854,4
GB,UKS7616067 ,North-east Atlantic Ocean,SCOTLAND-EAST LOTHIAN-NORTH BERWICK,BROAD SANDS,C,-2.7631,56.0627,4
GB,UK24300 ,North-east Atlantic Ocean,SOUTH WEST (UK)-DEVON-TORBAY,BROADSANDS,C,-3.5543,50.406,4
GB,UK33600 ,North-east Atlantic Ocean,SOUTH WEST (UK)-CORNWALL-NORTH CORNWALL,BUDE CROOKLETS,C,-4.554,50.8358,4
GB,UK33500 ,North-east Atlantic Ocean,SOUTH WEST (UK)-CORNWALL-NORTH CORNWALL,BUDE SUMMERLEAZE,C,-4.552,50.8312,4
GB,UK22100 ,North-east Atlantic Ocean,SOUTH WEST (UK)-DEVON-EAST DEVON,BUDLEIGH SALTERTON,C,-3.3182,50.6293,4
GB,UKS761608 ,North-east Atlantic Ocean,SCOTLAND-FIFE-BURNTISLAND,BURNTISLAND,C,-3.2093,56.0594,4
GB,UK13900 ,North-east Atlantic Ocean,SOUTH EAST (UK)-EAST SUSSEX-ROTHER,CAMBER,C,0.7963,50.9332,4
GB,UKGIB50 ,Mediterranean Sea,GIBRALTAR-GIBRALTAR-GIBRALTAR,CAMP BAY,C,-5.3511,36.1192,4
GB,UKS761609 ,North-east Atlantic Ocean,SCOTLAND-ANGUS-CARNOUSTIE,CARNOUSTIE,C,-2.7078,56.4968,4
GB,UKS7616010 ,North-east Atlantic Ocean,SCOTLAND-DUMFRIES & GALLOWAY-CARRICK,CARRICK,C,-4.2224,54.8254,4
GB,UK21300 ,North-east Atlantic Ocean,SOUTH WEST (UK)-DORSET-WEST DORSET,CHARMOUTH WEST,C,-2.9046,50.7336,4
GB,UK18800 ,North-east Atlantic Ocean,SOUTH WEST (UK)-DORSET-CHRISTCHURCH,CHRISTCHURCH AVON BEACH,T,-1.7337,50.7293,4
GB,UK38920 ,North-east Atlantic Ocean,WALES-CEREDIGION-CLARACH SOUTH,CLARACH SOUTH,C,-4.0798,52.4334,4
GB,UK09000 ,North-east Atlantic Ocean,YORKSHIRE & THE HUMBER-N E LINCOLNSHIRE-CLEETHORPES,CLEETHORPES,T,-0.0221,53.5577,4
GB,UK36000 ,North-east Atlantic Ocean,SOUTH WEST (UK)-NORTH SOMERSET-WOODSPRING,CLEVEDON BEACH,T,-2.8658,51.4377,4
GB,UKS7616055 ,North-east Atlantic Ocean,SCOTLAND-BORDERS-COLDINGHAM,COLDINGHAM,C,-2.1332,55.8922,4
GB,UKS7616090 ,,SCOTLAND--,COLLIESTON,C,-1.9339,57.3473,4
GB,UK34700 ,North-east Atlantic Ocean,SOUTH WEST (UK)-DEVON-NORTH DEVON,COMBE MARTIN,C,-4.0382,51.2073,4
GB,UK33360 ,North-east Atlantic Ocean,SOUTH WEST (UK)-CORNWALL-NORTH CORNWALL,CRACKINGTON HAVEN,C,-4.6338,50.7419,4
GB,UK05900 ,North-east Atlantic Ocean,NORTH EAST (UK)-DURHAM-EASINGTON,CRIMDON,C,-1.2487,54.7281,4
GB,UK34200 ,North-east Atlantic Ocean,SOUTH WEST (UK)-DEVON-NORTH DEVON,CROYDE BAY,C,-4.2385,51.1315,4
GB,UKS7616013 ,North-east Atlantic Ocean,SCOTLAND-MORAY-CULLEN ,CULLEN BAY,C,-2.8405,57.6968,4
GB,UK22500 ,North-east Atlantic Ocean,SOUTH WEST (UK)-DEVON-TEIGNBRIDGE,DAWLISH TOWN,C,-3.4625,50.5818,4
GB,UKS7616015 ,North-east Atlantic Ocean,SCOTLAND-HIGHLAND-DORES,DORES,L,-4.3378,57.3838,4
GB,UKS7616017 ,North-east Atlantic Ocean,SCOTLAND-EAST LOTHIAN-DUNBAR,DUNBAR (BELHAVEN),C,-2.5574,56.0052,4
GB,UK35100 ,North-east Atlantic Ocean,SOUTH WEST (UK)-SOMERSET-WEST SOMERSET,DUNSTER NORTH WEST,C,-3.4369,51.2012,4
GB,UK13600 ,North-east Atlantic Ocean,SOUTH EAST (UK)-KENT-SHEPWAY,DYMCHURCH,C,0.9966,51.0246,4
GB,UKGIB10 ,Mediterranean Sea,GIBRALTAR-GIBRALTAR-GIBRALTAR,EASTERN BEACH,C,-5.3397,36.1481,4
GB,UKS7616064 ,North-east Atlantic Ocean,SCOTLAND-FIFE-ELIE AND EARLSFERRY,ELIE (HARBOUR) AND EARLSFERRY,C,-2.8247,56.188,4
GB,UKS7616021 ,North-east Atlantic Ocean,SCOTLAND-ARGYLL AND BUTE-ETTRICK BAY,ETTRICK BAY,C,-5.1364,55.8462,4
GB,UK22300 ,North-east Atlantic Ocean,SOUTH WEST (UK)-DEVON-EAST DEVON,EXMOUTH,T,-3.4017,50.6111,4
GB,UK15650 ,North-east Atlantic Ocean,SOUTH EAST (UK)-WEST SUSSEX-ARUN,FELPHAM,C,-0.6526,50.7863,4
GB,UK07600 ,North-east Atlantic Ocean,YORKSHIRE & THE HUMBER-NORTH YORKSHIRE-SCARBOROUGH,FILEY,C,-0.2842,54.2082,4
GB,UKS7616070 ,North-east Atlantic Ocean,SCOTLAND-MORAY-FINDHORN,FINDHORN,C,-3.6156,57.6646,4
GB,UK08300 ,North-east Atlantic Ocean,YORKSHIRE & THE HUMBER-EAST RIDING OF YORKS-FRAISTHORPE,FRAISTHORPE,C,-0.214,54.0486,4
GB,UK11945 ,North-east Atlantic Ocean,SOUTH EAST (UK)-SURREY-WAVERLEY BC,FRENSHAM GREAT POND,L,-0.7918,51.1573,4
GB,UK24200 ,North-east Atlantic Ocean,SOUTH WEST (UK)-DEVON-TORBAY,GOODRINGTON,C,-3.5595,50.4236,4
GB,UK28200 ,North-east Atlantic Ocean,SOUTH WEST (UK)-CORNWALL-RESTORMEL,GORRAN HAVEN LITTLE PERHAVER,C,-4.7875,50.2408,4
GB,UK17700 ,North-east Atlantic Ocean,SOUTH EAST (UK)-ISLE OF WIGHT-GURNARD,GURNARD,C,-1.3251,50.7607,4
GB,UK11930 ,North-east Atlantic Ocean,LONDON-LONDON-CITY OF LONDON,HAMPSTEAD HEATH (MIXED POND),L,-0.1663,51.5607,4
GB,UK14100 ,North-east Atlantic Ocean,SOUTH EAST (UK)-EAST SUSSEX-HASTINGS,HASTINGS,C,0.5858,50.8535,4
GB,UK09800 ,North-east Atlantic Ocean,EAST OF ENGLAND-NORFOLK-WEST NORFOLK,HEACHAM,C,0.4715,52.9092,4
GB,UK36050 ,,SOUTH WEST (UK)--,HENLEAZE LAKE,L,-2.6057,51.4946,4
GB,UK12150 ,North-east Atlantic Ocean,SOUTH EAST (UK)-KENT-CANTERBURY,HERNE BAY CENTRAL,C,1.1185,51.372,4
GB,UK09900 ,North-east Atlantic Ocean,EAST OF ENGLAND-NORFOLK-WEST NORFOLK,HUNSTANTON (OLD HUNSTANTON),C,0.4964,52.9536,4
GB,UK09850 ,North-east Atlantic Ocean,EAST OF ENGLAND-NORFOLK-WEST NORFOLK,HUNSTANTON MAIN BEACH,C,0.4838,52.9368,4
GB,UK34600 ,North-east Atlantic Ocean,SOUTH WEST (UK)-DEVON-NORTH DEVON,ILFRACOMBE HELE,C,-4.0973,51.2109,4
GB,UKS7616027 ,North-east Atlantic Ocean,SCOTLAND-ABERDEENSHIRE-INVERBOYNDIE,INVERBOYNDIE,C,-2.5532,57.6716,4
GB,UK36100 ,North-east Atlantic Ocean,WALES-VALE OF GLAMORGAN-JACKSONS BAY BARRY,JACKSON'S BAY BARRY ISLAND,C,-3.2633,51.3914,4
GB,UK11600 ,North-east Atlantic Ocean,EAST OF ENGLAND-ESSEX-TENDRING,JAYWICK,C,1.1127,51.7726,4
GB,UKS7616029 ,North-east Atlantic Ocean,SCOTLAND-FIFE-KINGHORN,KINGHORN (PETTYCUR),C,-3.187,56.0626,4
GB,UKS7616073 ,North-east Atlantic Ocean,SCOTLAND-FIFE-KIRKCALDY,KIRKCALDY (SEAFIELD),C,-3.1583,56.0961,4
GB,UK11904 ,North-east Atlantic Ocean,EAST OF ENGLAND-ESSEX-SOUTHEND-ON-SEA,LEIGH BELL WHARF,T,0.6525,51.539,4
GB,UK37100 ,North-east Atlantic Ocean,WALES-CTY & CNTY SWANSEA-LIMESLADE BAY,LIMESLADE BAY,C,-3.9846,51.5662,4
GB,UKGIB40 ,Mediterranean Sea,GIBRALTAR-GIBRALTAR-GIBRALTAR,LITTLE BAY,C,-5.3494,36.115,4
GB,UK38295 ,North-east Atlantic Ocean,WALES-SOUTH WEST WALES-,LITTLE HAVEN,C,-5.108,51.774,4
GB,UK15500 ,North-east Atlantic Ocean,SOUTH EAST (UK)-WEST SUSSEX-ARUN,LITTLEHAMPTON,C,-0.5389,50.8023,4
GB,UK40300 ,North-east Atlantic Ocean,WALES-CONWY-LLANDUDNO NORTH SHORE,LLANDUDNO NORTH SHORE,C,-3.8284,53.3253,4
GB,UKS7616032 ,North-east Atlantic Ocean,SCOTLAND-EAST LOTHIAN-LONGNIDDRY,LONGNIDDRY,C,-2.9047,55.9823,4
GB,UK20000 ,North-east Atlantic Ocean,SOUTH WEST (UK)-DORSET-PURBECK,LULWORTH COVE,C,-2.2493,50.6189,4
GB,UKS7616077 ,North-east Atlantic Ocean,SCOTLAND-ANGUS-LUNAN,LUNAN BAY,C,-2.5002,56.6569,4
GB,UKS7616033 ,North-east Atlantic Ocean,SCOTLAND-ARGYLL AND BUTE-LUSS,LUSS BAY,L,-4.6376,56.1043,4
GB,UK21500 ,North-east Atlantic Ocean,SOUTH WEST (UK)-DORSET-WEST DORSET,LYME REGIS FRONT BEACH,C,-2.9378,50.7225,4
GB,UK28800 ,North-east Atlantic Ocean,SOUTH WEST (UK)-CORNWALL-CARRICK,MAENPORTH,C,-5.0935,50.125,4
GB,UKS7616079 ,North-east Atlantic Ocean,SCOTLAND-SOUTH AYRSHIRE-MAIDENS,MAIDENS,C,-4.815,55.3383,4
GB,UK12600 ,North-east Atlantic Ocean,SOUTH EAST (UK)-KENT-THANET,MARGATE FULSAM ROCK,C,1.3865,51.3927,4
GB,UK12500 ,North-east Atlantic Ocean,SOUTH EAST (UK)-KENT-THANET,MARGATE THE BAY,C,1.3758,51.3877,4
GB,UK05400 ,North-east Atlantic Ocean,NORTH EAST (UK)-TYNE & WEAR-SOUTH TYNESIDE,MARSDEN,C,-1.3766,54.978,4
GB,UK06650 ,North-east Atlantic Ocean,NORTH EAST (UK)-REDCAR & CLEVELAND-SEA AT MARSKE SANDS,MARSKE SANDS,C,-1.0171,54.6,4
GB,UKGBNIPA3_20017 ,North-east Atlantic Ocean,NORTHERN IRELAND-NORTHERN IRELAND-DOWN,MILLISLE,C,-5.5272,54.6086,4
GB,UKS7616014 ,North-east Atlantic Ocean,SCOTLAND-NORTH AYRSHIRE-MILLPORT,MILLPORT BAY,C,-4.9213,55.7529,4
GB,UK35000 ,North-east Atlantic Ocean,SOUTH WEST (UK)-SOMERSET-WEST SOMERSET,MINEHEAD TERMINUS,C,-3.4671,51.2076,4
GB,UKS7616035 ,North-east Atlantic Ocean,SCOTLAND-ANGUS-MONTROSE,MONTROSE,C,-2.4447,56.7142,4
GB,UK30300 ,North-east Atlantic Ocean,SOUTH WEST (UK)-CORNWALL-PENWITH,MOUNTS BAY HELIPORT,C,-5.5181,50.1264,4
GB,UK30200 ,North-east Atlantic Ocean,SOUTH WEST (UK)-CORNWALL-PENWITH,MOUNTS BAY MARAZION,C,-5.4804,50.1262,4
GB,UK30500 ,North-east Atlantic Ocean,SOUTH WEST (UK)-CORNWALL-PENWITH,MOUNTS BAY WHERRY TOWN,C,-5.5458,50.1096,4
GB,UKGBNIPA3_20006 ,North-east Atlantic Ocean,NORTHERN IRELAND-NORTHERN IRELAND-DOWN,NEWCASTLE,C,-5.8851,54.2139,4
GB,UK38600 ,North-east Atlantic Ocean,WALES-PEMBROKESHIRE-NEWPORT NORTH,NEWPORT NORTH,T,-4.8385,52.0284,4
GB,UK38380 ,North-east Atlantic Ocean,WALES-SOUTH WEST WALES-,NOLTON HAVEN,C,-5.1084,51.8246,4
GB,UKS7616039 ,North-east Atlantic Ocean,SCOTLAND-EAST LOTHIAN-NORTH BERWICK,NORTH BERWICK (MILSEY BAY),C,-2.7051,56.0589,4
GB,UKS7616040 ,North-east Atlantic Ocean,SCOTLAND-EAST LOTHIAN-NORTH BERWICK,NORTH BERWICK (WEST),C,-2.7233,56.0608,4
GB,UK15800 ,North-east Atlantic Ocean,SOUTH EAST (UK)-WEST SUSSEX-ARUN,PAGHAM,C,-0.7365,50.7676,4
GB,UK24000 ,North-east Atlantic Ocean,SOUTH WEST (UK)-DEVON-TORBAY,PAIGNTON PRESTON SANDS,C,-3.5562,50.4445,4
GB,UK27300 ,North-east Atlantic Ocean,SOUTH WEST (UK)-CORNWALL-RESTORMEL,PAR,C,-4.6928,50.347,4
GB,UK40180 ,North-east Atlantic Ocean,WALES-CONWY-PENMAENMAWR,PENMAENMAWR,C,-3.924,53.2738,4
GB,UKS7616042 ,North-east Atlantic Ocean,SCOTLAND-ABERDEENSHIRE-PETERHEAD,PETERHEAD (LIDO),C,-1.7931,57.4959,4
GB,UK20900 ,North-east Atlantic Ocean,SOUTH WEST (UK)-DORSET-WEYMOUTH AND PORTLAND,PORTLAND HARBOUR SANDSFOOT CASTLE,C,-2.4636,50.5943,4
GB,UK28100 ,North-east Atlantic Ocean,SOUTH WEST (UK)-CORNWALL-RESTORMEL,PORTMELLON,C,-4.7855,50.2619,4
GB,UKGBNIPA3_20026 ,North-east Atlantic Ocean,NORTHERN IRELAND-NORTHERN IRELAND-COLERAINE,PORTRUSH (CURRAN STRAND),C,-6.6476,55.2049,4
GB,UK27100 ,North-east Atlantic Ocean,SOUTH WEST (UK)-CORNWALL-RESTORMEL,READYMONEY,T,-4.6452,50.3295,4
GB,UK06300 ,North-east Atlantic Ocean,NORTH EAST (UK)-REDCAR & CLEVELAND-REDCAR COATHAM,REDCAR COATHAM,C,-1.0816,54.6221,4
GB,UK06500 ,North-east Atlantic Ocean,NORTH EAST (UK)-REDCAR & CLEVELAND-REDCAR GRANVILLE,REDCAR GRANVILLE,C,-1.0523,54.6173,4
GB,UK06400 ,North-east Atlantic Ocean,NORTH EAST (UK)-REDCAR & CLEVELAND-REDCAR LIFEBOAT STATION,REDCAR LIFEBOAT STATION,C,-1.0608,54.6201,4
GB,UK06600 ,North-east Atlantic Ocean,NORTH EAST (UK)-REDCAR & CLEVELAND-REDCAR STRAY,REDCAR STRAY,C,-1.034,54.6055,4
GB,UK07700 ,North-east Atlantic Ocean,YORKSHIRE & THE HUMBER-NORTH YORKSHIRE-SCARBOROUGH,REIGHTON,C,-0.2498,54.1691,4
GB,UK40650 ,,WALES--,RHYL EAST,C,-3.48689,53.326,4
GB,UK33100 ,North-east Atlantic Ocean,SOUTH WEST (UK)-CORNWALL-NORTH CORNWALL,ROCK,T,-4.9263,50.5451,4
GB,UKS7616048 ,North-east Atlantic Ocean,SCOTLAND-ABERDEENSHIRE-ROSEHEARTY,ROSEHEARTY,C,-2.1052,57.6991,4
GB,UKS7616081 ,North-east Atlantic Ocean,SCOTLAND-HIGHLAND-ROSEMARKIE,ROSEMARKIE,C,-4.1116,57.593,4
GB,UK17900 ,North-east Atlantic Ocean,SOUTH EAST (UK)-ISLE OF WIGHT-RYDE,RYDE,C,-1.1498,50.7308,4
GB,UK25300 ,North-east Atlantic Ocean,SOUTH WEST (UK)-DEVON-SOUTH HAMS,SALCOMBE SOUTH SANDS,C,-3.7839,50.2261,4
GB,UK06700 ,North-east Atlantic Ocean,NORTH EAST (UK)-REDCAR & CLEVELAND-SALTBURN,SALTBURN,C,-0.9698,54.5868,4
GB,UK18400 ,North-east Atlantic Ocean,SOUTH EAST (UK)-ISLE OF WIGHT-SANDOWN,SANDOWN,C,-1.1506,50.655,4
GB,UK07000 ,North-east Atlantic Ocean,YORKSHIRE & THE HUMBER-NORTH YORKSHIRE-SCARBOROUGH,SANDSEND,C,-0.6674,54.5014,4
GB,UK38255 ,North-east Atlantic Ocean,WALES-SOUTH WEST WALES-,SANDY HAVEN,T,-5.1008,51.723,4
GB,UK18000 ,North-east Atlantic Ocean,SOUTH EAST (UK)-ISLE OF WIGHT-SEAGROVE,SEAGROVE,C,-1.1069,50.7163,4
GB,UKS7616083 ,North-east Atlantic Ocean,SCOTLAND-NORTH AYRSHIRE-SEAMILL,SEAMILL,C,-4.8683,55.6852,4
GB,UK45600 ,North-east Atlantic Ocean,NORTH WEST (UK)-CUMBRIA-COPELAND,SEASCALE,C,-3.4894,54.3953,4
GB,UK06100 ,North-east Atlantic Ocean,NORTH EAST (UK)-HARTLEPOOL-SEATON CAREW CENTRE,SEATON CAREW CENTRE,C,-1.1807,54.6599,4
GB,UK04700 ,North-east Atlantic Ocean,NORTH EAST (UK)-NORTHUMBERLAND-BLYTH VALLEY,SEATON SLUICE,C,-1.4783,55.0872,4
GB,UK15900 ,North-east Atlantic Ocean,SOUTH EAST (UK)-WEST SUSSEX-CHICHESTER,SELSEY,C,-0.7703,50.7363,4
GB,UKS7616051 ,North-east Atlantic Ocean,SCOTLAND-EAST LOTHIAN-PORT SETON,SETON SANDS,C,-2.9301,55.9752,4
GB,UK21800 ,North-east Atlantic Ocean,SOUTH WEST (UK)-DEVON-EAST DEVON,SIDMOUTH TOWN,C,-3.2382,50.6777,4
GB,UK08600 ,North-east Atlantic Ocean,YORKSHIRE & THE HUMBER-EAST RIDING OF YORKS-SKIPSEA,SKIPSEA,C,-0.1902,53.9619,4
GB,UK11902 ,North-east Atlantic Ocean,EAST OF ENGLAND-ESSEX-SOUTHEND-ON-SEA,SOUTHEND CHALKWELL,T,0.6729,51.5374,4
GB,UK11850 ,North-east Atlantic Ocean,EAST OF ENGLAND-ESSEX-SOUTHEND-ON-SEA,SOUTHEND THREE SHELLS,T,0.712,51.533,4
GB,UKS7616053 ,North-east Atlantic Ocean,SCOTLAND-DUMFRIES & GALLOWAY-SOUTHERNESS,SOUTHERNESS,C,-3.5999,54.8751,4
GB,UK41500 ,North-east Atlantic Ocean,NORTH WEST (UK)-MERSEYSIDE-SEFTON,SOUTHPORT,C,-3.0273,53.6532,4
GB,UK16600 ,North-east Atlantic Ocean,SOUTH EAST (UK)-HAMPSHIRE-PORTSMOUTH,SOUTHSEA EAST,C,-1.0794,50.7787,4
GB,UK10850 ,North-east Atlantic Ocean,EAST OF ENGLAND-SUFFOLK-WAVENEY,SOUTHWOLD THE DENES,C,1.6786,52.3194,4
GB,UKS7616057 ,North-east Atlantic Ocean,SCOTLAND-FIFE-ST ANDREWS,ST ANDREWS (WEST SANDS),C,-2.8054,56.3534,4
GB,UK41800 ,North-east Atlantic Ocean,NORTH WEST (UK)-LANCASHIRE-FYLDE,ST ANNES,C,-3.0404,53.7491,4
GB,UK45920 ,North-east Atlantic Ocean,NORTH WEST (UK)-CUMBRIA-COPELAND,ST BEES,C,-3.6086,54.4899,4
GB,UK18100 ,North-east Atlantic Ocean,SOUTH EAST (UK)-ISLE OF WIGHT-ST HELENS,ST HELENS,T,-1.0986,50.6986,4
GB,UK13700 ,North-east Atlantic Ocean,SOUTH EAST (UK)-KENT-SHEPWAY,ST MARY'S BAY (KENT),C,0.9823,51.0106,4
GB,UK36900 ,North-east Atlantic Ocean,WALES-CTY & CNTY SWANSEA-SWANSEA BAY,SWANSEA BAY,T,-3.9607,51.6117,4
GB,UKS7616059 ,North-east Atlantic Ocean,SCOTLAND-EAST LOTHIAN-THORNTONLOCH,THORNTONLOCH,C,-2.3953,55.9608,4
GB,UK25600 ,North-east Atlantic Ocean,SOUTH WEST (UK)-DEVON-SOUTH HAMS,THURLESTONE NORTH,C,-3.8618,50.264,4
GB,UK23800 ,North-east Atlantic Ocean,SOUTH WEST (UK)-DEVON-TORBAY,TORRE ABBEY,C,-3.536,50.4625,4
GB,UK40085 ,North-east Atlantic Ocean,WALES-ISLE OF ANGLESEY-TRAETH LLIGWY,TRAETH LLIGWY,C,-4.2572,53.3632,4
GB,UKS7616060 ,North-east Atlantic Ocean,SCOTLAND-SOUTH AYRSHIRE-TROON,TROON (SOUTH BEACH),C,-4.6577,55.5346,4
GB,UK04900 ,North-east Atlantic Ocean,NORTH EAST (UK)-TYNE & WEAR-NORTH TYNESIDE,TYNEMOUTH CULLERCOATS,C,-1.431,55.0348,4
GB,UK41000 ,North-east Atlantic Ocean,NORTH WEST (UK)-MERSEYSIDE-WIRRAL,WALLASEY,C,-3.0773,53.4336,4
GB,UK44200 ,North-east Atlantic Ocean,NORTH WEST (UK)-CUMBRIA-BARROW-IN-FURNESS,WALNEY BIGGAR BANK,C,-3.2584,54.095,4
GB,UK44300 ,North-east Atlantic Ocean,NORTH WEST (UK)-CUMBRIA-BARROW-IN-FURNESS,WALNEY SANDY GAP,C,-3.2632,54.1022,4
GB,UK44400 ,North-east Atlantic Ocean,NORTH WEST (UK)-CUMBRIA-BARROW-IN-FURNESS,WALNEY WEST SHORE,C,-3.2716,54.1208,4
GB,UK11250 ,North-east Atlantic Ocean,EAST OF ENGLAND-ESSEX-TENDRING,WALTON,C,1.2732,51.8471,4
GB,UKGBNIPA3_20005 ,North-east Atlantic Ocean,NORTHERN IRELAND-NORTHERN IRELAND-MOYLE,WATERFOOT,C,-6.057,55.0622,4
GB,UK11750 ,North-east Atlantic Ocean,EAST OF ENGLAND-ESSEX-COLCHESTER,WEST MERSEA,C,0.9302,51.7704,4
GB,UK12450 ,North-east Atlantic Ocean,SOUTH EAST (UK)-KENT-THANET,WESTBROOK BAY. MARGATE,C,1.3631,51.3861,4
GB,UK35800 ,North-east Atlantic Ocean,SOUTH WEST (UK)-NORTH SOMERSET-WOODSPRING,WESTON MAIN,T,-2.9834,51.3413,4
GB,UK35900 ,North-east Atlantic Ocean,SOUTH WEST (UK)-NORTH SOMERSET-WOODSPRING,WESTON-SUPER-MARE SAND BAY,T,-2.9661,51.3645,4
GB,UK08200 ,North-east Atlantic Ocean,YORKSHIRE & THE HUMBER-EAST RIDING OF YORKS-WILSTHORPE,WILSTHORPE,C,-0.2075,54.0662,4
GB,UK14000 ,North-east Atlantic Ocean,SOUTH EAST (UK)-EAST SUSSEX-ROTHER,WINCHELSEA,C,0.7181,50.9064,4
GB,UK37940 ,North-east Atlantic Ocean,WALES-SOUTH WEST WALES-,WISEMAN'S BRIDGE,C,-4.6849,51.7232,4
GB,UK34400 ,North-east Atlantic Ocean,SOUTH WEST (UK)-DEVON-NORTH DEVON,WOOLACOMBE VILLAGE,C,-4.2097,51.1717,4
GB,UK15400 ,North-east Atlantic Ocean,SOUTH EAST (UK)-WEST SUSSEX-WORTHING,WORTHING,C,-0.3849,50.8073,4
GB,UK18350 ,North-east Atlantic Ocean,SOUTH EAST (UK)-ISLE OF WIGHT-YAVERLAND,YAVERLAND,C,-1.1332,50.6618,4
GB,UK39950 ,North-east Atlantic Ocean,WALES-GWYNEDD-ABERDARON,ABERDARON,C,-4.7113,52.8029,5
GB,UKS761602 ,North-east Atlantic Ocean,SCOTLAND-FIFE-ABERDOUR,ABERDOUR (SILVERSANDS),C,-3.2836,56.0539,5
GB,UK38520 ,North-east Atlantic Ocean,WALES-SOUTH WEST WALES-,ABEREIDDY,C,-5.2059,51.9362,5
GB,UK39985 ,North-east Atlantic Ocean,WALES-ISLE OF ANGLESEY-ABERFFRAW,ABERFFRAW,C,-4.467,53.1803,5
GB,UK38540 ,North-east Atlantic Ocean,WALES-SOUTH WEST WALES-,ABERMAWR,C,-5.0837,51.9698,5
GB,UK38660 ,North-east Atlantic Ocean,WALES-CEREDIGION-ABERPORTH,ABERPORTH,C,-4.5473,52.135,5
GB,UK39900 ,North-east Atlantic Ocean,WALES-GWYNEDD-ABERSOCH,ABERSOCH,C,-4.4994,52.8207,5
GB,UK38900 ,North-east Atlantic Ocean,WALES-CEREDIGION-ABERYSTWYTH NORTH,ABERYSTWYTH NORTH,C,-4.0859,52.4167,5
GB,UKS7616066 ,North-east Atlantic Ocean,SCOTLAND-HIGHLAND-ACHMELVICH,ACHMELVICH,C,-5.3076,58.1701,5
GB,UK04250 ,North-east Atlantic Ocean,NORTH EAST (UK)-NORTHUMBERLAND-ALNWICK,AMBLE LINKS,C,-1.5524,55.3257,5
GB,UK37900 ,North-east Atlantic Ocean,WALES-PEMBROKESHIRE-AMROTH CENTRAL,AMROTH CENTRAL,C,-4.6541,51.7329,5
GB,UK09400 ,North-east Atlantic Ocean,EAST MIDLANDS (UK)-LINCOLNSHIRE-EAST LINDSEY,ANDERBY,C,0.3288,53.2604,5
GB,UK23501 ,North-east Atlantic Ocean,SOUTH WEST (UK)-DEVON-TORBAY,ANSTEY'S COVE (TORQUAY),C,-3.5011,50.4718,5
GB,UK23400 ,North-east Atlantic Ocean,SOUTH WEST (UK)-DEVON-TORBAY,BABBACOMBE,C,-3.5094,50.4791,5
GB,UK03700 ,North-east Atlantic Ocean,NORTH EAST (UK)-NORTHUMBERLAND-BERWICK UPON TWEED,BAMBURGH CASTLE,C,-1.7079,55.611,5
GB,UK38238 ,North-east Atlantic Ocean,WALES-PEMBROKESHIRE-BARAFUNDLE,BARAFUNDLE,C,-4.904,51.6183,5
GB,UK39300 ,North-east Atlantic Ocean,WALES-GWYNEDD-BARMOUTH,BARMOUTH,C,-4.0619,52.7228,5
GB,UK16350 ,North-east Atlantic Ocean,SOUTH EAST (UK)-HAMPSHIRE-HAVANT,BEACHLANDS CENTRAL,C,-0.9893,50.7836,5
GB,UK16400 ,North-east Atlantic Ocean,SOUTH EAST (UK)-HAMPSHIRE-HAVANT,BEACHLANDS WEST,C,-1.0013,50.7836,5
GB,UK23700 ,North-east Atlantic Ocean,SOUTH WEST (UK)-DEVON-TORBAY,BEACON COVE,C,-3.5235,50.4575,5
GB,UK03900 ,North-east Atlantic Ocean,NORTH EAST (UK)-NORTHUMBERLAND-BERWICK UPON TWEED,BEADNELL,C,-1.6323,55.5488,5
GB,UK21700 ,North-east Atlantic Ocean,SOUTH WEST (UK)-DEVON-EAST DEVON,BEER,C,-3.0899,50.6966,5
GB,UK40100 ,North-east Atlantic Ocean,WALES-ISLE OF ANGLESEY-BENLLECH,BENLLECH,C,-4.2131,53.3194,5
GB,UK25900 ,North-east Atlantic Ocean,SOUTH WEST (UK)-DEVON-SOUTH HAMS,BIGBURY-ON-SEA NORTH,C,-3.8969,50.2832,5
GB,UK14550 ,North-east Atlantic Ocean,SOUTH EAST (UK)-EAST SUSSEX-WEALDEN,BIRLING GAP,C,0.2007,50.7426,5
GB,UK24800 ,North-east Atlantic Ocean,SOUTH WEST (UK)-DEVON-SOUTH HAMS,BLACKPOOL SANDS,C,-3.6097,50.3194,5
GB,UK42100 ,North-east Atlantic Ocean,NORTH WEST (UK)-LANCASHIRE-BLACKPOOL,BLACKPOOL SOUTH,C,-3.0591,53.7906,5
GB,UK04600 ,North-east Atlantic Ocean,NORTH EAST (UK)-NORTHUMBERLAND-BLYTH VALLEY,BLYTH SOUTH BEACH,C,-1.4968,55.1089,5
GB,UK39000 ,North-east Atlantic Ocean,WALES-CEREDIGION-BORTH,BORTH,C,-4.05454,52.4908,5
GB,UK39995 ,North-east Atlantic Ocean,WALES-ISLE OF ANGLESEY-BORTH WEN,BORTH WEN,C,-4.5893,53.2439,5
GB,UK12660 ,North-east Atlantic Ocean,SOUTH EAST (UK)-KENT-THANET,BOTANY BAY. BROADSTAIRS,C,1.4353,51.3894,5
GB,UK19160 ,North-east Atlantic Ocean,SOUTH WEST (UK)-DORSET-BOURNEMOUTH,BOURNEMOUTH ALUM CHINE,C,-1.8954,50.7111,5
GB,UK19150 ,North-east Atlantic Ocean,SOUTH WEST (UK)-DORSET-BOURNEMOUTH,BOURNEMOUTH DURLEY CHINE,C,-1.8888,50.7131,5
GB,UK19030 ,North-east Atlantic Ocean,SOUTH WEST (UK)-DORSET-BOURNEMOUTH,BOURNEMOUTH FISHERMAN`S WALK,C,-1.8169,50.7207,5
GB,UK19000 ,North-east Atlantic Ocean,SOUTH WEST (UK)-DORSET-BOURNEMOUTH,BOURNEMOUTH HENGISTBURY WEST,C,-1.7711,50.7168,5
GB,UK19020 ,North-east Atlantic Ocean,SOUTH WEST (UK)-DORSET-BOURNEMOUTH,BOURNEMOUTH SOUTHBOURNE,C,-1.7917,50.719,5
GB,UK37000 ,North-east Atlantic Ocean,WALES-CTY & CNTY SWANSEA-BRACELET BAY,BRACELET BAY,C,-3.9786,51.5675,5
GB,UK16000 ,North-east Atlantic Ocean,SOUTH EAST (UK)-WEST SUSSEX-CHICHESTER,BRACKLESHAM BAY,C,-0.8606,50.761,5
GB,UK24500 ,North-east Atlantic Ocean,SOUTH WEST (UK)-DEVON-TORBAY,BREAKWATER BEACH (SHOALSTONE),C,-3.5045,50.4001,5
GB,UK35600 ,North-east Atlantic Ocean,SOUTH WEST (UK)-SOMERSET-SEDGEMOOR,BREAN,T,-3.0117,51.3212,5
GB,UK11700 ,North-east Atlantic Ocean,EAST OF ENGLAND-ESSEX-TENDRING,BRIGHTLINGSEA,T,1.0105,51.8057,5
GB,UK14950 ,North-east Atlantic Ocean,SOUTH EAST (UK)-EAST SUSSEX-BRIGHTON AND HOVE,BRIGHTON CENTRAL,C,-0.1459,50.8203,5
GB,UK14900 ,North-east Atlantic Ocean,SOUTH EAST (UK)-EAST SUSSEX-BRIGHTON AND HOVE,BRIGHTON KEMPTOWN,C,-0.1222,50.816,5
GB,UK38300 ,North-east Atlantic Ocean,WALES-PEMBROKESHIRE-BROADHAVEN,BROAD HAVEN (CENTRAL),C,-5.1026,51.7819,5
GB,UK38240 ,North-east Atlantic Ocean,WALES-PEMBROKESHIRE-BROADHAVEN SOUTH,BROAD HAVEN (SOUTH),C,-4.9224,51.6081,5
GB,UK12750 ,North-east Atlantic Ocean,SOUTH EAST (UK)-KENT-THANET,BROADSTAIRS. STONE BAY,C,1.4453,51.3654,5
GB,UKS761607 ,North-east Atlantic Ocean,SCOTLAND-ANGUS-BROUGHTY FERRY,BROUGHTY FERRY,T,-2.8563,56.4651,5
GB,UKGBNIPA3_20002 ,North-east Atlantic Ocean,NORTHERN IRELAND-NORTHERN IRELAND-LARNE,BROWN`S BAY,C,-5.7656,54.853,5
GB,UK33700 ,North-east Atlantic Ocean,SOUTH WEST (UK)-CORNWALL-NORTH CORNWALL,BUDE SANDY MOUTH,C,-4.5568,50.8609,5
GB,UK38460 ,North-east Atlantic Ocean,WALES-PEMBROKESHIRE-CAERFAI,CAERFAI,C,-5.2536,51.8729,5
GB,UK10350 ,North-east Atlantic Ocean,EAST OF ENGLAND-NORFOLK-GREAT YARMOUTH,CAISTER POINT,C,1.7374,52.6462,5
GB,UK16900 ,North-east Atlantic Ocean,SOUTH EAST (UK)-HAMPSHIRE-NEW FOREST,CALSHOT,C,-1.3182,50.8093,5
GB,UK31200 ,North-east Atlantic Ocean,SOUTH WEST (UK)-CORNWALL-PENWITH,CARBIS BAY PORTH KIDNEY SANDS,T,-5.4394,50.1941,5
GB,UK31100 ,North-east Atlantic Ocean,SOUTH WEST (UK)-CORNWALL-PENWITH,CARBIS BAY STATION BEACH,C,-5.4649,50.1988,5
GB,UK38150 ,North-east Atlantic Ocean,WALES-PEMBROKESHIRE-CASTLE BEACH. TENBY,CASTLE BEACH. TENBY,C,-4.6952,51.6717,5
GB,UKGBNIPA3_20009 ,North-east Atlantic Ocean,NORTHERN IRELAND-NORTHERN IRELAND-COLERAINE,CASTLEROCK,C,-6.7837,55.1686,5
GB,UK37300 ,North-east Atlantic Ocean,WALES-CTY & CNTY SWANSEA-CASWELL BAY,CASWELL BAY,C,-4.0329,51.5697,5
GB,UK26530 ,North-east Atlantic Ocean,SOUTH WEST (UK)-CORNWALL-CARADON,CAWSAND,C,-4.2014,50.3309,5
GB,UK07500 ,North-east Atlantic Ocean,YORKSHIRE & THE HUMBER-NORTH YORKSHIRE-SCARBOROUGH,CAYTON BAY,C,-0.3629,54.2448,5
GB,UK26000 ,North-east Atlantic Ocean,SOUTH WEST (UK)-DEVON-SOUTH HAMS,CHALLABOROUGH,C,-3.8975,50.2877,5
GB,UK31650 ,North-east Atlantic Ocean,SOUTH WEST (UK)-CORNWALL AND ISLES OF SCILLY-,CHAPEL PORTH,C,-5.2348,50.3004,5
GB,UK09500 ,North-east Atlantic Ocean,EAST MIDLANDS (UK)-LINCOLNSHIRE-EAST LINDSEY,CHAPEL ST LEONARDS,C,0.3429,53.2235,5
GB,UK27600 ,North-east Atlantic Ocean,SOUTH WEST (UK)-CORNWALL-RESTORMEL,CHARLESTOWN,C,-4.7553,50.3312,5
GB,UK17200 ,North-east Atlantic Ocean,SOUTH EAST (UK)-DORSET-NEW FOREST,CHRISTCHURCH BAY,C,-1.6627,50.7343,5
GB,UK18750 ,North-east Atlantic Ocean,SOUTH WEST (UK)-DORSET-CHRISTCHURCH,CHRISTCHURCH FRIAR`S CLIFF,T,-1.7294,50.7321,5
GB,UK18700 ,North-east Atlantic Ocean,SOUTH WEST (UK)-DORSET-CHRISTCHURCH,CHRISTCHURCH HIGHCLIFFE CASTLE,C,-1.7145,50.7357,5
GB,UK18900 ,North-east Atlantic Ocean,SOUTH WEST (UK)-DORSET-CHRISTCHURCH,CHRISTCHURCH MUDEFORD SANDBANK EAST,T,-1.7421,50.7193,5
GB,UK40030 ,North-east Atlantic Ocean,WALES-ISLE OF ANGLESEY-CHURCH BAY,CHURCH BAY,C,-4.5574,53.374,5
GB,UK29501 ,North-east Atlantic Ocean,SOUTH WEST (UK)-CORNWALL-KERRIER,CHURCH COVE,C,-5.2679,50.0386,5
GB,UK20500 ,North-east Atlantic Ocean,SOUTH WEST (UK)-DORSET-WEYMOUTH AND PORTLAND,CHURCH OPE COVE,C,-2.4281,50.538,5
GB,UK38685 ,North-east Atlantic Ocean,WALES-CEREDIGION-CILBORTH,CILBORTH,C,-4.4702,52.1621,5
GB,UK11500 ,North-east Atlantic Ocean,EAST OF ENGLAND-ESSEX-TENDRING,CLACTON,C,1.1713,51.7931,5
GB,UK36300 ,North-east Atlantic Ocean,WALES-VALE OF GLAMORGAN-COLD KNAP BARRY,COLD KNAP BARRY,C,-3.297,51.39,5
GB,UK17600 ,North-east Atlantic Ocean,SOUTH EAST (UK)-ISLE OF WIGHT-COLWELL BAY,COLWELL BAY,C,-1.5385,50.6895,5
GB,UK09750 ,North-east Atlantic Ocean,EAST MIDLANDS (UK)-NOTTINGHAMSHIRE-,COLWICK COUNTRY PARK (WEST LAKE),L,-1.0982,52.9451,5
GB,UK40400 ,North-east Atlantic Ocean,WALES-CONWY-COLWYN BAY,COLWYN BAY,C,-3.7328,53.3056,5
GB,UK34410 ,North-east Atlantic Ocean,SOUTH WEST (UK)-DEVON-NORTH DEVON,COMBESGATE BEACH. WOOLACOMBE,C,-4.2124,51.1783,5
GB,UK17400 ,North-east Atlantic Ocean,SOUTH EAST (UK)-ISLE OF WIGHT-COMPTON BAY,COMPTON BAY,C,-1.4683,50.6561,5
GB,UK32700 ,North-east Atlantic Ocean,SOUTH WEST (UK)-CORNWALL-NORTH CORNWALL,CONSTANTINE BAY,C,-5.0227,50.5333,5
GB,UK37980 ,North-east Atlantic Ocean,WALES-PEMBROKESHIRE-COPPET HALL,COPPET HALL,C,-4.6934,51.716,5
GB,UK11760 ,North-east Atlantic Ocean,SOUTH WEST (UK)-GLOUCESTERSHIRE-COTSWOLDS DC,COTSWOLD COUNTRY PARK AND BEACH,L,-1.9609,51.661,5
GB,UK29100 ,North-east Atlantic Ocean,SOUTH WEST (UK)-CORNWALL-KERRIER,COVERACK,C,-5.0971,50.0244,5
GB,UK17800 ,North-east Atlantic Ocean,SOUTH EAST (UK)-ISLE OF WIGHT-COWES,COWES,C,-1.3094,50.7679,5
GB,UK39600 ,North-east Atlantic Ocean,WALES-GWYNEDD-CRAIG DU BEACH CENTRAL,CRAIG DU BEACH CENTRAL,C,-4.178,52.9051,5
GB,UKS7616011 ,North-east Atlantic Ocean,SCOTLAND-FIFE-CRAIL,CRAIL (ROOME BAY),C,-2.617,56.2608,5
GB,UKGBNIPA3_20008 ,North-east Atlantic Ocean,NORTHERN IRELAND-NORTHERN IRELAND-NEWRY & MOURNE,CRANFIELD (CRANFIELD BAY),C,-6.0709,54.0298,5
GB,UK32100 ,North-east Atlantic Ocean,SOUTH WEST (UK)-CORNWALL-RESTORMEL,CRANTOCK,T,-5.1192,50.4068,5
GB,UKGBNIPA3_20013 ,North-east Atlantic Ocean,NORTHERN IRELAND-NORTHERN IRELAND-NORTH DOWN,CRAWFORDSBURN,C,-5.7273,54.6699,5
GB,UK39700 ,North-east Atlantic Ocean,WALES-GWYNEDD-CRICCIETH,CRICCIETH,C,-4.2276,52.9192,5
GB,UK27500 ,North-east Atlantic Ocean,SOUTH WEST (UK)-CORNWALL-RESTORMEL,CRINNIS,C,-4.7338,50.3361,5
GB,UK10200 ,North-east Atlantic Ocean,EAST OF ENGLAND-NORFOLK-NORTH NORFOLK,CROMER,C,1.3004,52.934,5
GB,UKS7616068 ,North-east Atlantic Ocean,SCOTLAND-SOUTH AYRSHIRE-CULZEAN,CULZEAN,C,-4.8078,55.3487,5
GB,UK38260 ,North-east Atlantic Ocean,WALES-PEMBROKESHIRE-DALE,DALE,C,-5.1686,51.7087,5
GB,UK07950 ,North-east Atlantic Ocean,YORKSHIRE & THE HUMBER-EAST RIDING OF YORKS-DANES DYKE. FLAMBOROUGH,DANES DYKE. FLAMBOROUGH,C,-0.1419,54.104,5
GB,UK24700 ,North-east Atlantic Ocean,SOUTH WEST (UK)-DEVON-SOUTH HAMS,DARTMOUTH CASTLE AND SUGARY COVE,T,-3.5655,50.3421,5
GB,UK22600 ,North-east Atlantic Ocean,SOUTH WEST (UK)-DEVON-TEIGNBRIDGE,DAWLISH CORYTON COVE,C,-3.4685,50.5748,5
GB,UK22400 ,North-east Atlantic Ocean,SOUTH WEST (UK)-DEVON-TEIGNBRIDGE,DAWLISH WARREN,T,-3.4389,50.5997,5
GB,UK33200 ,North-east Atlantic Ocean,SOUTH WEST (UK)-CORNWALL-NORTH CORNWALL,DAYMER BAY,T,-4.9265,50.5613,5
GB,UK13100 ,North-east Atlantic Ocean,SOUTH EAST (UK)-KENT-DOVER,DEAL CASTLE,C,1.4049,51.2249,5
GB,UKS7616016 ,North-east Atlantic Ocean,SCOTLAND-HIGHLAND-DORNOCH,DORNOCH,C,-4.0115,57.8712,5
GB,UK11100 ,North-east Atlantic Ocean,EAST OF ENGLAND-ESSEX-TENDRING,DOVERCOURT,C,1.2737,51.9287,5
GB,UK26700 ,North-east Atlantic Ocean,SOUTH WEST (UK)-CORNWALL-CARADON,DOWNDERRY,C,-4.3708,50.361,5
GB,UK38340 ,North-east Atlantic Ocean,WALES-SOUTH WEST WALES-,DRUIDSTON HAVEN,C,-5.104,51.8128,5
GB,UK04280 ,North-east Atlantic Ocean,NORTH EAST (UK)-NORTHUMBERLAND-CASTLE MORPETH,DRURIDGE BAY NORTH,C,-1.5685,55.2911,5
GB,UK04300 ,North-east Atlantic Ocean,NORTH EAST (UK)-NORTHUMBERLAND-CASTLE MORPETH,DRURIDGE BAY SOUTH,C,-1.5439,55.2403,5
GB,UKS7616019 ,North-east Atlantic Ocean,SCOTLAND-HIGHLAND-DUNNET,DUNNET,C,-3.357,58.606,5
GB,UK27700 ,North-east Atlantic Ocean,SOUTH WEST (UK)-CORNWALL-RESTORMEL,DUPORTH,C,-4.7618,50.3275,5
GB,UK20100 ,North-east Atlantic Ocean,SOUTH WEST (UK)-DORSET-PURBECK,DURDLE DOOR EAST,C,-2.2742,50.622,5
GB,UK20200 ,North-east Atlantic Ocean,SOUTH WEST (UK)-DORSET-PURBECK,DURDLE DOOR WEST,C,-2.2771,50.6219,5
GB,UK39360 ,North-east Atlantic Ocean,WALES-GWYNEDD-DYFFRYN (LLANENDWYN),DYFFRYN (LLANENDWYN),C,-4.126,52.7817,5
GB,UK10150 ,North-east Atlantic Ocean,EAST OF ENGLAND-NORFOLK-NORTH NORFOLK,EAST RUNTON,C,1.276,52.9371,5
GB,UK14500 ,North-east Atlantic Ocean,SOUTH EAST (UK)-EAST SUSSEX-EASTBOURNE,EASTBOURNE,C,0.2871,50.761,5
GB,UK16500 ,North-east Atlantic Ocean,SOUTH EAST (UK)-HAMPSHIRE-PORTSMOUTH,EASTNEY,C,-1.0451,50.7846,5
GB,UK16300 ,North-east Atlantic Ocean,SOUTH EAST (UK)-HAMPSHIRE-HAVANT,EASTOKE,C,-0.9674,50.7806,5
GB,UKS7616065 ,North-east Atlantic Ocean,SCOTLAND-FIFE-ELIE,ELIE (RUBY BAY),C,-2.813,56.186,5
GB,UK21100 ,North-east Atlantic Ocean,SOUTH WEST (UK)-DORSET-WEST DORSET,EYPEMOUTH,C,-2.7849,50.7161,5
GB,UK39200 ,North-east Atlantic Ocean,WALES-GWYNEDD-FAIRBOURNE,FAIRBOURNE,C,-4.0597,52.6974,5
GB,UK10900 ,North-east Atlantic Ocean,EAST OF ENGLAND-SUFFOLK-SUFFOLK COASTAL,FELIXSTOWE NORTH,C,1.355,51.9603,5
GB,UK11000 ,North-east Atlantic Ocean,EAST OF ENGLAND-SUFFOLK-SUFFOLK COASTAL,FELIXSTOWE SOUTH,C,1.3415,51.9543,5
GB,UK32200 ,North-east Atlantic Ocean,SOUTH WEST (UK)-CORNWALL-RESTORMEL,FISTRAL,C,-5.0985,50.4177,5
GB,UK07900 ,North-east Atlantic Ocean,YORKSHIRE & THE HUMBER-EAST RIDING OF YORKS-FLAMBOROUGH SOUTH LANDING,FLAMBOROUGH SOUTH LANDING,C,-0.1184,54.1042,5
GB,UK43000 ,North-east Atlantic Ocean,NORTH WEST (UK)-LANCASHIRE-WYRE,FLEETWOOD,C,-3.02,53.9266,5
GB,UK13300 ,North-east Atlantic Ocean,SOUTH EAST (UK)-KENT-SHEPWAY,FOLKESTONE,C,1.1913,51.082,5
GB,UK41200 ,North-east Atlantic Ocean,NORTH WEST (UK)-MERSEYSIDE-SEFTON,FORMBY,C,-3.1063,53.5482,5
GB,UKS7616043 ,North-east Atlantic Ocean,SCOTLAND-ABERDEENSHIRE-FRASERBURGH,FRASERBURGH (PHILORTH),C,-1.9633,57.6768,5
GB,UK38235 ,North-east Atlantic Ocean,WALES-PEMBROKESHIRE-FRESHWATER EAST,FRESHWATER EAST,C,-4.8653,51.6447,5
GB,UK38248 ,North-east Atlantic Ocean,WALES-SOUTH WEST WALES-,FRESHWATER WEST,C,-5.0594,51.6565,5
GB,UK11300 ,North-east Atlantic Ocean,EAST OF ENGLAND-ESSEX-TENDRING,FRINTON,C,1.2463,51.8285,5
GB,UKS7616024 ,North-east Atlantic Ocean,SCOTLAND-ARGYLL AND BUTE-GANAVAN,GANAVAN,C,-5.47,56.4387,5
GB,UK10650 ,North-east Atlantic Ocean,EAST OF ENGLAND-NORFOLK-GREAT YARMOUTH,GORLESTON BEACH,C,1.7327,52.5667,5
GB,UK28300 ,North-east Atlantic Ocean,SOUTH WEST (UK)-CORNWALL-RESTORMEL,GORRAN HAVEN (VAULT),C,-4.7876,50.2349,5
GB,UK10400 ,North-east Atlantic Ocean,EAST OF ENGLAND-NORFOLK-GREAT YARMOUTH,GREAT YARMOUTH NORTH,C,1.7427,52.6323,5
GB,UK10500 ,North-east Atlantic Ocean,EAST OF ENGLAND-NORFOLK-GREAT YARMOUTH,GREAT YARMOUTH PIER,C,1.7395,52.6053,5
GB,UK10600 ,North-east Atlantic Ocean,EAST OF ENGLAND-NORFOLK-GREAT YARMOUTH,GREAT YARMOUTH SOUTH,C,1.7387,52.5963,5
GB,UKGBNIPA3_20015 ,North-east Atlantic Ocean,NORTHERN IRELAND-NORTHERN IRELAND-NORTH DOWN,GROOMSPORT,C,-5.6114,54.6753,5
GB,UKS7616026 ,North-east Atlantic Ocean,SCOTLAND-EAST LOTHIAN-GULLANE,GULLANE,C,-2.8434,56.0416,5
GB,UK28600 ,North-east Atlantic Ocean,SOUTH WEST (UK)-CORNWALL-CARRICK,GYLLYNGVASE,C,-5.0674,50.1446,5
GB,UK11910 ,North-east Atlantic Ocean,LONDON-LONDON-CITY OF LONDON,HAMPSTEAD HEATH (LADIES POND),L,-0.1601,51.5667,5
GB,UK11920 ,North-east Atlantic Ocean,LONDON-LONDON-CITY OF LONDON,HAMPSTEAD HEATH (MENS POND),L,-0.1567,51.5633,5
GB,UK39500 ,North-east Atlantic Ocean,WALES-GWYNEDD-HARLECH,HARLECH,C,-4.1291,52.8617,5
GB,UK32900 ,North-east Atlantic Ocean,SOUTH WEST (UK)-CORNWALL-NORTH CORNWALL,HARLYN BAY,C,-4.9973,50.5403,5
GB,UK33800 ,North-east Atlantic Ocean,SOUTH WEST (UK)-DEVON-TORRIDGE,HARTLAND QUAY,C,-4.5337,50.9955,5
GB,UKGBNIPA3_20014 ,North-east Atlantic Ocean,NORTHERN IRELAND-NORTHERN IRELAND-NORTH DOWN,HELEN`S BAY,C,-5.7369,54.6734,5
GB,UK10325 ,North-east Atlantic Ocean,EAST OF ENGLAND-NORFOLK-GREAT YARMOUTH,HEMSBY,C,1.7101,52.6953,5
GB,UK12200 ,North-east Atlantic Ocean,SOUTH EAST (UK)-KENT-CANTERBURY,HERNE BAY,C,1.1395,51.3744,5
GB,UK17300 ,North-east Atlantic Ocean,SOUTH WEST (UK)-DORSET-NEW FOREST,HIGHCLIFFE,C,-1.6985,50.737,5
GB,UK16850 ,North-east Atlantic Ocean,SOUTH EAST (UK)-HAMPSHIRE-FAREHAM,HILLHEAD,C,-1.2254,50.8135,5
GB,UK20970 ,North-east Atlantic Ocean,SOUTH WEST (UK)-DORSET-WEST DORSET,HIVE,C,-2.7232,50.6963,5
GB,UK11350 ,North-east Atlantic Ocean,EAST OF ENGLAND-ESSEX-TENDRING,HOLLAND,C,1.2258,51.8132,5
GB,UK23900 ,North-east Atlantic Ocean,SOUTH WEST (UK)-DEVON-TORBAY,HOLLICOMBE,C,-3.5535,50.4488,5
GB,UK32000 ,North-east Atlantic Ocean,SOUTH WEST (UK)-CORNWALL-CARRICK,HOLYWELL BAY,C,-5.1455,50.3919,5
GB,UK25400 ,North-east Atlantic Ocean,SOUTH WEST (UK)-DEVON-SOUTH HAMS,HOPE COVE,C,-3.8591,50.2427,5
GB,UK08700 ,North-east Atlantic Ocean,YORKSHIRE & THE HUMBER-EAST RIDING OF YORKS-HORNSEA,HORNSEA,C,-0.1605,53.9141,5
GB,UK15000 ,North-east Atlantic Ocean,SOUTH EAST (UK)-WEST SUSSEX-BRIGHTON AND HOVE,HOVE,C,-0.1667,50.8232,5
GB,UK09020 ,North-east Atlantic Ocean,YORKSHIRE & THE HUMBER-N E LINCOLNSHIRE-NORTH EAST LINCOLNSHIRE,HUMBERSTON FITTIES,T,0.0074,53.5351,5
GB,UK13500 ,North-east Atlantic Ocean,SOUTH EAST (UK)-KENT-SHEPWAY,HYTHE,C,1.0814,51.0647,5
GB,UK34450 ,North-east Atlantic Ocean,SOUTH WEST (UK)-DEVON-NORTH DEVON,ILFRACOMBE TUNNELS BEACH,C,-4.1273,51.2105,5
GB,UK09600 ,North-east Atlantic Ocean,EAST MIDLANDS (UK)-LINCOLNSHIRE-EAST LINDSEY,INGOLDMELLS SOUTH,C,0.3574,53.1874,5
GB,UK12700 ,North-east Atlantic Ocean,SOUTH EAST (UK)-KENT-THANET,JOSS BAY. BROADSTAIRS,C,1.4461,51.3792,5
GB,UK29200 ,North-east Atlantic Ocean,SOUTH WEST (UK)-CORNWALL-KERRIER,KENNACK SANDS,C,-5.1636,50.0051,5
GB,UK19900 ,North-east Atlantic Ocean,SOUTH WEST (UK)-DORSET-PURBECK,KIMMERIDGE BAY,C,-2.1314,50.6115,5
GB,UK26520 ,North-east Atlantic Ocean,SOUTH WEST (UK)-CORNWALL-CARADON,KINGSAND,C,-4.1994,50.3336,5
GB,UKS7616030 ,North-east Atlantic Ocean,SCOTLAND-FIFE-KINGSBARNS,KINGSBARNS,C,-2.6408,56.3017,5
GB,UK40500 ,North-east Atlantic Ocean,WALES-CONWY-KINMEL BAY (SANDY COVE),KINMEL BAY (SANDY COVE),C,-3.5354,53.3124,5
GB,UK37200 ,North-east Atlantic Ocean,WALES-CTY & CNTY SWANSEA-LANGLAND BAY,LANGLAND BAY,C,-4.0108,51.5682,5
GB,UKS7616031 ,North-east Atlantic Ocean,SCOTLAND-NORTH AYRSHIRE-LARGS,LARGS (PENCIL BEACH),C,-4.86,55.7796,5
GB,UK16800 ,North-east Atlantic Ocean,SOUTH EAST (UK)-HAMPSHIRE-GOSPORT,LEE-ON-SOLENT,C,-1.2043,50.801,5
GB,UK17000 ,North-east Atlantic Ocean,SOUTH EAST (UK)-HAMPSHIRE-NEW FOREST,LEPE,C,-1.3545,50.7843,5
GB,UK12000 ,North-east Atlantic Ocean,SOUTH EAST (UK)-KENT-SWALE,LEYSDOWN,C,0.9218,51.4002,5
GB,UK39400 ,North-east Atlantic Ocean,WALES-GWYNEDD-LLANDANWG,LLANDANWG,C,-4.1287,52.832,5
GB,UK40140 ,North-east Atlantic Ocean,WALES-GWYNEDD-LLANDDONA,LLANDDONA,C,-4.1537,53.3084,5
GB,UK39980 ,North-east Atlantic Ocean,WALES-ISLE OF ANGLESEY-LLANDDWYN,LLANDDWYN,C,-4.3884,53.1406,5
GB,UK40200 ,North-east Atlantic Ocean,WALES-CONWY-LLANDUDNO WEST SHORE,LLANDUDNO WEST SHORE,T,-3.8546,53.3173,5
GB,UK40170 ,North-east Atlantic Ocean,WALES-CONWY-LLANFAIRFECHAN,LLANFAIRFECHAN,C,-3.9802,53.2628,5
GB,UK38680 ,North-east Atlantic Ocean,WALES-CEREDIGION-LLANGRANNOG,LLANGRANNOG,C,-4.4715,52.1601,5
GB,UK38750 ,North-east Atlantic Ocean,WALES-CEREDIGION-LLANRHYSTUD,LLANRHYSTUD,C,-4.1657,52.2998,5
GB,UK39975 ,,WALES--,LLYN PADARN,L,-4.1327,53.1259,5
GB,UKS7616075 ,North-east Atlantic Ocean,SCOTLAND-HIGHLAND-LOCH MORLICH,LOCH MORLICH,L,-3.7032,57.1669,5
GB,UK04000 ,North-east Atlantic Ocean,NORTH EAST (UK)-NORTHUMBERLAND-ALNWICK,LOW NEWTON,C,-1.6155,55.5132,5
GB,UK10750 ,North-east Atlantic Ocean,EAST OF ENGLAND-SUFFOLK-WAVENEY,LOWESTOFT (NORTH OF CLAREMONT PIER),C,1.7487,52.4683,5
GB,UK10800 ,North-east Atlantic Ocean,EAST OF ENGLAND-SUFFOLK-WAVENEY,LOWESTOFT (SOUTH OF CLAREMONT PIER),C,1.7452,52.4639,5
GB,UK32330 ,North-east Atlantic Ocean,SOUTH WEST (UK)-CORNWALL-RESTORMEL,LUSTY GLAZE,C,-5.065,50.4218,5
GB,UK38220 ,North-east Atlantic Ocean,WALES-PEMBROKESHIRE-LYDSTEP,LYDSTEP,C,-4.7596,51.6519,5
GB,UK34800 ,North-east Atlantic Ocean,SOUTH WEST (UK)-DEVON-NORTH DEVON,LYNMOUTH,C,-3.8245,51.2317,5
GB,UK09100 ,North-east Atlantic Ocean,EAST MIDLANDS (UK)-LINCOLNSHIRE-EAST LINDSEY,MABLETHORPE TOWN,C,0.2647,53.3442,5
GB,UKS7616034 ,North-east Atlantic Ocean,SCOTLAND-ARGYLL AND BUTE-MACHRIHANISH,MACHRIHANISH,C,-5.717,55.4507,5
GB,UKGBNIPA3_20023 ,North-east Atlantic Ocean,NORTHERN IRELAND-NORTHERN IRELAND-LIMAVADY,MAGILLIGAN (BENONE),C,-6.8747,55.1682,5
GB,UKGBNIPA3_20022 ,North-east Atlantic Ocean,NORTHERN IRELAND-NORTHERN IRELAND-LIMAVADY,MAGILLIGAN (DOWNHILL),C,-6.8233,55.1679,5
GB,UK23100 ,North-east Atlantic Ocean,SOUTH WEST (UK)-DEVON-TORBAY,MAIDENCOMBE,C,-3.5134,50.5065,5
GB,UK38230 ,North-east Atlantic Ocean,WALES-PEMBROKESHIRE-MANORBIER,MANORBIER,C,-4.8038,51.6428,5
GB,UK40550 ,North-east Atlantic Ocean,WALES-CONWY AND DENBIGHSHIRE-,MARINE LAKE. RHYL,C,-3.5009,53.3129,5
GB,UK38280 ,North-east Atlantic Ocean,WALES-PEMBROKESHIRE-MARLOES SANDS,MARLOES SANDS,C,-5.2103,51.7221,5
GB,UK32500 ,North-east Atlantic Ocean,SOUTH WEST (UK)-CORNWALL-RESTORMEL,MAWGAN PORTH,C,-5.0334,50.4675,5
GB,UK23600 ,North-east Atlantic Ocean,SOUTH WEST (UK)-DEVON-TORBAY,MEADFOOT,C,-3.5085,50.4576,5
GB,UK40800 ,North-east Atlantic Ocean,NORTH WEST (UK)-MERSEYSIDE-WIRRAL,MEOLS,C,-3.1597,53.4066,5
GB,UK15600 ,North-east Atlantic Ocean,SOUTH EAST (UK)-WEST SUSSEX-ARUN,MIDDLETON-ON-SEA,C,-0.6039,50.7902,5
GB,UK17100 ,North-east Atlantic Ocean,SOUTH EAST (UK)-HAMPSHIRE-NEW FOREST,MILFORD-ON-SEA,C,-1.6106,50.725,5
GB,UK25100 ,North-east Atlantic Ocean,SOUTH WEST (UK)-DEVON-SOUTH HAMS,MILL BAY,C,-3.7669,50.23,5
GB,UK26900 ,North-east Atlantic Ocean,SOUTH WEST (UK)-CORNWALL-CARADON,MILLENDREATH,C,-4.4363,50.3611,5
GB,UK12300 ,North-east Atlantic Ocean,SOUTH EAST (UK)-KENT-THANET,MINNIS BAY. BIRCHINGTON,C,1.2836,51.3803,5
GB,UK11975 ,North-east Atlantic Ocean,SOUTH EAST (UK)-KENT-SWALE,MINSTER LEAS,T,0.8053,51.4329,5
GB,UK09300 ,North-east Atlantic Ocean,EAST MIDLANDS (UK)-LINCOLNSHIRE-EAST LINDSEY,MOGGS EYE,C,0.3217,53.2734,5
GB,UK40900 ,North-east Atlantic Ocean,NORTH WEST (UK)-MERSEYSIDE-WIRRAL,MORETON,C,-3.1194,53.4178,5
GB,UK39970 ,North-east Atlantic Ocean,WALES-GWYNEDD-MORFA DINLLE,MORFA DINLLE,C,-4.3383,53.0844,5
GB,UK39960 ,North-east Atlantic Ocean,WALES-GWYNEDD-,MORFA NEFYN,C,-4.55881,52.9384,5
GB,UK32800 ,North-east Atlantic Ocean,SOUTH WEST (UK)-CORNWALL-NORTH CORNWALL,MOTHER IVEY`S BAY,C,-5.0155,50.5441,5
GB,UK30400 ,North-east Atlantic Ocean,SOUTH WEST (UK)-CORNWALL-PENWITH,MOUNTS BAY PENZANCE,C,-5.5355,50.1147,5
GB,UK10300 ,North-east Atlantic Ocean,EAST OF ENGLAND-NORFOLK-NORTH NORFOLK,MUNDESLEY,C,1.4417,52.8769,5
GB,UKGBNIPA3_20024 ,North-east Atlantic Ocean,NORTHERN IRELAND-NORTHERN IRELAND-DOWN,MURLOUGH CO. DOWN,C,-5.8532,54.2308,5
GB,UK38640 ,North-east Atlantic Ocean,WALES-CEREDIGION-MWNT,MWNT,C,-4.6407,52.1359,5
GB,UK23000 ,North-east Atlantic Ocean,SOUTH WEST (UK)-DEVON-TEIGNBRIDGE,NESS COVE,C,-3.4982,50.5361,5
GB,UK38690 ,North-east Atlantic Ocean,WALES-CEREDIGION-NEWQUAY HARBOUR,NEW QUAY HARBOUR,C,-4.3575,52.2142,5
GB,UK04400 ,North-east Atlantic Ocean,NORTH EAST (UK)-NORTHUMBERLAND-WANSBECK,NEWBIGGIN NORTH,C,-1.5103,55.1844,5
GB,UK04500 ,North-east Atlantic Ocean,NORTH EAST (UK)-NORTHUMBERLAND-WANSBECK,NEWBIGGIN SOUTH,C,-1.5148,55.1789,5
GB,UK38400 ,North-east Atlantic Ocean,WALES-PEMBROKESHIRE-NEWGALE,NEWGALE,C,-5.1234,51.8523,5
GB,UK14300 ,North-east Atlantic Ocean,SOUTH EAST (UK)-EAST SUSSEX-ROTHER,NORMAN`S BAY,C,0.3867,50.8228,5
GB,UK23300 ,North-east Atlantic Ocean,SOUTH WEST (UK)-DEVON-TORBAY,ODDICOMBE,C,-3.5149,50.4825,5
GB,UK37400 ,North-east Atlantic Ocean,WALES-CTY & CNTY SWANSEA-OXWICH BAY,OXWICH BAY,C,-4.1605,51.557,5
GB,UKS7616041 ,North-east Atlantic Ocean,SCOTLAND-BORDERS-PEASE BAY,PEASE BAY,C,-2.3318,55.9319,5
GB,UK37700 ,North-east Atlantic Ocean,WALES-CARMARTHENSHIRE-PEMBREY,PEMBREY,C,-4.3142,51.674,5
GB,UK38210 ,North-east Atlantic Ocean,WALES-SOUTH WEST WALES-,PENALLY,C,-4.715,51.6578,5
GB,UK38675 ,North-east Atlantic Ocean,WALES-CEREDIGION-PENBRYN,PENBRYN,C,-4.4964,52.1441,5
GB,UK37800 ,North-east Atlantic Ocean,WALES-CARMARTHENSHIRE-PENDINE,PENDINE,C,-4.5532,51.7416,5
GB,UK28500 ,North-east Atlantic Ocean,SOUTH WEST (UK)-CORNWALL-CARRICK,PENDOWER,C,-4.9478,50.2057,5
GB,UK27900 ,North-east Atlantic Ocean,SOUTH WEST (UK)-CORNWALL-RESTORMEL,PENTEWAN,C,-4.7826,50.2876,5
GB,UK31900 ,North-east Atlantic Ocean,SOUTH WEST (UK)-CORNWALL-CARRICK,PERRANPORTH PENHALE SANDS,C,-5.1514,50.3594,5
GB,UK31800 ,North-east Atlantic Ocean,SOUTH WEST (UK)-CORNWALL-CARRICK,PERRANPORTH VILLAGE END,C,-5.1551,50.3494,5
GB,UK30100 ,North-east Atlantic Ocean,SOUTH WEST (UK)-CORNWALL-PENWITH,PERRANUTHNOE,C,-5.4425,50.1123,5
GB,UK14400 ,North-east Atlantic Ocean,SOUTH EAST (UK)-EAST SUSSEX-WEALDEN,PEVENSEY BAY,C,0.3503,50.81,5
GB,UK26400 ,North-east Atlantic Ocean,SOUTH WEST (UK)-DEVON-PLYMOUTH,PLYMOUTH HOE EAST,T,-4.1409,50.3639,5
GB,UK26500 ,North-east Atlantic Ocean,SOUTH WEST (UK)-DEVON-PLYMOUTH,PLYMOUTH HOE WEST,T,-4.1455,50.364,5
GB,UK29500 ,North-east Atlantic Ocean,SOUTH WEST (UK)-CORNWALL-KERRIER,POLDHU COVE,C,-5.2613,50.0336,5
GB,UK27200 ,North-east Atlantic Ocean,SOUTH WEST (UK)-CORNWALL-RESTORMEL,POLKERRIS,C,-4.6815,50.3379,5
GB,UK28000 ,North-east Atlantic Ocean,SOUTH WEST (UK)-CORNWALL-RESTORMEL,POLSTREATH,C,-4.7842,50.2744,5
GB,UK29400 ,North-east Atlantic Ocean,SOUTH WEST (UK)-CORNWALL-KERRIER,POLURRIAN COVE,C,-5.2562,50.0233,5
GB,UK33300 ,North-east Atlantic Ocean,SOUTH WEST (UK)-CORNWALL-NORTH CORNWALL,POLZEATH,T,-4.9164,50.5748,5
GB,UK19170 ,North-east Atlantic Ocean,SOUTH WEST (UK)-DORSET-POOLE,POOLE BRANKSOME CHINE,C,-1.91,50.7059,5
GB,UK19190 ,North-east Atlantic Ocean,SOUTH WEST (UK)-DORSET-POOLE,POOLE CANFORD CLIFFS CHINE,C,-1.9205,50.7005,5
GB,UK19400 ,North-east Atlantic Ocean,SOUTH WEST (UK)-DORSET-POOLE,POOLE HARBOUR LAKE,T,-2.0253,50.7138,5
GB,UK19450 ,North-east Atlantic Ocean,SOUTH WEST (UK)-DORSET-POOLE,POOLE HARBOUR ROCKLEY SANDS,T,-2.0401,50.7193,5
GB,UK19350 ,North-east Atlantic Ocean,SOUTH WEST (UK)-DORSET-POOLE,POOLE SANDBANKS PENINSULAR,C,-1.9374,50.6887,5
GB,UK19200 ,North-east Atlantic Ocean,SOUTH WEST (UK)-DORSET-POOLE,POOLE SHORE ROAD BEACH,C,-1.9294,50.6947,5
GB,UK38630 ,North-east Atlantic Ocean,WALES-PEMBROKESHIRE-POPPIT WEST,POPPIT WEST,T,-4.6998,52.1058,5
GB,UK34900 ,North-east Atlantic Ocean,SOUTH WEST (UK)-SOMERSET-WEST SOMERSET,PORLOCK WEIR,C,-3.6263,51.219,5
GB,UK37500 ,North-east Atlantic Ocean,WALES-CTY & CNTY SWANSEA-PORT EYNON BAY,PORT EYNON BAY,C,-4.2086,51.544,5
GB,UKGBNIPA3_20021 ,North-east Atlantic Ocean,NORTHERN IRELAND-NORTHERN IRELAND-COLERAINE,PORTBALLINTRAE (SALMON ROCK),C,-6.5429,55.2201,5
GB,UK40010 ,North-east Atlantic Ocean,WALES-ISLE OF ANGLESEY-PORTH DAFARCH,PORTH DAFARCH,C,-4.6522,53.2865,5
GB,UK39920 ,North-east Atlantic Ocean,WALES-GWYNEDD-,PORTH NEIGWL,C,-4.552,52.8069,5
GB,UK28900 ,North-east Atlantic Ocean,SOUTH WEST (UK)-CORNWALL-KERRIER,PORTHALLOW,C,-5.0793,50.0686,5
GB,UK32550 ,North-east Atlantic Ocean,SOUTH WEST (UK)-CORNWALL-NORTH CORNWALL,PORTHCOTHAN,C,-5.0235,50.509,5
GB,UK28550 ,North-east Atlantic Ocean,SOUTH WEST (UK)-CORNWALL-CARRICK,PORTHCURNICK,C,-4.9725,50.1861,5
GB,UK30600 ,North-east Atlantic Ocean,SOUTH WEST (UK)-CORNWALL-PENWITH,PORTHCURNO,C,-5.6504,50.0429,5
GB,UK30900 ,North-east Atlantic Ocean,SOUTH WEST (UK)-CORNWALL-PENWITH,PORTHGWIDDEN,C,-5.4767,50.2172,5
GB,UK29800 ,North-east Atlantic Ocean,SOUTH WEST (UK)-CORNWALL-KERRIER,PORTHLEVEN WEST,C,-5.3148,50.0811,5
GB,UK30800 ,North-east Atlantic Ocean,SOUTH WEST (UK)-CORNWALL-PENWITH,PORTHMEOR,C,-5.4834,50.2153,5
GB,UK31000 ,North-east Atlantic Ocean,SOUTH WEST (UK)-CORNWALL-PENWITH,PORTHMINSTER,C,-5.4763,50.2087,5
GB,UK29000 ,North-east Atlantic Ocean,SOUTH WEST (UK)-CORNWALL-KERRIER,PORTHOUSTOCK,C,-5.0642,50.0556,5
GB,UK27800 ,North-east Atlantic Ocean,SOUTH WEST (UK)-CORNWALL-RESTORMEL,PORTHPEAN,C,-4.7657,50.3236,5
GB,UK31600 ,North-east Atlantic Ocean,SOUTH WEST (UK)-CORNWALL-CARRICK,PORTHTOWAN,C,-5.2424,50.2875,5
GB,UK31500 ,North-east Atlantic Ocean,SOUTH WEST (UK)-CORNWALL-KERRIER,PORTREATH,C,-5.2936,50.2612,5
GB,UKGBNIPA3_20019 ,North-east Atlantic Ocean,NORTHERN IRELAND-NORTHERN IRELAND-COLERAINE,PORTRUSH (MILL STRAND),C,-6.6562,55.2054,5
GB,UKGBNIPA3_20027 ,North-east Atlantic Ocean,NORTHERN IRELAND-NORTHERN IRELAND-COLERAINE,PORTRUSH (WHITEROCKS),C,-6.6134,55.2069,5
GB,UKGBNIPA3_20025 ,North-east Atlantic Ocean,NORTHERN IRELAND-NORTHERN IRELAND-COLERAINE,PORTSTEWART,C,-6.7315,55.1715,5
GB,UK26600 ,North-east Atlantic Ocean,SOUTH WEST (UK)-CORNWALL-CARADON,PORTWRINKLE,C,-4.3077,50.3615,5
GB,UK29900 ,North-east Atlantic Ocean,SOUTH WEST (UK)-CORNWALL-KERRIER,PRAA SANDS EAST,C,-5.3787,50.0993,5
GB,UK30000 ,North-east Atlantic Ocean,SOUTH WEST (UK)-CORNWALL-KERRIER,PRAA SANDS WEST,C,-5.3909,50.1032,5
GB,UK40700 ,North-east Atlantic Ocean,WALES-DENBIGHSHIRE-PRESTATYN,PRESTATYN,C,-3.4157,53.3463,5
GB,UK34300 ,North-east Atlantic Ocean,SOUTH WEST (UK)-DEVON-NORTH DEVON,PUTSBOROUGH,C,-4.2209,51.1458,5
GB,UK39800 ,North-east Atlantic Ocean,WALES-GWYNEDD-PWLLHELI,PWLLHELI,C,-4.4222,52.8794,5
GB,UK12850 ,North-east Atlantic Ocean,SOUTH EAST (UK)-KENT-THANET,RAMSGATE SANDS,C,1.4249,51.3322,5
GB,UK12900 ,North-east Atlantic Ocean,SOUTH EAST (UK)-KENT-THANET,RAMSGATE WESTERN UNDERCLIFFE,C,1.4062,51.3266,5
GB,UK36700 ,North-east Atlantic Ocean,WALES-BRIDGEND-REST BAY PORTHCAWL,REST BAY PORTHCAWL,C,-3.7241,51.4887,5
GB,UK39990 ,North-east Atlantic Ocean,WALES-ISLE OF ANGLESEY-RHOSNEIGR,RHOSNEIGR,C,-4.5122,53.2196,5
GB,UK37600 ,North-east Atlantic Ocean,WALES-CTY & CNTY SWANSEA-RHOSSILI,RHOSSILI,C,-4.2951,51.5941,5
GB,UK20300 ,North-east Atlantic Ocean,SOUTH WEST (UK)-DORSET-WEYMOUTH AND PORTLAND,RINGSTEAD BAY,C,-2.3514,50.6311,5
GB,UK07200 ,North-east Atlantic Ocean,YORKSHIRE & THE HUMBER-NORTH YORKSHIRE-SCARBOROUGH,ROBIN HOODS BAY,C,-0.5319,54.4302,5
GB,UK05600 ,North-east Atlantic Ocean,NORTH EAST (UK)-TYNE & WEAR-SUNDERLAND,ROKER - SUNDERLAND,C,-1.3649,54.9257,5
GB,UK06900 ,North-east Atlantic Ocean,YORKSHIRE & THE HUMBER-NORTH YORKSHIRE-SCARBOROUGH,RUNSWICK BAY,C,-0.7487,54.5318,5
GB,UK25200 ,North-east Atlantic Ocean,SOUTH WEST (UK)-DEVON-SOUTH HAMS,SALCOMBE NORTH SANDS,C,-3.7806,50.2302,5
GB,UK14800 ,North-east Atlantic Ocean,SOUTH EAST (UK)-EAST SUSSEX-BRIGHTON AND HOVE,SALTDEAN,C,-0.0417,50.7993,5
GB,UK13400 ,North-east Atlantic Ocean,SOUTH EAST (UK)-KENT-SHEPWAY,SANDGATE,C,1.1218,51.0708,5
GB,UK13000 ,North-east Atlantic Ocean,SOUTH EAST (UK)-KENT-DOVER,SANDWICH BAY,C,1.3796,51.2826,5
GB,UK22200 ,North-east Atlantic Ocean,SOUTH WEST (UK)-DEVON-EAST DEVON,SANDY BAY,C,-3.368,50.6099,5
GB,UK36600 ,North-east Atlantic Ocean,WALES-BRIDGEND-SANDY BAY PORTHCAWL,SANDY BAY PORTHCAWL,C,-3.6941,51.4783,5
GB,UK38000 ,North-east Atlantic Ocean,WALES-PEMBROKESHIRE-SAUNDERSFOOT,SAUNDERSFOOT,C,-4.6976,51.7114,5
GB,UK34100 ,North-east Atlantic Ocean,SOUTH WEST (UK)-DEVON-NORTH DEVON,SAUNTON SANDS,C,-4.2224,51.1166,5
GB,UK07300 ,North-east Atlantic Ocean,YORKSHIRE & THE HUMBER-NORTH YORKSHIRE-SCARBOROUGH,SCARBOROUGH NORTH BAY,C,-0.4072,54.2934,5
GB,UK10310 ,North-east Atlantic Ocean,EAST OF ENGLAND-NORFOLK-NORTH NORFOLK,SEA PALLING,C,1.6039,52.7906,5
GB,UK05500 ,North-east Atlantic Ocean,NORTH EAST (UK)-TYNE & WEAR-SUNDERLAND,SEABURN - SUNDERLAND,C,-1.3663,54.9375,5
GB,UKS7616082 ,North-east Atlantic Ocean,SCOTLAND-EAST LOTHIAN-SEACLIFF,SEACLIFF,C,-2.6332,56.0531,5
GB,UK14600 ,North-east Atlantic Ocean,SOUTH EAST (UK)-EAST SUSSEX-LEWES,SEAFORD,C,0.095,50.7713,5
GB,UK03800 ,North-east Atlantic Ocean,NORTH EAST (UK)-NORTHUMBERLAND-BERWICK UPON TWEED,SEAHOUSES NORTH,C,-1.6668,55.5902,5
GB,UK21600 ,North-east Atlantic Ocean,SOUTH WEST (UK)-DEVON-EAST DEVON,SEATON (DEVON),C,-3.0705,50.7034,5
GB,UK06200 ,North-east Atlantic Ocean,NORTH EAST (UK)-HARTLEPOOL-SEATON CAREW NORTH GARE,SEATON CAREW NORTH GARE,C,-1.1647,54.6496,5
GB,UK21200 ,North-east Atlantic Ocean,SOUTH WEST (UK)-DORSET-WEST DORSET,SEATOWN,C,-2.8248,50.7221,5
GB,UK30700 ,North-east Atlantic Ocean,SOUTH WEST (UK)-CORNWALL-PENWITH,SENNEN,C,-5.6976,50.0788,5
GB,UK11950 ,North-east Atlantic Ocean,SOUTH EAST (UK)-KENT-SWALE,SHEERNESS,T,0.7602,51.4433,5
GB,UK19600 ,North-east Atlantic Ocean,SOUTH WEST (UK)-DORSET-PURBECK,SHELL BAY NORTH,C,-1.9488,50.6785,5
GB,UK10100 ,North-east Atlantic Ocean,EAST OF ENGLAND-NORFOLK-NORTH NORFOLK,SHERINGHAM,C,1.2085,52.9459,5
GB,UK11770 ,North-east Atlantic Ocean,EAST OF ENGLAND-ESSEX-SOUTHEND-ON-SEA,SHOEBURY EAST,T,0.8038,51.5317,5
GB,UK11780 ,North-east Atlantic Ocean,EAST OF ENGLAND-ESSEX-SOUTHEND-ON-SEA,SHOEBURYNESS,T,0.7741,51.523,5
GB,UK15200 ,,SOUTH EAST (UK)--,SHOREHAM BEACH,C,-0.2356,50.8287,5
GB,UK27400 ,North-east Atlantic Ocean,SOUTH WEST (UK)-CORNWALL-RESTORMEL,SHORTHORN,C,-4.7229,50.3376,5
GB,UK21900 ,North-east Atlantic Ocean,SOUTH WEST (UK)-DEVON-EAST DEVON,SIDMOUTH JACOBS LADDER,C,-3.2479,50.6753,5
GB,UK45200 ,North-east Atlantic Ocean,NORTH WEST (UK)-CUMBRIA-COPELAND,SILECROFT,C,-3.3511,54.2189,5
GB,UK39993 ,North-east Atlantic Ocean,WALES-ISLE OF ANGLESEY-SILVER BAY RHOSCOLYN,SILVER BAY RHOSCOLYN,C,-4.5605,53.2459,5
GB,UK09700 ,North-east Atlantic Ocean,EAST MIDLANDS (UK)-LINCOLNSHIRE-EAST LINDSEY,SKEGNESS,C,0.3526,53.1437,5
GB,UK24900 ,North-east Atlantic Ocean,SOUTH WEST (UK)-DEVON-SOUTH HAMS,SLAPTON SANDS MONUMENT,C,-3.6451,50.2859,5
GB,UK25000 ,North-east Atlantic Ocean,SOUTH WEST (UK)-DEVON-SOUTH HAMS,SLAPTON SANDS TORCROSS,C,-3.6521,50.2662,5
GB,UK05300 ,North-east Atlantic Ocean,NORTH EAST (UK)-TYNE & WEAR-SOUTH TYNESIDE,SOUTH SHIELDS,C,-1.4091,54.9997,5
GB,UK11800 ,North-east Atlantic Ocean,EAST OF ENGLAND-ESSEX-SOUTHEND-ON-SEA,SOUTHEND THORPE BAY,T,0.7536,51.5289,5
GB,UK11900 ,North-east Atlantic Ocean,EAST OF ENGLAND-ESSEX-SOUTHEND-ON-SEA,SOUTHEND WESTCLIFF BAY,T,0.6869,51.5354,5
GB,UK36400 ,North-east Atlantic Ocean,WALES-VALE OF GLAMORGAN-SOUTHERNDOWN,SOUTHERNDOWN,C,-3.6063,51.4464,5
GB,UK15100 ,North-east Atlantic Ocean,SOUTH EAST (UK)-WEST SUSSEX-ADUR,SOUTHWICK,C,-0.2356,50.8288,5
GB,UK10830 ,North-east Atlantic Ocean,EAST OF ENGLAND-SUFFOLK-WAVENEY,SOUTHWOLD THE PIER,C,1.6869,52.3308,5
GB,UK41900 ,North-east Atlantic Ocean,NORTH WEST (UK)-LANCASHIRE-FYLDE,ST ANNES NORTH,C,-3.0509,53.7597,5
GB,UK40105 ,North-east Atlantic Ocean,WALES-ISLE OF ANGLESEY-ST DAVIDS - BENLLECH,ST DAVIDS - BENLLECH,C,-4.207,53.3149,5
GB,UK14150 ,North-east Atlantic Ocean,SOUTH EAST (UK)-EAST SUSSEX-HASTINGS,ST LEONARDS,C,0.5514,50.8499,5
GB,UK13200 ,North-east Atlantic Ocean,SOUTH EAST (UK)-KENT-DOVER,ST MARGARET`S BAY,C,1.3857,51.1506,5
GB,UK24600 ,North-east Atlantic Ocean,SOUTH WEST (UK)-DEVON-TORBAY,ST MARY'S BAY (DEVON),C,-3.5036,50.3853,5
GB,UK12400 ,North-east Atlantic Ocean,SOUTH EAST (UK)-KENT-THANET,ST MILDRED'S BAY. WESTGATE,C,1.3427,51.3849,5
GB,UK16700 ,North-east Atlantic Ocean,SOUTH EAST (UK)-HAMPSHIRE-GOSPORT,STOKES BAY,C,-1.1504,50.7776,5
GB,UK19700 ,North-east Atlantic Ocean,SOUTH WEST (UK)-DORSET-PURBECK,STUDLAND KNOLL HOUSE,C,-1.9529,50.6521,5
GB,UK09200 ,North-east Atlantic Ocean,EAST MIDLANDS (UK)-LINCOLNSHIRE-EAST LINDSEY,SUTTON-ON-SEA,C,0.2848,53.3144,5
GB,UK19800 ,North-east Atlantic Ocean,SOUTH WEST (UK)-DORSET-PURBECK,SWANAGE CENTRAL,C,-1.9575,50.6134,5
GB,UK28700 ,North-east Atlantic Ocean,SOUTH WEST (UK)-CORNWALL-CARRICK,SWANPOOL,C,-5.0758,50.1406,5
GB,UK39350 ,North-east Atlantic Ocean,WALES-GWYNEDD-TAL-Y-BONT,TAL-Y-BONT,C,-4.1099,52.7687,5
GB,UK12120 ,North-east Atlantic Ocean,SOUTH EAST (UK)-KENT-CANTERBURY,TANKERTON,C,1.0458,51.3654,5
GB,UK22700 ,North-east Atlantic Ocean,SOUTH WEST (UK)-DEVON-TEIGNBRIDGE,TEIGNMOUTH HOLCOMBE,C,-3.4746,50.5619,5
GB,UK38100 ,North-east Atlantic Ocean,WALES-PEMBROKESHIRE-TENBY NORTH,TENBY NORTH,C,-4.7016,51.6753,5
GB,UK38200 ,North-east Atlantic Ocean,WALES-PEMBROKESHIRE-TENBY SOUTH,TENBY SOUTH,C,-4.7034,51.6678,5
GB,UK31400 ,North-east Atlantic Ocean,SOUTH WEST (UK)-CORNWALL-PENWITH,THE TOWANS (GODREVY),C,-5.3919,50.228,5
GB,UK31300 ,North-east Atlantic Ocean,SOUTH WEST (UK)-CORNWALL-PENWITH,THE TOWANS (HAYLE),C,-5.417,50.2048,5
GB,UK25500 ,North-east Atlantic Ocean,SOUTH WEST (UK)-DEVON-SOUTH HAMS,THURLESTONE SOUTH,C,-3.8581,50.2604,5
GB,UK32320 ,North-east Atlantic Ocean,SOUTH WEST (UK)-CORNWALL-RESTORMEL,TOLCARNE,C,-5.0734,50.4177,5
GB,UK17500 ,North-east Atlantic Ocean,SOUTH EAST (UK)-ISLE OF WIGHT-TOTLAND BAY,TOTLAND BAY,C,-1.5457,50.6808,5
GB,UK32300 ,North-east Atlantic Ocean,SOUTH WEST (UK)-CORNWALL-RESTORMEL,TOWAN,C,-5.0842,50.4183,5
GB,UK38700 ,North-east Atlantic Ocean,WALES-CEREDIGION-TRAETH GWYN NEW QUAY,TRAETH GWYN NEW QUAY,C,-4.3471,52.2102,5
GB,UK40000 ,North-east Atlantic Ocean,WALES-ISLE OF ANGLESEY-TREARDDUR BAY,TREARDDUR BAY,C,-4.6178,53.2784,5
GB,UK33350 ,North-east Atlantic Ocean,SOUTH WEST (UK)-CORNWALL-NORTH CORNWALL,TREBARWITH STRAND,C,-4.7616,50.645,5
GB,UK36500 ,North-east Atlantic Ocean,WALES-BRIDGEND-TRECCO BAY PORTHCAWL,TRECCO BAY PORTHCAWL,C,-3.6848,51.4769,5
GB,UK38670 ,North-east Atlantic Ocean,WALES-CEREDIGION-TRESAITH,TRESAITH,C,-4.5178,52.1354,5
GB,UK31700 ,North-east Atlantic Ocean,SOUTH WEST (UK)-CORNWALL-CARRICK,TREVAUNANCE COVE,C,-5.2012,50.3204,5
GB,UK33000 ,North-east Atlantic Ocean,SOUTH WEST (UK)-CORNWALL-NORTH CORNWALL,TREVONE BAY,C,-4.9774,50.5458,5
GB,UK32600 ,North-east Atlantic Ocean,SOUTH WEST (UK)-CORNWALL-NORTH CORNWALL,TREYARNON BAY,C,-5.0226,50.5261,5
GB,UK08800 ,North-east Atlantic Ocean,YORKSHIRE & THE HUMBER-EAST RIDING OF YORKS-TUNSTALL,TUNSTALL,C,-0.0022,53.761,5
GB,UK05200 ,North-east Atlantic Ocean,NORTH EAST (UK)-TYNE & WEAR-NORTH TYNESIDE,TYNEMOUTH KING EDWARDS BAY,C,-1.419,55.0193,5
GB,UK05000 ,North-east Atlantic Ocean,NORTH EAST (UK)-TYNE & WEAR-NORTH TYNESIDE,TYNEMOUTH LONG SANDS NORTH,C,-1.4287,55.0304,5
GB,UK05100 ,North-east Atlantic Ocean,NORTH EAST (UK)-TYNE & WEAR-NORTH TYNESIDE,TYNEMOUTH LONG SANDS SOUTH,C,-1.4233,55.0241,5
GB,UKGBNIPA3_20020 ,North-east Atlantic Ocean,NORTHERN IRELAND-NORTHERN IRELAND-DOWN,TYRELLA,C,-5.7424,54.252,5
GB,UK39100 ,North-east Atlantic Ocean,WALES-GWYNEDD-TYWYN,TYWYN,C,-4.1021,52.582,5
GB,UK18600 ,North-east Atlantic Ocean,SOUTH EAST (UK)-ISLE OF WIGHT-VENTNOR,VENTNOR,C,-1.21,50.5931,5
GB,UK04200 ,North-east Atlantic Ocean,NORTH EAST (UK)-NORTHUMBERLAND-ALNWICK,WARKWORTH,C,-1.5928,55.3512,5
GB,UK23200 ,North-east Atlantic Ocean,SOUTH WEST (UK)-DEVON-TORBAY,WATCOMBE,C,-3.5153,50.4956,5
GB,UK32400 ,North-east Atlantic Ocean,SOUTH WEST (UK)-CORNWALL-RESTORMEL,WATERGATE BAY,C,-5.0426,50.4438,5
GB,UK10000 ,North-east Atlantic Ocean,EAST OF ENGLAND-NORFOLK-NORTH NORFOLK,WELLS,T,0.8491,52.9736,5
GB,UK38250 ,North-east Atlantic Ocean,WALES-PEMBROKESHIRE-WEST ANGLE,WEST ANGLE,C,-5.1067,51.6863,5
GB,UK21000 ,North-east Atlantic Ocean,SOUTH WEST (UK)-DORSET-WEST DORSET,WEST BAY (WEST),C,-2.7665,50.711,5
GB,UK12350 ,North-east Atlantic Ocean,SOUTH EAST (UK)-KENT-THANET,WEST BAY. WESTGATE,C,1.3323,51.3832,5
GB,UK12100 ,North-east Atlantic Ocean,SOUTH EAST (UK)-KENT-CANTERBURY,WEST BEACH. WHITSTABLE,C,1.0117,51.3543,5
GB,UK40750 ,North-east Atlantic Ocean,NORTH WEST (UK)-MERSEYSIDE-WIRRAL,WEST KIRBY,T,-3.1932,53.3705,5
GB,UK16100 ,North-east Atlantic Ocean,SOUTH EAST (UK)-WEST SUSSEX-CHICHESTER,WEST WITTERING,C,-0.9121,50.7765,5
GB,UK33900 ,North-east Atlantic Ocean,SOUTH WEST (UK)-DEVON-TORRIDGE,WESTWARD HO!,C,-4.2362,51.0438,5
GB,UK20700 ,North-east Atlantic Ocean,SOUTH WEST (UK)-DORSET-WEYMOUTH AND PORTLAND,WEYMOUTH CENTRAL,C,-2.4522,50.6145,5
GB,UK20600 ,North-east Atlantic Ocean,SOUTH WEST (UK)-DORSET-WEYMOUTH AND PORTLAND,WEYMOUTH LODMOOR,C,-2.4422,50.6259,5
GB,UK07100 ,North-east Atlantic Ocean,YORKSHIRE & THE HUMBER-NORTH YORKSHIRE-SCARBOROUGH,WHITBY,C,-0.6246,54.4917,5
GB,UK18300 ,North-east Atlantic Ocean,SOUTH EAST (UK)-ISLE OF WIGHT-WHITECLIFFE BAY,WHITECLIFF BAY,C,-1.0943,50.672,5
GB,UK38500 ,North-east Atlantic Ocean,WALES-PEMBROKESHIRE-WHITESANDS,WHITESANDS,C,-5.2958,51.8961,5
GB,UK04800 ,North-east Atlantic Ocean,NORTH EAST (UK)-TYNE & WEAR-NORTH TYNESIDE,WHITLEY BAY,C,-1.4451,55.0489,5
GB,UK36200 ,North-east Atlantic Ocean,WALES-VALE OF GLAMORGAN-WHITMORE BAY BARRY,WHITMORE BAY BARRY ISLAND,C,-3.274,51.3884,5
GB,UK26570 ,North-east Atlantic Ocean,SOUTH WEST (UK)-CORNWALL AND ISLES OF SCILLY-,WHITSAND BAY (SHARROW),C,-4.2596,50.3476,5
GB,UK33400 ,North-east Atlantic Ocean,SOUTH WEST (UK)-CORNWALL-NORTH CORNWALL,WIDEMOUTH SAND,C,-4.5576,50.7931,5
GB,UK45700 ,North-east Atlantic Ocean,NORTH WEST (UK)-CUMBRIA-SOUTH LAKELAND,WINDERMERE. FELLFOOT,L,-2.9538,54.2745,5
GB,UK45625 ,North-east Atlantic Ocean,NORTH WEST (UK)-CUMBRIA-SOUTH LAKELAND,WINDERMERE. LAKESIDE YMCA,L,-2.9619,54.3009,5
GB,UK45650 ,North-east Atlantic Ocean,NORTH WEST (UK)-CUMBRIA-SOUTH LAKELAND,WINDERMERE. MILLERGROUND LANDING,L,-2.9225,54.3807,5
GB,UK45675 ,,--,WINDERMERE. RAYRIGG MEADOW,L,-2.9225,54.3782,5
GB,UK08900 ,North-east Atlantic Ocean,YORKSHIRE & THE HUMBER-EAST RIDING OF YORKS-WITHERNSEA,WITHERNSEA,C,0.036,53.7308,5
GB,UK44590 ,North-east Atlantic Ocean,NORTH WEST (UK)-CUMBRIA-BARROW-IN-FURNESS,ASKAM-IN-FURNESS,T,-3.2139,54.1934,-1
GB,UKGBNIPA3_20007 ,North-east Atlantic Ocean,NORTHERN IRELAND-NORTHERN IRELAND-NEWRY & MOURNE,CRANFIELD (NICHOLSONS STRAND),C,-6.0435,54.0314,-1
GB,UK43100 ,North-east Atlantic Ocean,NORTH WEST (UK)-LANCASHIRE-LANCASTER,HEYSHAM HALF MOON BAY,T,-2.91035,54.0405,-1
GB,UKM3200     00170 ,North-east Atlantic Ocean,SCOTLAND-DUMFRIES & GALLOWAY-MOSSYARD,MOSSYARD,C,-4.2556,54.8407,-1
GB,UK44500 ,North-east Atlantic Ocean,NORTH WEST (UK)-CUMBRIA-BARROW-IN-FURNESS,ROAN HEAD,T,-3.2301,54.1717,-1
GB,UK46500 ,North-east Atlantic Ocean,NORTH WEST (UK)-CUMBRIA-ALLERDALE,SKINBURNESS,C,-3.3643,54.8956,-1
GB,UKS7616084 ,North-east Atlantic Ocean,SCOTLAND-FIFE-TENTSMUIR,TENTSMUIR SANDS,C,-2.8074,56.4063,-1
