Sitio->F:ISO_3166_1_alpha2_to_lugar(lugarObj),D:BWID,D:searegion,direccion,nombre,D:categoriaAgua,D:longitud,D:latitud,D:valoracion2015,A:tipo(10)
SE,SE0110188000002154 ,Baltic Sea,STOCKHOLM-STOCKHOLMS LAEN-NORRTAELJE,ARKADIEN,L,18.3544,59.7384,2
SE,SE0A11383000000627 ,North-east Atlantic Ocean,VAESTSVERIGE-HALLANDS LAEN-VARBERG,BJOERKAENG,C,12.3466,57.0087,2
SE,SE0441283000003890 ,North-east Atlantic Ocean,SYDSVERIGE-SKAANE LAEN-HELSINGBORG,FRIA BAD,C,12.6804,56.0579,2
SE,SE0411083000000659 ,Baltic Sea,SYDSVERIGE-BLEKINGE LAEN-SOELVESBORG,HAELLEVIKS STRAND,C,14.7089,56.0124,2
SE,SE0441262000000321 ,North-east Atlantic Ocean,SYDSVERIGE-SKAANE LAEN-LOMMA,HAMNHUSEN. T-BRYGGAN,C,13.0591,55.6739,2
SE,SE0441283000000318 ,North-east Atlantic Ocean,SYDSVERIGE-SKAANE LAEN-HELSINGBORG,HITTARP,C,12.6352,56.0963,2
SE,SE0632183000002907 ,Baltic Sea,NORRA MELLANSVERIGE-GAEVLEBORGS LAEN-BOLLNAES,KARLSLUND,L,16.4116,61.355,2
SE,SE0110192000002129 ,Baltic Sea,STOCKHOLM-STOCKHOLMS LAEN-NYNAESHAMN,NICKSTABADET,C,17.9344,58.9054,2
SE,SE0441280000000069 ,North-east Atlantic Ocean,SYDSVERIGE-SKAANE LAEN-MALMOE,SIBBARP. BARNVIKEN,C,12.9038,55.5711,2
SE,SE0A11384000000461 ,North-east Atlantic Ocean,VAESTSVERIGE-HALLANDS LAEN-KUNGSBACKA,SOERVIK,C,12.1203,57.3453,2
SE,SE0441287000000444 ,Baltic Sea,SYDSVERIGE-SKAANE LAEN-TRELLEBORG,AESPOE,C,13.3903,55.3498,3
SE,SE0110188000002175 ,Baltic Sea,STOCKHOLM-STOCKHOLMS LAEN-NORRTAELJE,BLIDOE. RAADMANSHOLMEN,C,18.944,59.6219,3
SE,SE0930885000000471 ,Baltic Sea,SMAALAND MED OEARNA-KALMAR LAEN-BORGHOLM,BORGHOLM. MEJERIVIKEN,C,16.6692,56.8841,3
SE,SE0110181000001355 ,Baltic Sea,STOCKHOLM-STOCKHOLMS LAEN-SOEDERTAELJE,FARSTANAESBADET,C,17.6543,59.0971,3
SE,SE0210380000001180 ,Baltic Sea,OESTRA MELLANSVERIGE-UPPSALA LAEN-UPPSALA,FJAELLNORABADET,L,17.912,59.8315,3
SE,SE0441287000000443 ,Baltic Sea,SYDSVERIGE-SKAANE LAEN-TRELLEBORG,GISLOEVS STRANDMARK,C,13.2457,55.3524,3
SE,SE0822581000002763 ,Baltic Sea,OEVRE NORRLAND-NORRBOTTENS LAEN-PITEAA,GLAENTAN. BONDOEFJAERDEN,C,21.5914,65.243,3
SE,SE0110188000002166 ,Baltic Sea,STOCKHOLM-STOCKHOLMS LAEN-NORRTAELJE,GRAEDDOE. BJOERKOE OERN,C,19.0156,59.7684,3
SE,SE0A11380000002976 ,North-east Atlantic Ocean,VAESTSVERIGE-HALLANDS LAEN-HALMSTAD,HAGOENS CAMPINGPLATS,C,12.8984,56.6314,3
SE,SE0110188000002161 ,Baltic Sea,STOCKHOLM-STOCKHOLMS LAEN-NORRTAELJE,HERRAENG. UDDHAM,C,18.6563,60.1381,3
SE,SE0110180000001841 ,Baltic Sea,STOCKHOLM-STOCKHOLMS LAEN-STOCKHOLM,MAELAREN. MALTESHOLMSBADET OE,L,17.8408,59.3562,3
SE,SE0441283000000311 ,North-east Atlantic Ocean,SYDSVERIGE-SKAANE LAEN-HELSINGBORG,OERBY AENGAR,C,12.7511,55.985,3
SE,SE0822581000002750 ,Baltic Sea,OEVRE NORRLAND-NORRBOTTENS LAEN-PITEAA,PITE HAVSBAD,C,21.5366,65.228,3
SE,SE0441290000000677 ,Baltic Sea,SYDSVERIGE-SKAANE LAEN-KRISTIANSTAD,SNICKARHAKEN,C,14.3203,55.9189,3
SE,SE0A11380000000366 ,North-east Atlantic Ocean,VAESTSVERIGE-HALLANDS LAEN-HALMSTAD,STENINGE,C,12.6291,56.7648,3
SE,SE0441283000000316 ,North-east Atlantic Ocean,SYDSVERIGE-SKAANE LAEN-HELSINGBORG,VIKINGSTRAND,C,12.6683,56.0713,3
SE,SE0441282000000414 ,North-east Atlantic Ocean,SYDSVERIGE-SKAANE LAEN-LANDSKRONA,AALABODARNA NORRA,C,12.7705,55.9432,4
SE,SE0241880000004167 ,Baltic Sea,OESTRA MELLANSVERIGE-OEREBRO LAEN-OEREBRO,ALNAENGARNA,L,15.2514,59.2767,4
SE,SE0441284000000498 ,North-east Atlantic Ocean,SYDSVERIGE-SKAANE LAEN-HOEGANAES,ARILD. KALLBADHUSET,C,12.5829,56.2732,4
SE,SE0A21480000000532 ,North-east Atlantic Ocean,VAESTSVERIGE-VAESTRA GOETALANDS LAEN-GOETEBORG,ASKIMSBADET,C,11.927,57.6246,4
SE,SE0A21441000001039 ,North-east Atlantic Ocean,VAESTSVERIGE-VAESTRA GOETALANDS LAEN-LERUM,ASPEN,L,12.2527,57.7675,4
SE,SE0930885000000473 ,Baltic Sea,SMAALAND MED OEARNA-KALMAR LAEN-BORGHOLM,BORGHOLM. KALLBADHUSET,C,16.6447,56.8794,4
SE,SE0441282000000409 ,North-east Atlantic Ocean,SYDSVERIGE-SKAANE LAEN-LANDSKRONA,BORSTAHUSEN. CAMPINGPLATSEN,C,12.8031,55.901,4
SE,SE0210381000001365 ,Baltic Sea,OESTRA MELLANSVERIGE-UPPSALA LAEN-ENKOEPING,BREDSAND,L,17.0709,59.5905,4
SE,SE0441287000000442 ,Baltic Sea,SYDSVERIGE-SKAANE LAEN-TRELLEBORG,DALABADET,C,13.2096,55.3617,4
SE,SE0441283000000319 ,North-east Atlantic Ocean,SYDSVERIGE-SKAANE LAEN-HELSINGBORG,DOMSTEN,C,12.6028,56.1171,4
SE,SE0110180000001867 ,Baltic Sea,STOCKHOLM-STOCKHOLMS LAEN-STOCKHOLM,FLATENBADET ALLMAENNA,L,18.1588,59.2528,4
SE,SE0A11380000002975 ,North-east Atlantic Ocean,VAESTSVERIGE-HALLANDS LAEN-HALMSTAD,FROESAKULL. FIRST CAMP,C,12.7293,56.66,4
SE,SE0110136000002142 ,Baltic Sea,STOCKHOLM-STOCKHOLMS LAEN-HANINGE,GAALOE. SKAELAAKER,C,18.3225,59.0982,4
SE,SE0A11384000000459 ,North-east Atlantic Ocean,VAESTSVERIGE-HALLANDS LAEN-KUNGSBACKA,GAARDA BRYGGA. NORRA SIDAN MED BRYGGOR,C,12.0796,57.363,4
SE,SE0110188000002184 ,Baltic Sea,STOCKHOLM-STOCKHOLMS LAEN-NORRTAELJE,GISEN,L,18.4975,59.8801,4
SE,SE0910680000003509 ,Baltic Sea,SMAALAND MED OEARNA-JOENKOEPINGS LAEN-JOENKOEPING,GRAENNA HAMN. BADLAGUN,L,14.4563,58.0274,4
SE,SE0930882000001948 ,Baltic Sea,SMAALAND MED OEARNA-KALMAR LAEN-OSKARSHAMN,GUNNARSOE HOPPTORN,C,16.492,57.2533,4
SE,SE0110180000001834 ,Baltic Sea,STOCKHOLM-STOCKHOLMS LAEN-STOCKHOLM,HAESSELBY. ALLMAENNA BADET V,L,17.803,59.3733,4
SE,SE0910683000001508 ,Baltic Sea,SMAALAND MED OEARNA-JOENKOEPINGS LAEN-VAERNAMO,HELGASJOEN. HJORTSJOEBADET,L,14.3306,56.969,4
SE,SE0110127000001414 ,Baltic Sea,STOCKHOLM-STOCKHOLMS LAEN-BOTKYRKA,HIMMERFJAERDEN. SANDVIKEN,C,17.6997,59.0568,4
SE,SE0441284000000489 ,North-east Atlantic Ocean,SYDSVERIGE-SKAANE LAEN-HOEGANAES,HOEGANAES. KVICKBADET,C,12.553,56.1933,4
SE,SE0441284000000491 ,North-east Atlantic Ocean,SYDSVERIGE-SKAANE LAEN-HOEGANAES,HOEGANAES. MARGRETEBERG,C,12.5419,56.2129,4
SE,SE0A21480000000533 ,North-east Atlantic Ocean,VAESTSVERIGE-VAESTRA GOETALANDS LAEN-GOETEBORG,HOVAASBADET,C,11.9209,57.6177,4
SE,SE0441283000004404 ,North-east Atlantic Ocean,SYDSVERIGE-SKAANE LAEN-HELSINGBORG,JAERNVAEGSMAENNENS BRYGGA,C,12.6827,56.0536,4
SE,SE0110188000002172 ,Baltic Sea,STOCKHOLM-STOCKHOLMS LAEN-NORRTAELJE,KAERLEKSUDDEN,C,18.7293,59.7526,4
SE,SE0A11383000000628 ,North-east Atlantic Ocean,VAESTSVERIGE-HALLANDS LAEN-VARBERG,KAGABAECKSVIKEN,C,12.2853,57.0467,4
SE,SE0210305000000758 ,Baltic Sea,OESTRA MELLANSVERIGE-UPPSALA LAEN-HAABO,KALMARSANDBADET,L,17.5558,59.5513,4
SE,SE0930885000000470 ,Baltic Sea,SMAALAND MED OEARNA-KALMAR LAEN-BORGHOLM,KOEPINGEBUKTEN,C,16.715,56.882,4
SE,SE0441291000000327 ,Baltic Sea,SYDSVERIGE-SKAANE LAEN-SIMRISHAMN,KYHL. BORRBY STRAND,C,14.238,55.4355,4
SE,SE0441282000000411 ,North-east Atlantic Ocean,SYDSVERIGE-SKAANE LAEN-LANDSKRONA,KYRKBACKEN,C,12.6709,55.9125,4
SE,SE0411080000000201 ,Baltic Sea,SYDSVERIGE-BLEKINGE LAEN-KARLSKRONA,LAANGOE,C,15.5822,56.1827,4
SE,SE0110180000001872 ,Baltic Sea,STOCKHOLM-STOCKHOLMS LAEN-STOCKHOLM,LAANGSJOEBADET,L,17.975,59.2649,4
SE,SE0A11381000000183 ,North-east Atlantic Ocean,VAESTSVERIGE-HALLANDS LAEN-LAHOLM,LAHOLMSBUKTEN. BIRGER PERS VAEG,C,12.9422,56.5143,4
SE,SE0A11381000000182 ,North-east Atlantic Ocean,VAESTSVERIGE-HALLANDS LAEN-LAHOLM,LAHOLMSBUKTEN. EJDERVAEGEN,C,12.9315,56.4866,4
SE,SE0A11381000000181 ,North-east Atlantic Ocean,VAESTSVERIGE-HALLANDS LAEN-LAHOLM,LAHOLMSBUKTEN. SIMVAEGEN,C,12.9069,56.4563,4
SE,SE0A11384000000449 ,North-east Atlantic Ocean,VAESTSVERIGE-HALLANDS LAEN-KUNGSBACKA,LERKIL,C,11.9172,57.4574,4
SE,SE0920763000001122 ,Baltic Sea,SMAALAND MED OEARNA-KRONOBERGS LAEN-TINGSRYD,MAARDSLYCKESAND,L,14.9622,56.5282,4
SE,SE0110181000001348 ,Baltic Sea,STOCKHOLM-STOCKHOLMS LAEN-SOEDERTAELJE,MAASNAREN. EKLUNDSNAESBADET,L,17.59,59.1698,4
SE,SE0220484000000698 ,Baltic Sea,OESTRA MELLANSVERIGE-SOEDERMANLANDS LAEN-ESKILSTUNA,MAELARBADEN,L,16.451,59.452,4
SE,SE0110181000001342 ,Baltic Sea,STOCKHOLM-STOCKHOLMS LAEN-SOEDERTAELJE,MAELARBADET,L,17.6129,59.223,4
SE,SE0110180000001838 ,Baltic Sea,STOCKHOLM-STOCKHOLMS LAEN-STOCKHOLM,MAELAREN. KAANANBADET OE,L,17.8564,59.3489,4
SE,SE0110180000001837 ,Baltic Sea,STOCKHOLM-STOCKHOLMS LAEN-STOCKHOLM,MAELAREN. KAANANBADET V,L,17.8543,59.3492,4
SE,SE0110123000001471 ,Baltic Sea,STOCKHOLM-STOCKHOLMS LAEN-JAERFAELLA,MAELAREN. KALLHAELLSBADET,L,17.7931,59.4518,4
SE,SE0110180000001839 ,Baltic Sea,STOCKHOLM-STOCKHOLMS LAEN-STOCKHOLM,MAELAREN. LOEVSTABADET,L,17.7808,59.3876,4
SE,SE0110180000001843 ,Baltic Sea,STOCKHOLM-STOCKHOLMS LAEN-STOCKHOLM,MAELAREN. MAELARHOEJDSBADET OE,L,17.9256,59.3002,4
SE,SE0110180000001842 ,Baltic Sea,STOCKHOLM-STOCKHOLMS LAEN-STOCKHOLM,MAELAREN. MAELARHOEJDSBADET V,L,17.924,59.3,4
SE,SE0110180000001840 ,Baltic Sea,STOCKHOLM-STOCKHOLMS LAEN-STOCKHOLM,MAELAREN. MALTESHOLMSBADET V,L,17.8394,59.3562,4
SE,SE0110180000001849 ,Baltic Sea,STOCKHOLM-STOCKHOLMS LAEN-STOCKHOLM,MAELAREN. SAETRASTRANDSBADET N,L,17.8919,59.2881,4
SE,SE0110127000001375 ,Baltic Sea,STOCKHOLM-STOCKHOLMS LAEN-BOTKYRKA,MAELAREN. SLAGSTABADET,L,17.8477,59.2588,4
SE,SE0441291000000328 ,Baltic Sea,SYDSVERIGE-SKAANE LAEN-SIMRISHAMN,MAELARHUSEN,C,14.2185,55.411,4
SE,SE0110180000001866 ,Baltic Sea,STOCKHOLM-STOCKHOLMS LAEN-STOCKHOLM,MAGELUNGEN. FARSTA STRANDBAD,L,18.0842,59.2367,4
SE,SE0441284000002331 ,North-east Atlantic Ocean,SYDSVERIGE-SKAANE LAEN-HOEGANAES,MOELLE. RANSVIK,C,12.4762,56.2908,4
SE,SE0441284000000495 ,North-east Atlantic Ocean,SYDSVERIGE-SKAANE LAEN-HOEGANAES,MOELLE. SOLVIKEN,C,12.4812,56.2897,4
SE,SE0110181000001339 ,Baltic Sea,STOCKHOLM-STOCKHOLMS LAEN-SOEDERTAELJE,NYA MALMSJOEBADET,L,17.5368,59.2347,4
SE,SE0A11380000000370 ,North-east Atlantic Ocean,VAESTSVERIGE-HALLANDS LAEN-HALMSTAD,RINGENAES,C,12.7096,56.6806,4
SE,SE0441291000000331 ,Baltic Sea,SYDSVERIGE-SKAANE LAEN-SIMRISHAMN,ROERUM. KNAEBAECKSHUSEN,C,14.2779,55.6422,4
SE,SE0930885000000478 ,Baltic Sea,SMAALAND MED OEARNA-KALMAR LAEN-BORGHOLM,SANDVIK,C,16.8514,57.0678,4
SE,SE0441280000004366 ,North-east Atlantic Ocean,SYDSVERIGE-SKAANE LAEN-MALMOE,SCANIABADPLATSEN,C,12.9746,55.6175,4
SE,SE0441287000000439 ,Baltic Sea,SYDSVERIGE-SKAANE LAEN-TRELLEBORG,SKAARE SKANSAR,C,13.0625,55.3741,4
SE,SE0441287000000440 ,Baltic Sea,SYDSVERIGE-SKAANE LAEN-TRELLEBORG,SKATEHOLM,C,13.4736,55.3766,4
SE,SE0441291000000281 ,Baltic Sea,SYDSVERIGE-SKAANE LAEN-SIMRISHAMN,SKEPPARP,C,14.1963,55.7241,4
SE,SE0A11384000000450 ,North-east Atlantic Ocean,VAESTSVERIGE-HALLANDS LAEN-KUNGSBACKA,SMARHOLMEN,C,11.9176,57.4304,4
SE,SE0110191000001489 ,Baltic Sea,STOCKHOLM-STOCKHOLMS LAEN-SIGTUNA,STENINGEBADET,L,17.8143,59.6005,4
SE,SE0441291000000332 ,Baltic Sea,SYDSVERIGE-SKAANE LAEN-SIMRISHAMN,STENSHUVUD,C,14.2755,55.6566,4
SE,SE0441278000000146 ,North-east Atlantic Ocean,SYDSVERIGE-SKAANE LAEN-BAASTAD,STORAHULTS STRAND,C,12.7568,56.3273,4
SE,SE0441284000000492 ,North-east Atlantic Ocean,SYDSVERIGE-SKAANE LAEN-HOEGANAES,STRANDBADEN,C,12.5386,56.2262,4
SE,SE0A11384000000458 ,North-east Atlantic Ocean,VAESTSVERIGE-HALLANDS LAEN-KUNGSBACKA,TJOLOEHOLM,C,12.1012,57.3964,4
SE,SE0441291000000272 ,Baltic Sea,SYDSVERIGE-SKAANE LAEN-SIMRISHAMN,TOBISVIK. STRANDEN,C,14.3468,55.5629,4
SE,SE0441278000000136 ,North-east Atlantic Ocean,SYDSVERIGE-SKAANE LAEN-BAASTAD,TOREKOVS STRAND,C,12.6312,56.4295,4
SE,SE0A11384000000465 ,North-east Atlantic Ocean,VAESTSVERIGE-HALLANDS LAEN-KUNGSBACKA,TORSTENSVIK,C,12.1529,57.3186,4
SE,SE0110180000001871 ,Baltic Sea,STOCKHOLM-STOCKHOLMS LAEN-STOCKHOLM,TREKANTEN,L,18.0107,59.3126,4
SE,SE0A11382000000545 ,North-east Atlantic Ocean,VAESTSVERIGE-HALLANDS LAEN-FALKENBERG,UGGLARPS N CAMPING,C,12.6062,56.8138,4
SE,SE0A11384000000454 ,North-east Atlantic Ocean,VAESTSVERIGE-HALLANDS LAEN-KUNGSBACKA,UTHOLMEN-GOTTSKAER,C,12.0277,57.3893,4
SE,SE0A21487000001889 ,North-east Atlantic Ocean,VAESTSVERIGE-VAESTRA GOETALANDS LAEN-VAENERSBORG,VAENERN. NORDKROKEN,L,12.4126,58.3855,4
SE,SE0A11384000000448 ,North-east Atlantic Ocean,VAESTSVERIGE-HALLANDS LAEN-KUNGSBACKA,VALLDA SANDOE,C,11.9247,57.4892,4
SE,SE0441284000000485 ,North-east Atlantic Ocean,SYDSVERIGE-SKAANE LAEN-HOEGANAES,VIKENS HAVSBAD,C,12.5667,56.1518,4
SE,SE0441291000000284 ,Baltic Sea,SYDSVERIGE-SKAANE LAEN-SIMRISHAMN,VITEMOELLA,C,14.2051,55.7014,4
SE,SE0110136000002145 ,Baltic Sea,STOCKHOLM-STOCKHOLMS LAEN-HANINGE,AARSTA HAVSBAD,C,18.1658,59.0811,5
SE,SE0910680000003485 ,Baltic Sea,SMAALAND MED OEARNA-JOENKOEPINGS LAEN-JOENKOEPING,AASABADET,L,14.0906,57.693,5
SE,SE0110160000001445 ,Baltic Sea,STOCKHOLM-STOCKHOLMS LAEN-TAEBY,AENGSHOLMSBADET,L,18.102,59.459,5
SE,SE0110126000004055 ,Baltic Sea,STOCKHOLM-STOCKHOLMS LAEN-HUDDINGE,ALBYSJOEN. FLOTTSBROBADET,L,17.8811,59.2327,5
SE,SE0A21490000003594 ,North-east Atlantic Ocean,VAESTSVERIGE-VAESTRA GOETALANDS LAEN-BORAAS,ALMENAES BADPLATS. OERESJOE,L,12.9404,57.7617,5
SE,SE0910683000001516 ,North-east Atlantic Ocean,SMAALAND MED OEARNA-JOENKOEPINGS LAEN-VAERNAMO,ANNEBERGSSJOEN,L,13.6968,57.1885,5
SE,SE0A11383000000633 ,North-east Atlantic Ocean,VAESTSVERIGE-HALLANDS LAEN-VARBERG,APELVIKEN 1,C,12.2556,57.0837,5
SE,SE0A11383000000634 ,North-east Atlantic Ocean,VAESTSVERIGE-HALLANDS LAEN-VARBERG,APELVIKEN 2,C,12.2602,57.0788,5
SE,SE0822580000003237 ,Baltic Sea,OEVRE NORRLAND-NORRBOTTENS LAEN-LULEAA,ARCUS CAMPING,R,22.0897,65.5948,5
SE,SE0940980000000245 ,Baltic Sea,SMAALAND MED OEARNA-GOTLANDS LAEN-GOTLAND,ARDRE. LJUGARN,C,18.7148,57.3306,5
SE,SE0910680000003506 ,Baltic Sea,SMAALAND MED OEARNA-JOENKOEPINGS LAEN-JOENKOEPING,AXAMOBADET,L,14.0657,57.777,5
SE,SE0230584000000723 ,Baltic Sea,OESTRA MELLANSVERIGE-OESTERGOETLANDS LAEN-VADSTENA,BAARSTAD,L,14.7105,58.4025,5
SE,SE0441261000003868 ,North-east Atlantic Ocean,SYDSVERIGE-SKAANE LAEN-KAEVLINGE,BARSEBAECKS SALTSJOEBAD,C,12.9183,55.7699,5
SE,SE0441261000000076 ,North-east Atlantic Ocean,SYDSVERIGE-SKAANE LAEN-KAEVLINGE,BARSEBAECKSHAMN,C,12.9039,55.7574,5
SE,SE0A21480000000388 ,North-east Atlantic Ocean,VAESTSVERIGE-VAESTRA GOETALANDS LAEN-GOETEBORG,BERGSJOEN,L,12.0637,57.7485,5
SE,SE0812480000002805 ,Baltic Sea,OEVRE NORRLAND-VAESTERBOTTENS LAEN-UMEAA,BETTNESANDS HAVSBAD,C,20.0915,63.6616,5
SE,SE0A21480000000519 ,North-east Atlantic Ocean,VAESTSVERIGE-VAESTRA GOETALANDS LAEN-GOETEBORG,BILLDAL,C,11.9314,57.5819,5
SE,SE0441264000000308 ,Baltic Sea,SYDSVERIGE-SKAANE LAEN-SKURUP,BINGSMARKEN,C,13.4986,55.3845,5
SE,SE0251980000002543 ,Baltic Sea,OESTRA MELLANSVERIGE-VAESTMANLANDS LAEN-VAESTERAAS,BJOERNOEBADET. BADVIKEN,L,16.6201,59.5662,5
SE,SE0940980000004397 ,Baltic Sea,SMAALAND MED OEARNA-GOTLANDS LAEN-GOTLAND,BLAA LAGUNEN,L,18.9261,57.9183,5
SE,SE0920763000001126 ,Baltic Sea,SMAALAND MED OEARNA-KRONOBERGS LAEN-TINGSRYD,BLOETAN,L,15.0779,56.4876,5
SE,SE0930885000000468 ,Baltic Sea,SMAALAND MED OEARNA-KALMAR LAEN-BORGHOLM,BOEDA HAMN,C,17.0757,57.236,5
SE,SE0930885000004480 ,Baltic Sea,SMAALAND MED OEARNA-KALMAR LAEN-,BOEDA RIVIERA/ KYRKETORPS FAMILJECAMPING,C,17.0652,57.2503,5
SE,SE0930885000000469 ,Baltic Sea,SMAALAND MED OEARNA-KALMAR LAEN-BORGHOLM,BOEDA SAND,C,17.0564,57.2751,5
SE,SE0940980000000238 ,Baltic Sea,SMAALAND MED OEARNA-GOTLANDS LAEN-GOTLAND,BOGE. SLITE,C,18.8056,57.7014,5
SE,SE0441282000000408 ,North-east Atlantic Ocean,SYDSVERIGE-SKAANE LAEN-LANDSKRONA,BORSTAHUSEN. PIREN,C,12.7994,55.8951,5
SE,SE0A21480000000524 ,North-east Atlantic Ocean,VAESTSVERIGE-VAESTRA GOETALANDS LAEN-GOETEBORG,BRAENNOE RAMSDAL,C,11.7693,57.6342,5
SE,SE0110180000001864 ,Baltic Sea,STOCKHOLM-STOCKHOLMS LAEN-STOCKHOLM,BRUNNSVIKSBADET,L,18.0486,59.3619,5
SE,SE0930885000000483 ,Baltic Sea,SMAALAND MED OEARNA-KALMAR LAEN-BORGHOLM,BYRUM-SANDVIK,C,16.96,57.2362,5
SE,SE0930885000000482 ,Baltic Sea,SMAALAND MED OEARNA-KALMAR LAEN-BORGHOLM,BYXELKROK,C,16.9972,57.3223,5
SE,SE0220483000001141 ,Baltic Sea,OESTRA MELLANSVERIGE-SOEDERMANLANDS LAEN-KATRINEHOLM,DJULOESJOEN,L,16.2119,58.969,5
SE,SE0920763000001128 ,Baltic Sea,SMAALAND MED OEARNA-KRONOBERGS LAEN-TINGSRYD,DJUPASJOEN,L,15.3093,56.4983,5
SE,SE0930885000000479 ,Baltic Sea,SMAALAND MED OEARNA-KALMAR LAEN-BORGHOLM,DJUPVIK,C,16.8243,57.0179,5
SE,SE0411080000000198 ,Baltic Sea,SYDSVERIGE-BLEKINGE LAEN-KARLSKRONA,DRAGSOE BARNBADVIK,C,15.5658,56.1741,5
SE,SE0110180000001869 ,Baltic Sea,STOCKHOLM-STOCKHOLMS LAEN-STOCKHOLM,DREVVIKEN. HOEKARAENGSBADET,L,18.1095,59.2468,5
SE,SE0110136000002138 ,Baltic Sea,STOCKHOLM-STOCKHOLMS LAEN-HANINGE,DREVVIKEN. VENDELSOE GAARD,L,18.1922,59.208,5
SE,SE0930885000000474 ,Baltic Sea,SMAALAND MED OEARNA-KALMAR LAEN-BORGHOLM,EKERUMS CAMPING,C,16.561,56.7965,5
SE,SE0210305000000759 ,Baltic Sea,OESTRA MELLANSVERIGE-UPPSALA LAEN-HAABO,EKILLABADET,L,17.5108,59.6053,5
SE,SE0110187000001354 ,Baltic Sea,STOCKHOLM-STOCKHOLMS LAEN-VAXHOLM,ERIKSOEBADET,C,18.3038,59.4044,5
SE,SE0930840000000018 ,Baltic Sea,SMAALAND MED OEARNA-KALMAR LAEN-MOERBYLAANGA,ERIKSOERE CAMPING. ERIKSOERE,C,16.4439,56.6268,5
SE,SE0110182000001231 ,Baltic Sea,STOCKHOLM-STOCKHOLMS LAEN-NACKA,ERSTAVIKSBADET,C,18.2658,59.2695,5
SE,SE0940980000000232 ,Baltic Sea,SMAALAND MED OEARNA-GOTLANDS LAEN-GOTLAND,FAAROE. SUDERSAND,C,19.2534,57.9515,5
SE,SE0930840000000020 ,Baltic Sea,SMAALAND MED OEARNA-KALMAR LAEN-MOERBYLAANGA,FAERJESTADEN. GRANUDDEN/TALLUDD,C,16.4622,56.6464,5
SE,SE0441233000000024 ,Baltic Sea,SYDSVERIGE-SKAANE LAEN-VELLINGE,FALSTERBO STRANDBAD,C,12.8582,55.3922,5
SE,SE0441284000000501 ,North-east Atlantic Ocean,SYDSVERIGE-SKAANE LAEN-HOEGANAES,FARHULTSBADEN,C,12.7127,56.2245,5
SE,SE0A21480000000516 ,North-east Atlantic Ocean,VAESTSVERIGE-VAESTRA GOETALANDS LAEN-GOETEBORG,FISKEBAECK,C,11.8482,57.6482,5
SE,SE0110180000001868 ,Baltic Sea,STOCKHOLM-STOCKHOLMS LAEN-STOCKHOLM,FLATENBADET BARN,L,18.1567,59.2548,5
SE,SE0A11380000003940 ,North-east Atlantic Ocean,VAESTSVERIGE-HALLANDS LAEN-HALMSTAD,FROESAKULL,C,12.7234,56.6698,5
SE,SE0910643000000719 ,Baltic Sea,SMAALAND MED OEARNA-JOENKOEPINGS LAEN-HABO,FURUSJOEN,L,13.9584,57.9331,5
SE,SE0A21472000000753 ,Baltic Sea,VAESTSVERIGE-VAESTRA GOETALANDS LAEN-TIBRO,GAMLA OERLENBADET,L,14.2494,58.465,5
SE,SE0A21480000004250 ,North-east Atlantic Ocean,VAESTSVERIGE-VAESTRA GOETALANDS LAEN-GOETEBORG,GANLET,C,11.8767,57.6298,5
SE,SE0611780000002389 ,North-east Atlantic Ocean,NORRA MELLANSVERIGE-VAERMLANDS LAEN-KARLSTAD,GAPERN  KILLSTABADET,L,13.6169,59.5074,5
SE,SE0A11383000000638 ,North-east Atlantic Ocean,VAESTSVERIGE-HALLANDS LAEN-VARBERG,GETTEROEN 1:A VIK,C,12.2237,57.113,5
SE,SE0A11383000000639 ,North-east Atlantic Ocean,VAESTSVERIGE-HALLANDS LAEN-VARBERG,GETTEROEN 3:E VIK,C,12.2162,57.1137,5
SE,SE0A11383000000640 ,North-east Atlantic Ocean,VAESTSVERIGE-HALLANDS LAEN-VARBERG,GETTEROEN 4:E VIK,C,12.2117,57.1146,5
SE,SE0A11383000000641 ,North-east Atlantic Ocean,VAESTSVERIGE-HALLANDS LAEN-VARBERG,GETTEROEN 5:E VIK,C,12.2026,57.1181,5
SE,SE0A21401000000063 ,North-east Atlantic Ocean,VAESTSVERIGE-VAESTRA GOETALANDS LAEN-HAERRYDA,GINGSJOEN,L,12.4518,57.6318,5
SE,SE0611784000003284 ,North-east Atlantic Ocean,NORRA MELLANSVERIGE-VAERMLANDS LAEN-ARVIKA,GLAFSFJORDEN. INGESTRAND,L,12.5969,59.6242,5
SE,SE0940980000000239 ,Baltic Sea,SMAALAND MED OEARNA-GOTLANDS LAEN-GOTLAND,GOTHEM. AAMINNE,C,18.7662,57.6217,5
SE,SE0930883000001616 ,Baltic Sea,SMAALAND MED OEARNA-KALMAR LAEN-VAESTERVIK,GRAENSOE. BONDBACKEN,C,16.6898,57.7653,5
SE,SE0930883000001618 ,Baltic Sea,SMAALAND MED OEARNA-KALMAR LAEN-VAESTERVIK,GRAENSOE. SANDVIK,C,16.7076,57.7373,5
SE,SE0110120000001667 ,Baltic Sea,STOCKHOLM-STOCKHOLMS LAEN-VAERMDOE,GRISSLINGE HAVSBAD,C,18.4483,59.3126,5
SE,SE0A21401000000059 ,North-east Atlantic Ocean,VAESTSVERIGE-VAESTRA GOETALANDS LAEN-HAERRYDA,GROEEN SJOEHOLMEN,L,12.2015,57.6829,5
SE,SE0A21401000000056 ,North-east Atlantic Ocean,VAESTSVERIGE-VAESTRA GOETALANDS LAEN-HAERRYDA,GROEEN-FROEKENS UDDE,L,12.14,57.6648,5
SE,SE0910685000000829 ,Baltic Sea,SMAALAND MED OEARNA-JOENKOEPINGS LAEN-VETLANDA,GRUMLAN. OESTANAA,L,15.0479,57.4054,5
SE,SE0930883000001620 ,Baltic Sea,SMAALAND MED OEARNA-KALMAR LAEN-VAESTERVIK,GUDINGEBADET,C,16.5429,57.8946,5
SE,SE0441262000000325 ,North-east Atlantic Ocean,SYDSVERIGE-SKAANE LAEN-LOMMA,HABO LJUNGS CAMPING,C,13.0542,55.6886,5
SE,SE0110160000001441 ,Baltic Sea,STOCKHOLM-STOCKHOLMS LAEN-TAEBY,HAEGERNAESBADET,C,18.1302,59.4417,5
SE,SE0A21480000000392 ,North-east Atlantic Ocean,VAESTSVERIGE-VAESTRA GOETALANDS LAEN-GOETEBORG,HAERLANDA TJAERN,L,12.0498,57.7086,5
SE,SE0A21480000000505 ,North-east Atlantic Ocean,VAESTSVERIGE-VAESTRA GOETALANDS LAEN-GOETEBORG,HAESTEVIK,C,11.7138,57.7132,5
SE,SE0910687000000861 ,Baltic Sea,SMAALAND MED OEARNA-JOENKOEPINGS LAEN-TRANAAS,HAETTEBADEN,L,15.0333,58.0358,5
SE,SE0A21485000000597 ,North-east Atlantic Ocean,VAESTSVERIGE-VAESTRA GOETALANDS LAEN-UDDEVALLA,HAFSTENS CAMPING,C,11.7221,58.3135,5
SE,SE0930840000000013 ,Baltic Sea,SMAALAND MED OEARNA-KALMAR LAEN-MOERBYLAANGA,HAGA PARK,C,16.4049,56.5798,5
SE,SE0411080000000212 ,Baltic Sea,SYDSVERIGE-BLEKINGE LAEN-KARLSKRONA,HALLARUM,C,15.8263,56.1659,5
SE,SE0930883000001621 ,Baltic Sea,SMAALAND MED OEARNA-KALMAR LAEN-VAESTERVIK,HALLMARE,C,16.748,57.8726,5
SE,SE0930883000001622 ,Baltic Sea,SMAALAND MED OEARNA-KALMAR LAEN-VAESTERVIK,HAMMARSBADET,C,16.4154,57.8841,5
SE,SE0110192000002132 ,Baltic Sea,STOCKHOLM-STOCKHOLMS LAEN-NYNAESHAMN,HAMNVIKEN,C,17.9264,58.8889,5
SE,SE0241880000002638 ,Baltic Sea,OESTRA MELLANSVERIGE-OEREBRO LAEN-OEREBRO,HAMPETORP. HJAELMAREN,L,15.6628,59.145,5
SE,SE0940980000000270 ,Baltic Sea,SMAALAND MED OEARNA-GOTLANDS LAEN-GOTLAND,HANGVAR. IHREVIKEN,C,18.588,57.8402,5
SE,SE0241882000002514 ,Baltic Sea,OESTRA MELLANSVERIGE-OEREBRO LAEN-ASKERSUND,HARGEBADEN. VAETTERN,L,14.9666,58.7824,5
SE,SE0A11380000000368 ,North-east Atlantic Ocean,VAESTSVERIGE-HALLANDS LAEN-HALMSTAD,HAVERDAL,C,12.6673,56.7186,5
SE,SE0110136000002140 ,Baltic Sea,STOCKHOLM-STOCKHOLMS LAEN-HANINGE,HAVSBADET SCHWEIZERBADET. DALAROE,C,18.3945,59.139,5
SE,SE0930882000001957 ,Baltic Sea,SMAALAND MED OEARNA-KALMAR LAEN-OSKARSHAMN,HAVSLAETT,C,16.4765,57.2779,5
SE,SE0920780000001573 ,Baltic Sea,SMAALAND MED OEARNA-KRONOBERGS LAEN-VAEXJOE,HELGASJOEN. EVEDAL,L,14.8233,56.9209,5
SE,SE0910683000001500 ,North-east Atlantic Ocean,SMAALAND MED OEARNA-JOENKOEPINGS LAEN-VAERNAMO,HINDSEN. NAESUDDEN OE,L,14.1394,57.1964,5
SE,SE0910683000001501 ,North-east Atlantic Ocean,SMAALAND MED OEARNA-JOENKOEPINGS LAEN-VAERNAMO,HINDSEN. NAESUDDEN V,L,14.1379,57.1965,5
SE,SE0241880000002637 ,Baltic Sea,OESTRA MELLANSVERIGE-OEREBRO LAEN-OEREBRO,HJAELMAREN. KATRINELUND,L,15.5687,59.2355,5
SE,SE0441273000000003 ,Baltic Sea,SYDSVERIGE-SKAANE LAEN-OSBY,HJAERTASJOEBADET,L,14.2828,56.3999,5
SE,SE0110140000001346 ,Baltic Sea,STOCKHOLM-STOCKHOLMS LAEN-NYKVARN,HOEKMOSSENBADET,L,17.4052,59.1712,5
SE,SE0A21401000000060 ,North-east Atlantic Ocean,VAESTSVERIGE-VAESTRA GOETALANDS LAEN-HAERRYDA,HORNASJOEN,L,12.2772,57.7048,5
SE,SE0611780000002379 ,North-east Atlantic Ocean,NORRA MELLANSVERIGE-VAERMLANDS LAEN-KARLSTAD,ILANDATJAERN,L,13.4172,59.4338,5
SE,SE0622085000002443 ,Baltic Sea,NORRA MELLANSVERIGE-DALARNAS LAEN-LUDVIKA,JAEGARNAES,L,15.199,60.1181,5
SE,SE0230584000000722 ,Baltic Sea,OESTRA MELLANSVERIGE-OESTERGOETLANDS LAEN-VADSTENA,JERNEVID,L,14.7942,58.466,5
SE,SE0220481000001263 ,Baltic Sea,OESTRA MELLANSVERIGE-SOEDERMANLANDS LAEN-OXELOESUND,JOGERSOE,C,17.0511,58.6651,5
SE,SE0441290000000682 ,Baltic Sea,SYDSVERIGE-SKAANE LAEN-KRISTIANSTAD,JULEBODA,C,14.1967,55.7659,5
SE,SE0930885000000738 ,Baltic Sea,SMAALAND MED OEARNA-KALMAR LAEN-BORGHOLM,KAAREHAMNS BADPLATS,C,16.8896,56.9524,5
SE,SE0A21402000000095 ,North-east Atlantic Ocean,VAESTSVERIGE-VAESTRA GOETALANDS LAEN-PARTILLE,KAASJOEN. BARNBRYGGAN,L,12.141,57.7123,5
SE,SE0110182000001237 ,Baltic Sea,STOCKHOLM-STOCKHOLMS LAEN-NACKA,KAELLTORPSBADET,L,18.1623,59.2948,5
SE,SE0441233000000022 ,Baltic Sea,SYDSVERIGE-SKAANE LAEN-VELLINGE,KAEMPINGE,C,12.9679,55.4021,5
SE,SE0110125000004300 ,Baltic Sea,STOCKHOLM-STOCKHOLMS LAEN-EKEROE,KAERSOEGAARDEN,L,17.9181,59.3229,5
SE,SE0110114000001601 ,Baltic Sea,STOCKHOLM-STOCKHOLMS LAEN-UPPLANDS-VAESBY,KAIRO,L,17.8433,59.5227,5
SE,SE0930885000000476 ,Baltic Sea,SMAALAND MED OEARNA-KALMAR LAEN-BORGHOLM,KESNAESVIKEN,C,17.0558,57.1761,5
SE,SE0220461000001069 ,Baltic Sea,OESTRA MELLANSVERIGE-SOEDERMANLANDS LAEN-GNESTA,KLAEMMINGSBERG KLAEMMINGEN,L,17.3112,59.0825,5
SE,SE0441280000000064 ,Baltic Sea,SYDSVERIGE-SKAANE LAEN-MALMOE,KLAGSHAMNS BADPLATS,C,12.896,55.5247,5
SE,SE0930885000000740 ,Baltic Sea,SMAALAND MED OEARNA-KALMAR LAEN-,KLINTA BODAR,C,16.7209,56.8857,5
SE,SE0A11380000000377 ,North-east Atlantic Ocean,VAESTSVERIGE-HALLANDS LAEN-HALMSTAD,KOEPENHAMN,C,12.8898,56.6409,5
SE,SE0411080000000209 ,Baltic Sea,SYDSVERIGE-BLEKINGE LAEN-KARLSKRONA,KRISTIANOPEL,C,16.0426,56.2538,5
SE,SE0611780000002382 ,North-east Atlantic Ocean,NORRA MELLANSVERIGE-VAERMLANDS LAEN-KARLSTAD,KROPPKAERRSSJOEN,L,13.5355,59.391,5
SE,SE0622085000002463 ,Baltic Sea,NORRA MELLANSVERIGE-DALARNAS LAEN-LUDVIKA,KYRKVIKEN,L,14.9251,60.0721,5
SE,SE0441262000000324 ,North-east Atlantic Ocean,SYDSVERIGE-SKAANE LAEN-LOMMA,LAANGA BRYGGAN I BJAERRED,C,13.0235,55.7109,5
SE,SE0210380000001172 ,Baltic Sea,OESTRA MELLANSVERIGE-UPPSALA LAEN-UPPSALA,LAANGSJOEN. SANDVIKSBADET,L,17.5729,60.0282,5
SE,SE0441283000000317 ,North-east Atlantic Ocean,SYDSVERIGE-SKAANE LAEN-HELSINGBORG,LAROEDBADEN,C,12.6461,56.0885,5
SE,SE0241814000003852 ,Baltic Sea,OESTRA MELLANSVERIGE-OEREBRO LAEN-LEKEBERG,LEKEN,L,14.7826,59.2766,5
SE,SE0A11383000000632 ,North-east Atlantic Ocean,VAESTSVERIGE-HALLANDS LAEN-VARBERG,LILLA APELVIKEN,C,12.2415,57.0894,5
SE,SE0A21441000001041 ,North-east Atlantic Ocean,VAESTSVERIGE-VAESTRA GOETALANDS LAEN-LERUM,LILLA STAMSJOEN,L,12.2801,57.7591,5
SE,SE0A21480000000508 ,North-east Atlantic Ocean,VAESTSVERIGE-VAESTRA GOETALANDS LAEN-GOETEBORG,LILLEBY,C,11.7507,57.7468,5
SE,SE0441282000000415 ,North-east Atlantic Ocean,SYDSVERIGE-SKAANE LAEN-LANDSKRONA,LILL-OLAS BRYGGA,C,12.8041,55.9064,5
SE,SE0441233000000023 ,Baltic Sea,SYDSVERIGE-SKAANE LAEN-VELLINGE,LJUNGSKOGEN,C,12.9327,55.391,5
SE,SE0622082000002417 ,Baltic Sea,NORRA MELLANSVERIGE-DALARNAS LAEN-SAETER,LJUSTERNBADET,L,15.738,60.3352,5
SE,SE0251980000004297 ,Baltic Sea,OESTRA MELLANSVERIGE-VAESTMANLANDS LAEN-VAESTERAAS,LOEGASTRAND,L,16.5387,59.5992,5
SE,SE0210380000001173 ,Baltic Sea,OESTRA MELLANSVERIGE-UPPSALA LAEN-,LOETSJOEN. BORGARDALSBADET,L,17.9435,59.8625,5
SE,SE0110140000001347 ,Baltic Sea,STOCKHOLM-STOCKHOLMS LAEN-NYKVARN,LOEVNAESBADET,L,17.4569,59.1377,5
SE,SE0441262000000326 ,North-east Atlantic Ocean,SYDSVERIGE-SKAANE LAEN-LOMMA,LOMMA NORRA,C,13.0581,55.6788,5
SE,SE0930885000000742 ,Baltic Sea,SMAALAND MED OEARNA-KALMAR LAEN-BORGHOLM,LUNDEGAARDS BADPLATS,C,16.7262,56.9076,5
SE,SE0110125000000963 ,Baltic Sea,STOCKHOLM-STOCKHOLMS LAEN-EKEROE,LUNDHAGEN,L,17.8053,59.2684,5
SE,SE0930883000001633 ,Baltic Sea,SMAALAND MED OEARNA-KALMAR LAEN-VAESTERVIK,LYSINGSBADET. JUDOEN SANDSTRAND,C,16.6814,57.7308,5
SE,SE0210380000001171 ,Baltic Sea,OESTRA MELLANSVERIGE-UPPSALA LAEN-UPPSALA,LYSSNAAENGSBADET,L,17.6338,59.7827,5
SE,SE0110180000001851 ,Baltic Sea,STOCKHOLM-STOCKHOLMS LAEN-STOCKHOLM,MAELAREN. AENGBYBADET OE,L,17.8981,59.3364,5
SE,SE0110180000001850 ,Baltic Sea,STOCKHOLM-STOCKHOLMS LAEN-STOCKHOLM,MAELAREN. AENGBYBADET V,L,17.8952,59.3367,5
SE,SE0110123000001468 ,Baltic Sea,STOCKHOLM-STOCKHOLMS LAEN-JAERFAELLA,MAELAREN. AENGSJOEBADET,L,17.8086,59.505,5
SE,SE0110123000003608 ,Baltic Sea,STOCKHOLM-STOCKHOLMS LAEN-JAERFAELLA,MAELAREN. GOERVAELNSBADET,L,17.7697,59.4275,5
SE,SE0110180000001832 ,Baltic Sea,STOCKHOLM-STOCKHOLMS LAEN-STOCKHOLM,MAELAREN. LAANGHOLMEN. STRANDBAD,L,18.0239,59.322,5
SE,SE0110180000001848 ,Baltic Sea,STOCKHOLM-STOCKHOLMS LAEN-STOCKHOLM,MAELAREN. SAETRASTRANDSBADET S,L,17.8916,59.2863,5
SE,SE0110180000001846 ,Baltic Sea,STOCKHOLM-STOCKHOLMS LAEN-STOCKHOLM,MAELAREN. SMEDSUDDSBADET OE,L,18.0219,59.3249,5
SE,SE0110180000001845 ,Baltic Sea,STOCKHOLM-STOCKHOLMS LAEN-STOCKHOLM,MAELAREN. SMEDSUDDSBADET V,L,18.0208,59.3251,5
SE,SE0110180000001847 ,Baltic Sea,STOCKHOLM-STOCKHOLMS LAEN-STOCKHOLM,MAELAREN. SOLVIKSBADET,L,17.9668,59.3148,5
SE,SE0441278000000139 ,North-east Atlantic Ocean,SYDSVERIGE-SKAANE LAEN-BAASTAD,MALENS HAVSBAD,C,12.8609,56.4315,5
SE,SE0611780000002391 ,North-east Atlantic Ocean,NORRA MELLANSVERIGE-VAERMLANDS LAEN-KARLSTAD,MANGENBADET,L,13.8791,59.6174,5
SE,SE0A21480000000531 ,North-east Atlantic Ocean,VAESTSVERIGE-VAESTRA GOETALANDS LAEN-GOETEBORG,MARHOLMEN,C,11.9178,57.6244,5
SE,SE0611780000004053 ,Baltic Sea,NORRA MELLANSVERIGE-VAERMLANDS LAEN-KARLSTAD,MARIEBERGSSKOGEN,L,13.488,59.3684,5
SE,SE0920763000001138 ,Baltic Sea,SMAALAND MED OEARNA-KRONOBERGS LAEN-TINGSRYD,MIDINGSBRAATE,L,14.8304,56.3957,5
SE,SE0930840000000014 ,Baltic Sea,SMAALAND MED OEARNA-KALMAR LAEN-MOERBYLAANGA,MOELLSTORP,C,16.4738,56.6598,5
SE,SE0611780000002390 ,North-east Atlantic Ocean,NORRA MELLANSVERIGE-VAERMLANDS LAEN-KARLSTAD,MOLKOMSJOEN. GRANINGEBADET,L,13.7095,59.5951,5
SE,SE0441278000000137 ,North-east Atlantic Ocean,SYDSVERIGE-SKAANE LAEN-BAASTAD,MORGONBRYGGAN. TOREKOVS HAMN,C,12.6218,56.4264,5
SE,SE0441264000000306 ,Baltic Sea,SYDSVERIGE-SKAANE LAEN-SKURUP,MOSSBYLUND,C,13.6253,55.4133,5
SE,SE0441264000000307 ,Baltic Sea,SYDSVERIGE-SKAANE LAEN-SKURUP,MOSSBYSTRAND,C,13.6375,55.4169,5
SE,SE0920763000001130 ,Baltic Sea,SMAALAND MED OEARNA-KRONOBERGS LAEN-TINGSRYD,NABBEN,L,15.1472,56.6536,5
SE,SE0940980000000248 ,Baltic Sea,SMAALAND MED OEARNA-GOTLANDS LAEN-GOTLAND,NAER. HERTA,C,18.5975,57.219,5
SE,SE0110160000001442 ,Baltic Sea,STOCKHOLM-STOCKHOLMS LAEN-TAEBY,NAESAAENGSBADET,C,18.1062,59.426,5
SE,SE0411083000000661 ,Baltic Sea,SYDSVERIGE-BLEKINGE LAEN-SOELVESBORG,NORJE HAVSBAD,C,14.6758,56.1261,5
SE,SE0920763000001135 ,Baltic Sea,SMAALAND MED OEARNA-KRONOBERGS LAEN-TINGSRYD,NORRARYD,L,14.7017,56.4868,5
SE,SE0812480000002803 ,Baltic Sea,OEVRE NORRLAND-VAESTERBOTTENS LAEN-UMEAA,NORRMJOELE HAVSBAD,C,20.1287,63.6572,5
SE,SE0441286000000347 ,Baltic Sea,SYDSVERIGE-SKAANE LAEN-YSTAD,NYBROSTRAND,C,13.9471,55.4302,5
SE,SE0441290000000681 ,Baltic Sea,SYDSVERIGE-SKAANE LAEN-KRISTIANSTAD,NYEGROP,C,14.2008,55.7883,5
SE,SE0441290000000680 ,Baltic Sea,SYDSVERIGE-SKAANE LAEN-KRISTIANSTAD,NYEHUSEN/FURUBODA,C,14.2253,55.8414,5
SE,SE0A21443000003855 ,North-east Atlantic Ocean,VAESTSVERIGE-VAESTRA GOETALANDS LAEN-BOLLEBYGD,OE:A NEDSJOEN. TUBBARED,L,12.5243,57.7339,5
SE,SE0A21463000000950 ,North-east Atlantic Ocean,VAESTSVERIGE-VAESTRA GOETALANDS LAEN-MARK,OE:A OERESJOEN. HANATORP,L,12.707,57.473,5
SE,SE0910680000003484 ,Baltic Sea,SMAALAND MED OEARNA-JOENKOEPINGS LAEN-JOENKOEPING,OERSERUMSBADET,L,14.5685,58.0068,5
SE,SE0611780000002383 ,North-east Atlantic Ocean,NORRA MELLANSVERIGE-VAERMLANDS LAEN-KARLSTAD,OERSHOLMSTJAERN,L,13.5493,59.3827,5
SE,SE0940980000000242 ,Baltic Sea,SMAALAND MED OEARNA-GOTLANDS LAEN-GOTLAND,OESTERGARN. SANDVIKEN,C,18.8688,57.3982,5
SE,SE0110136000002146 ,Baltic Sea,STOCKHOLM-STOCKHOLMS LAEN-HANINGE,OESTNORA,C,18.0602,59.0514,5
SE,SE0611780000002392 ,North-east Atlantic Ocean,NORRA MELLANSVERIGE-VAERMLANDS LAEN-KARLSTAD,OESTRA OERTEN. AELVSBACKA,L,13.6673,59.7165,5
SE,SE0110136000002143 ,Baltic Sea,STOCKHOLM-STOCKHOLMS LAEN-HANINGE,OEVRE RUDAN,L,18.1325,59.1665,5
SE,SE0632183000002917 ,Baltic Sea,NORRA MELLANSVERIGE-GAEVLEBORGS LAEN-BOLLNAES,ORBADEN,L,16.3673,61.5421,5
SE,SE0622034000002692 ,Baltic Sea,NORRA MELLANSVERIGE-DALARNAS LAEN-ORSA,ORSASJOEN. STRANDBADET,L,14.5917,61.1205,5
SE,SE0441273000000002 ,Baltic Sea,SYDSVERIGE-SKAANE LAEN-OSBY,OSBYSJOEN. EBBARPS CAMPING,L,13.9987,56.3634,5
SE,SE0910683000001517 ,North-east Atlantic Ocean,SMAALAND MED OEARNA-JOENKOEPINGS LAEN-VAERNAMO,OSUDDEN. VIDOESTERN,L,14.0522,57.1616,5
SE,SE0A21484000000564 ,North-east Atlantic Ocean,VAESTSVERIGE-VAESTRA GOETALANDS LAEN-LYSEKIL,PINNEVIKSBADET,C,11.4238,58.2685,5
SE,SE0441283000000313 ,North-east Atlantic Ocean,SYDSVERIGE-SKAANE LAEN-HELSINGBORG,RAAAA VALLAR,C,12.7284,56.0015,5
SE,SE0441292000000334 ,North-east Atlantic Ocean,SYDSVERIGE-SKAANE LAEN-AENGELHOLM,RAABOCKA,C,12.8304,56.2557,5
SE,SE0A21401000000055 ,North-east Atlantic Ocean,VAESTSVERIGE-VAESTRA GOETALANDS LAEN-,RAADASJOEN,L,12.0881,57.6591,5
SE,SE0A21481000000394 ,North-east Atlantic Ocean,VAESTSVERIGE-VAESTRA GOETALANDS LAEN-MOELNDAL,RAADASJOEN,L,12.059,57.6633,5
SE,SE0920763000001134 ,Baltic Sea,SMAALAND MED OEARNA-KRONOBERGS LAEN-TINGSRYD,RAEVABACKEN,L,14.8052,56.5437,5
SE,SE0441280000000072 ,North-east Atlantic Ocean,SYDSVERIGE-SKAANE LAEN-MALMOE,RIBERSBORG. KALLBADHUSET,C,12.9668,55.6037,5
SE,SE0441290000003900 ,Baltic Sea,SYDSVERIGE-SKAANE LAEN-KRISTIANSTAD,RIGELEJE,C,14.2019,55.7809,5
SE,SE0110160000001447 ,Baltic Sea,STOCKHOLM-STOCKHOLMS LAEN-TAEBY,ROESJOEBADET,L,18.0014,59.4413,5
SE,SE0110163000000817 ,Baltic Sea,STOCKHOLM-STOCKHOLMS LAEN-SOLLENTUNA,ROESJOEBADET,L,17.9947,59.4385,5
SE,SE0930885000000739 ,Baltic Sea,SMAALAND MED OEARNA-KALMAR LAEN-BORGHOLM,RUNSTEN. BJAERBYBADET,C,16.7391,56.7048,5
SE,SE0441283000000310 ,North-east Atlantic Ocean,SYDSVERIGE-SKAANE LAEN-HELSINGBORG,RYDEBAECK,C,12.7562,55.9669,5
SE,SE0441286000000348 ,Baltic Sea,SYDSVERIGE-SKAANE LAEN-YSTAD,RYSSVAEGEN,C,13.8933,55.4345,5
SE,SE0A21463000000958 ,North-east Atlantic Ocean,VAESTSVERIGE-VAESTRA GOETALANDS LAEN-MARK,SAETILA LYGNERN,L,12.4251,57.5368,5
SE,SE0A21441000001040 ,North-east Atlantic Ocean,VAESTSVERIGE-VAESTRA GOETALANDS LAEN-LERUM,SAEVELAANGEN. DRAENGSERED,L,12.3708,57.8156,5
SE,SE0A21442000001338 ,North-east Atlantic Ocean,VAESTSVERIGE-VAESTRA GOETALANDS LAEN-VAARGAARDA,SAEVEN,L,12.8585,57.925,5
SE,SE0A21480000000534 ,North-east Atlantic Ocean,VAESTSVERIGE-VAESTRA GOETALANDS LAEN-GOETEBORG,SALTHOLMEN,C,11.844,57.659,5
SE,SE0411080000000199 ,Baltic Sea,SYDSVERIGE-BLEKINGE LAEN-KARLSKRONA,SALTOE,C,15.5641,56.166,5
SE,SE0A21486000003348 ,North-east Atlantic Ocean,VAESTSVERIGE-VAESTRA GOETALANDS LAEN-STROEMSTAD,SALTOE,C,11.1353,58.8672,5
SE,SE0441286000000349 ,Baltic Sea,SYDSVERIGE-SKAANE LAEN-YSTAD,SALTSJOEBADEN,C,13.8617,55.4293,5
SE,SE0A21480000000530 ,North-east Atlantic Ocean,VAESTSVERIGE-VAESTRA GOETALANDS LAEN-GOETEBORG,SALTSJOENAES NAESET,C,11.8982,57.6153,5
SE,SE0940980000000260 ,Baltic Sea,SMAALAND MED OEARNA-GOTLANDS LAEN-GOTLAND,SANDA. BJOERKHAGA,C,18.1675,57.4032,5
SE,SE0441286000000344 ,Baltic Sea,SYDSVERIGE-SKAANE LAEN-YSTAD,SANDHAMMAREN,C,14.2004,55.3853,5
SE,SE0411083000000660 ,Baltic Sea,SYDSVERIGE-BLEKINGE LAEN-SOELVESBORG,SANDVIKEN,C,14.5985,56.0205,5
SE,SE0A21485000000603 ,North-east Atlantic Ocean,VAESTSVERIGE-VAESTRA GOETALANDS LAEN-UDDEVALLA,SAXENHOF,C,11.8389,58.2637,5
SE,SE0930840000000015 ,Baltic Sea,SMAALAND MED OEARNA-KALMAR LAEN-MOERBYLAANGA,SAXNAES,C,16.4776,56.6885,5
SE,SE0441278000000145 ,North-east Atlantic Ocean,SYDSVERIGE-SKAANE LAEN-BAASTAD,SEGELSTORPS STRAND,C,12.7404,56.356,5
SE,SE0A21486000000101 ,North-east Atlantic Ocean,VAESTSVERIGE-VAESTRA GOETALANDS LAEN-STROEMSTAD,SELAETER,C,11.1298,58.9551,5
SE,SE0441280000000066 ,North-east Atlantic Ocean,SYDSVERIGE-SKAANE LAEN-MALMOE,SIBBARPS KALLBADHUS,C,12.911,55.577,5
SE,SE0441292000000333 ,North-east Atlantic Ocean,SYDSVERIGE-SKANE LAEN-,SIBIRIEN,C,12.8143,56.2373,5
SE,SE0110182000001238 ,Baltic Sea,STOCKHOLM-STOCKHOLMS LAEN-NACKA,SICKLA STRANDBAD,L,18.1241,59.3018,5
SE,SE0622062000003929 ,Baltic Sea,NORRA MELLANSVERIGE-DALARNAS LAEN-MORA,SILJAN. SAXVIKEN,L,14.5591,61.0067,5
SE,SE0622031000002963 ,Baltic Sea,NORRA MELLANSVERIGE-DALARNAS LAEN-RAETTVIK,SILJAN. SILJANSCAMPEN,L,15.1108,60.8855,5
SE,SE0A21480000000507 ,North-east Atlantic Ocean,VAESTSVERIGE-VAESTRA GOETALANDS LAEN-GOETEBORG,SILLVIK,C,11.7445,57.7461,5
SE,SE0A21496000001681 ,North-east Atlantic Ocean,VAESTSVERIGE-VAESTRA GOETALANDS LAEN-SKOEVDE,SIMSJOEN STORA BADVIKEN,L,13.7912,58.3608,5
SE,SE0A21481000000397 ,North-east Atlantic Ocean,VAESTSVERIGE-VAESTRA GOETALANDS LAEN-MOELNDAL,SISJOEN,L,11.9745,57.6252,5
SE,SE0441233000000026 ,Baltic Sea,SYDSVERIGE-SKAANE LAEN-VELLINGE,SKANOERS HAVSBAD,C,12.8271,55.4159,5
SE,SE0441278000000138 ,North-east Atlantic Ocean,SYDSVERIGE-SKAANE LAEN-BAASTAD,SKANSENBADET. BAASTAD HAMN,C,12.8405,56.4363,5
SE,SE0110160000001444 ,Baltic Sea,STOCKHOLM-STOCKHOLMS LAEN-TAEBY,SKAVLOETEN,L,18.1055,59.4678,5
SE,SE0411080000000204 ,Baltic Sea,SYDSVERIGE-BLEKINGE LAEN-KARLSKRONA,SKOENSTAVIK,C,15.6022,56.2011,5
SE,SE0622085000002446 ,Baltic Sea,NORRA MELLANSVERIGE-DALARNAS LAEN-LUDVIKA,SKUTHAMN,L,15.1803,60.1552,5
SE,SE0A21480000000529 ,North-east Atlantic Ocean,VAESTSVERIGE-VAESTRA GOETALANDS LAEN-GOETEBORG,SMITHSKA UDDEN,C,11.8975,57.6121,5
SE,SE0241880000002650 ,Baltic Sea,OESTRA MELLANSVERIGE-OEREBRO LAEN-OEREBRO,SOEDRA AANNABOSJOEN,L,14.9354,59.3379,5
SE,SE0A21481000000399 ,North-east Atlantic Ocean,VAESTSVERIGE-VAESTRA GOETALANDS LAEN-MOELNDAL,SOEDRA BARNSJOEN,L,12.1218,57.57,5
SE,SE0611780000002387 ,North-east Atlantic Ocean,NORRA MELLANSVERIGE-VAERMLANDS LAEN-KARLSTAD,SOEDRA MOSAREN,L,13.9613,59.5091,5
SE,SE0110125000000962 ,Baltic Sea,STOCKHOLM-STOCKHOLMS LAEN-EKEROE,SOEDRAN,L,17.7824,59.2683,5
SE,SE0622082000002421 ,Baltic Sea,NORRA MELLANSVERIGE-DALARNAS LAEN-SAETER,SOLVARBO. DAMMSJOEN,L,15.6438,60.3702,5
SE,SE0910687000000862 ,Baltic Sea,SMAALAND MED OEARNA-JOENKOEPINGS LAEN-TRANAAS,SOMMENS BADPLATS,L,14.9767,58.1396,5
SE,SE0930840000000007 ,Baltic Sea,SMAALAND MED OEARNA-KALMAR LAEN-MOERBYLAANGA,STENAASA,C,16.622,56.5018,5
SE,SE0A21481000000395 ,North-east Atlantic Ocean,VAESTSVERIGE-VAESTRA GOETALANDS LAEN-MOELNDAL,STENSJOEN,L,12.0443,57.6633,5
SE,SE0110125000000966 ,Baltic Sea,STOCKHOLM-STOCKHOLMS LAEN-EKEROE,STOCKBY,L,17.6772,59.3318,5
SE,SE0812480000002804 ,Baltic Sea,OEVRE NORRLAND-VAESTERBOTTENS LAEN-UMEAA,STOECKSJOEBADET,L,20.1947,63.7743,5
SE,SE0A21480000000518 ,North-east Atlantic Ocean,VAESTSVERIGE-VAESTRA GOETALANDS LAEN-GOETEBORG,STORA AMUNDOEN,C,11.9062,57.5902,5
SE,SE0A21480000000390 ,North-east Atlantic Ocean,VAESTSVERIGE-VAESTRA GOETALANDS LAEN-GOETEBORG,STORA DELSJOEN,L,12.0408,57.6822,5
SE,SE0930885000000475 ,Baltic Sea,SMAALAND MED OEARNA-KALMAR LAEN-BORGHOLM,STORA ROER,C,16.5268,56.7553,5
SE,SE0A11383000000642 ,North-east Atlantic Ocean,VAESTSVERIGE-HALLANDS LAEN-VARBERG,STRAAVALLA,C,12.1637,57.2979,5
SE,SE0220480000002078 ,Baltic Sea,OESTRA MELLANSVERIGE-SOEDERMANLANDS LAEN-NYKOEPING,STRANDSTUGEVIKEN,C,17.0926,58.72,5
SE,SE0411080000000202 ,Baltic Sea,SYDSVERIGE-BLEKINGE LAEN-KARLSKRONA,STUDENTVIKEN,C,15.5933,56.1876,5
SE,SE0411080000000200 ,Baltic Sea,SYDSVERIGE-BLEKINGE LAEN-KARLSKRONA,STUMHOLMEN,C,15.6001,56.1601,5
SE,SE0411080000000213 ,Baltic Sea,SYDSVERIGE-BLEKINGE LAEN-KARLSKRONA,STURKOE. UTTORP,C,15.7032,56.0876,5
SE,SE0A21480000000510 ,North-east Atlantic Ocean,VAESTSVERIGE-VAESTRA GOETALANDS LAEN-GOETEBORG,STYRSOE BRATTEN,C,11.7945,57.6182,5
SE,SE0611780000002380 ,North-east Atlantic Ocean,NORRA MELLANSVERIGE-VAERMLANDS LAEN-KARLSTAD,SUNDSTATJAERN,L,13.5101,59.3897,5
SE,SE0A21480000000385 ,North-east Atlantic Ocean,VAESTSVERIGE-VAESTRA GOETALANDS LAEN-GOETEBORG,SURTESJOEN,L,12.0426,57.8261,5
SE,SE0A11380000001292 ,North-east Atlantic Ocean,VAESTSVERIGE-HALLANDS LAEN-HALMSTAD,SVAERJAREHAALAN,C,12.7453,56.6433,5
SE,SE0441290000000676 ,Baltic Sea,SYDSVERIGE-SKAANE LAEN-KRISTIANSTAD,TAEPPET,C,14.3203,55.9369,5
SE,SE0930883000001646 ,Baltic Sea,SMAALAND MED OEARNA-KALMAR LAEN-VAESTERVIK,TAETTOE,C,16.703,57.8891,5
SE,SE0110180000004021 ,Baltic Sea,STOCKHOLM-STOCKHOLMS LAEN-,TANTO STRANDBAD (AARSTAVIKEN),L,18.0381,59.312,5
SE,SE0110140000001344 ,Baltic Sea,STOCKHOLM-STOCKHOLMS LAEN-NYKVARN,TAXINGEBADET,L,17.3061,59.2455,5
SE,SE0110187000001351 ,Baltic Sea,STOCKHOLM-STOCKHOLMS LAEN-VAXHOLM,TENOEBADET,C,18.3311,59.3936,5
SE,SE0241861000002532 ,Baltic Sea,OESTRA MELLANSVERIGE-OEREBRO LAEN-HALLSBERG,TISARSTRAND. CAMPINGEN,L,15.1775,59.0025,5
SE,SE0940980000000262 ,Baltic Sea,SMAALAND MED OEARNA-GOTLANDS LAEN-GOTLAND,TOFTA,C,18.1262,57.4864,5
SE,SE0A11383000000629 ,North-east Atlantic Ocean,VAESTSVERIGE-HALLANDS LAEN-VARBERG,TRAESLOEVSLAEGE,C,12.277,57.0637,5
SE,SE0411083000000664 ,Baltic Sea,SYDSVERIGE-BLEKINGE LAEN-SOELVESBORG,TREDENBORG V,C,14.5655,56.0258,5
SE,SE0220488000002073 ,Baltic Sea,OESTRA MELLANSVERIGE-SOEDERMANLANDS LAEN-TROSA,TROSA HAVSBAD,C,17.5556,58.8621,5
SE,SE0411080000000216 ,Baltic Sea,SYDSVERIGE-BLEKINGE LAEN-KARLSKRONA,TRUMMENAES,C,15.7277,56.1603,5
SE,SE0A21481000000401 ,North-east Atlantic Ocean,VAESTSVERIGE-VAESTRA GOETALANDS LAEN-MOELNDAL,TULEBOSJOEN,L,12.0916,57.6101,5
SE,SE0A21480000000506 ,North-east Atlantic Ocean,VAESTSVERIGE-VAESTRA GOETALANDS LAEN-GOETEBORG,TUMLEHED,C,11.7205,57.7286,5
SE,SE0230584000000724 ,Baltic Sea,OESTRA MELLANSVERIGE-OESTERGOETLANDS LAEN-VADSTENA,TYCKLINGE,L,14.897,58.4668,5
SE,SE0A11380000003942 ,North-east Atlantic Ocean,VAESTSVERIGE-HALLANDS LAEN-HALMSTAD,TYLOEBAECK,C,12.7301,56.6537,5
SE,SE0A11380000000371 ,North-east Atlantic Ocean,VAESTSVERIGE-HALLANDS LAEN-HALMSTAD,TYLOESAND,C,12.7286,56.6487,5
SE,SE0A21485000000598 ,North-east Atlantic Ocean,VAESTSVERIGE-VAESTRA GOETALANDS LAEN-UDDEVALLA,UNDA CAMPING,C,11.8223,58.3267,5
SE,SE0920763000001132 ,Baltic Sea,SMAALAND MED OEARNA-KRONOBERGS LAEN-TINGSRYD,URSOEBADET,L,14.8596,56.63,5
SE,SE0A21443000003854 ,North-east Atlantic Ocean,VAESTSVERIGE-VAESTRA GOETALANDS LAEN-BOLLEBYGD,V:A NEDSJOEN. NEDFLO,L,12.4662,57.7265,5
SE,SE0110126000002126 ,Baltic Sea,STOCKHOLM-STOCKHOLMS LAEN-HUDDINGE,VAARBYFJAERDEN. VAARBYBADET,L,17.8783,59.2579,5
SE,SE0611780000002384 ,North-east Atlantic Ocean,NORRA MELLANSVERIGE-VAERMLANDS LAEN-KARLSTAD,VAENERN  ALSTER,L,13.6172,59.3933,5
SE,SE0611780000002377 ,North-east Atlantic Ocean,NORRA MELLANSVERIGE-VAERMLANDS LAEN-KARLSTAD,VAENERN  BOMSTAD,L,13.3537,59.3617,5
SE,SE0611780000002378 ,North-east Atlantic Ocean,NORRA MELLANSVERIGE-VAERMLANDS LAEN-KARLSTAD,VAENERN  SKUTBERGET,L,13.3917,59.3705,5
SE,SE0611780000002376 ,North-east Atlantic Ocean,NORRA MELLANSVERIGE-VAERMLANDS LAEN-KARLSTAD,VAENERN  TORSVIKEN,L,13.2608,59.333,5
SE,SE0611780000003824 ,North-east Atlantic Ocean,NORRA MELLANSVERIGE-VAERMLANDS LAEN-KARLSTAD,VAENERN. BJOERNRUKAN,L,13.8077,59.3281,5
SE,SE0A21487000001890 ,North-east Atlantic Ocean,VAESTSVERIGE-VAESTRA GOETALANDS LAEN-VAENERSBORG,VAENERN. GARDESANNA,L,12.4924,58.3921,5
SE,SE0611761000002328 ,North-east Atlantic Ocean,NORRA MELLANSVERIGE-VAERMLANDS LAEN-HAMMAROE,VAENERN. GETINGBERGET,L,13.5621,59.2959,5
SE,SE0611761000002325 ,North-east Atlantic Ocean,NORRA MELLANSVERIGE-VAERMLANDS LAEN-HAMMAROE,VAENERN. MOERUDDEN,L,13.4978,59.3118,5
SE,SE0A21492000000938 ,North-east Atlantic Ocean,VAESTSVERIGE-VAESTRA GOETALANDS LAEN-AAMAAL,VAENERN. OERNAES VID SIMSTADION,L,12.721,59.0433,5
SE,SE0611761000002327 ,North-east Atlantic Ocean,NORRA MELLANSVERIGE-VAERMLANDS LAEN-HAMMAROE,VAENERN. RAEGGAARDSVIKEN,L,13.5711,59.2785,5
SE,SE0A21487000001887 ,North-east Atlantic Ocean,VAESTSVERIGE-VAESTRA GOETALANDS LAEN-VAENERSBORG,VAENERN. SIKHALL,L,12.4384,58.4913,5
SE,SE0A21487000001888 ,North-east Atlantic Ocean,VAESTSVERIGE-VAESTRA GOETALANDS LAEN-VAENERSBORG,VAENERN. URSAND,L,12.3257,58.4173,5
SE,SE0940980000000267 ,Baltic Sea,SMAALAND MED OEARNA-GOTLANDS LAEN-GOTLAND,VAESKINDE. BRISSUND,C,18.376,57.7181,5
SE,SE0A21481000000400 ,North-east Atlantic Ocean,VAESTSVERIGE-VAESTRA GOETALANDS LAEN-MOELNDAL,VAESTRA INGSJOEN,L,12.261,57.6078,5
SE,SE0A21401000000061 ,North-east Atlantic Ocean,VAESTSVERIGE-VAESTRA GOETALANDS LAEN-HAERRYDA,VAESTRA NEDSJOEN,L,12.4568,57.7083,5
SE,SE0910643000003989 ,Baltic Sea,SMAALAND MED OEARNA-JOENKOEPINGS LAEN-HABO,VAETTERN BASKARP,L,14.1808,58.0188,5
SE,SE0910643000000717 ,Baltic Sea,SMAALAND MED OEARNA-JOENKOEPINGS LAEN-HABO,VAETTERN. DOMSAND,L,14.1172,57.8783,5
SE,SE0910680000003483 ,Baltic Sea,SMAALAND MED OEARNA-JOENKOEPINGS LAEN-JOENKOEPING,VAETTERSTRANDEN,L,14.2064,57.783,5
SE,SE0230584000000721 ,Baltic Sea,OESTRA MELLANSVERIGE-OESTERGOETLANDS LAEN-VADSTENA,VAETTERVIKSBADET,L,14.9313,58.4653,5
SE,SE0230584000004340 ,Baltic Sea,OESTRA MELLANSVERIGE-OESTERGOETLANDS LAEN-VADSTENA,VAETTERVIKSBADET. UDDEN,L,14.9339,58.4668,5
SE,SE0230583000001852 ,Baltic Sea,OESTRA MELLANSVERIGE-OESTERGOETLANDS LAEN-MOTALA,VARAMOBADEN,L,15.0048,58.5492,5
SE,SE0441292000000339 ,North-east Atlantic Ocean,SYDSVERIGE-SKAANE LAEN-AENGELHOLM,VEJBYSTRAND S,C,12.7619,56.3097,5
SE,SE0441273000000001 ,Baltic Sea,SYDSVERIGE-SKAANE LAEN-OSBY,VESLJUNGASJOEN,L,13.7674,56.4213,5
SE,SE0A11380000000369 ,North-east Atlantic Ocean,VAESTSVERIGE-HALLANDS LAEN-HALMSTAD,VILSHAERAD,C,12.6838,56.6966,5
SE,SE0940980000000226 ,Baltic Sea,SMAALAND MED OEARNA-GOTLANDS LAEN-GOTLAND,VISBY. KALLBADHUSET,C,18.2874,57.6426,5
SE,SE0940980000000229 ,Baltic Sea,SMAALAND MED OEARNA-GOTLANDS LAEN-GOTLAND,VISBY. SNAECKVIKEN,C,18.3315,57.6748,5
SE,SE0441290000000679 ,Baltic Sea,SYDSVERIGE-SKAANE LAEN-KRISTIANSTAD,YNGSJOE HAVSBAD,C,14.2599,55.8858,5
SE,SE0110120000004476 ,Baltic Sea,STOCKHOLM-STOCKHOLMS LAEN-,BJOERKVIKS BRYGGA,C,18.5375,59.2206,-1
SE,SE0110120000004475 ,Baltic Sea,STOCKHOLM-STOCKHOLMS LAEN-,BJOERNOE SANDARNA/LILLA SAND,C,18.5242,59.2154,-1
SE,SE0110120000004474 ,Baltic Sea,STOCKHOLM-STOCKHOLMS LAEN-,BJOERNOE SANDARNA/STORA SAND,C,18.5285,59.2176,-1
SE,SE0110120000001676 ,Baltic Sea,STOCKHOLM-STOCKHOLMS LAEN-VAERMDOE,SOEDERSVED,C,18.4224,59.2937,-1
SE,SE0812482000003353 ,,--,BOVIKSBADET,C,21.1137,64.7772,-1
SE,SE0812482000003357 ,,--,BYSKE HAVSBAD,C,21.2428,64.9466,-1
SE,SE0251980000004455 ,,--,GAEDDEHOLM,L,16.6612,59.5483,-1
SE,SE0A21499000000925 ,North-east Atlantic Ocean,VAESTSVERIGE-VAESTRA GOETALANDS LAEN-,SKOGSSJOEN,L,13.5198,58.1658,-1
SE,SE0822582000003209 ,Baltic Sea,OEVRE NORRLAND-NORRBOTTENS LAEN-BODEN,ALDERSJOEN,L,21.6394,65.7851,-1
SE,SE0A21489000001706 ,North-east Atlantic Ocean,VAESTSVERIGE-VAESTRA GOETALANDS LAEN-ALINGSAAS,ANTEN. GRAEFSNAES SLOTTSPARK,L,12.4928,58.0772,-1
SE,SE0A11383000000636 ,North-east Atlantic Ocean,VAESTSVERIGE-HALLANDS LAEN-VARBERG,BARNENS BADSTRAND,C,12.2406,57.1086,-1
SE,SE0712281000003475 ,Baltic Sea,MELLERSTA NORRLAND-VAESTERNORRLANDS LAEN-SUNDSVALL,BERGAFJAERDEN. NJURUNDA,C,17.4593,62.2714,-1
SE,SE0A21427000000034 ,North-east Atlantic Ocean,VAESTSVERIGE-VAESTRA GOETALANDS LAEN-SOTENAES,BOVALLSTRAND. BADHOLMARNA,C,11.3149,58.4759,-1
SE,SE0611785000003410 ,North-east Atlantic Ocean,NORRA MELLANSVERIGE-VAERMLANDS LAEN-SAEFFLE,BYAELVEN. SANDBACKENS BADPLATS,R,12.9133,59.1614,-1
SE,SE0A11383000000635 ,North-east Atlantic Ocean,VAESTSVERIGE-HALLANDS LAEN-VARBERG,DJUPA DRAEKT,C,12.2421,57.0983,-1
SE,SE0110117000002093 ,Baltic Sea,STOCKHOLM-STOCKHOLMS LAEN-OESTERAAKER,DRAENGSJOEN. DOMARUDDEN,L,18.343,59.5164,-1
SE,SE0611785000003413 ,North-east Atlantic Ocean,NORRA MELLANSVERIGE-VAERMLANDS LAEN-SAEFFLE,DUSE KLIPPBAD,L,12.8803,59.0791,-1
SE,SE0110188000002159 ,Baltic Sea,STOCKHOLM-STOCKHOLMS LAEN-NORRTAELJE,ERKEN. SVANBERGA,L,18.6546,59.8373,-1
SE,SE0A11383000000644 ,North-east Atlantic Ocean,VAESTSVERIGE-HALLANDS LAEN-VARBERG,ESPEVIK,C,12.1883,57.1898,-1
SE,SE0A21407000003873 ,North-east Atlantic Ocean,VAESTSVERIGE-VAESTRA GOETALANDS LAEN-OECKEROE,FOTOE. VIVIK,C,11.6619,57.6706,-1
SE,SE0611766000003826 ,North-east Atlantic Ocean,NORRA MELLANSVERIGE-VAERMLANDS LAEN-SUNNE,FRYKEN. KOLSNAESUDDEN,L,13.1414,59.8236,-1
SE,SE0611785000003582 ,North-east Atlantic Ocean,NORRA MELLANSVERIGE-VAERMLANDS LAEN-SAEFFLE,GETEBOL,L,12.8518,59.1043,-1
SE,SE0A11382000000543 ,North-east Atlantic Ocean,VAESTSVERIGE-HALLANDS LAEN-FALKENBERG,GLOMMEN,C,12.3571,56.9355,-1
SE,SE0A21427000001495 ,North-east Atlantic Ocean,VAESTSVERIGE-VAESTRA GOETALANDS LAEN-SOTENAES,HAESTEDALEN. HUNNEBOSTRAND,C,11.2952,58.4477,-1
SE,SE0A21407000003882 ,North-east Atlantic Ocean,VAESTSVERIGE-VAESTRA GOETALANDS LAEN-OECKEROE,HOENOE. HAESTEN,C,11.6358,57.6844,-1
SE,SE0A21407000003884 ,North-east Atlantic Ocean,VAESTSVERIGE-VAESTRA GOETALANDS LAEN-OECKEROE,HOENOE. JUNGFRUVIKEN,C,11.6676,57.6882,-1
SE,SE0A21407000003883 ,North-east Atlantic Ocean,VAESTSVERIGE-VAESTRA GOETALANDS LAEN-OECKEROE,HOENOE. LAPPOSAND,C,11.636,57.6916,-1
SE,SE0220482000000744 ,Baltic Sea,OESTRA MELLANSVERIGE-SOEDERMANLANDS LAEN-FLEN,HOSJOEBADET,L,16.7313,59.1408,-1
SE,SE0A21407000003877 ,North-east Atlantic Ocean,VAESTSVERIGE-VAESTRA GOETALANDS LAEN-OECKEROE,KAELLOE-KNIPPLA TRANBAERSVIKEN,C,11.6546,57.755,-1
SE,SE0A11383000000646 ,North-east Atlantic Ocean,VAESTSVERIGE-HALLANDS LAEN-VARBERG,KAERRADAL SOEDRA(2),C,12.2121,57.183,-1
SE,SE0A11382000000549 ,North-east Atlantic Ocean,VAESTSVERIGE-HALLANDS LAEN-FALKENBERG,LAANGASAND,C,12.5401,56.866,-1
SE,SE0110188000002156 ,Baltic Sea,STOCKHOLM-STOCKHOLMS LAEN-NORRTAELJE,LOMMAREN,L,18.6746,59.7583,-1
SE,SE0110188000002171 ,Baltic Sea,STOCKHOLM-STOCKHOLMS LAEN-NORRTAELJE,LUNDABADET,C,18.8067,59.7724,-1
SE,SE0611785000003584 ,North-east Atlantic Ocean,NORRA MELLANSVERIGE-VAERMLANDS LAEN-SAEFFLE,MELLAN SVAN. STRAND,L,12.5474,59.2012,-1
SE,SE0A21489000001699 ,North-east Atlantic Ocean,VAESTSVERIGE-VAESTRA GOETALANDS LAEN-ALINGSAAS,MJOERN. LOEVEKULLE CAMPING,L,12.4848,57.9265,-1
SE,SE0241883000002570 ,North-east Atlantic Ocean,OESTRA MELLANSVERIGE-OEREBRO LAEN-KARLSKOGA,MOECKELN NAESET OESTRA,L,14.5309,59.3211,-1
SE,SE0241883000002569 ,North-east Atlantic Ocean,OESTRA MELLANSVERIGE-OEREBRO LAEN-KARLSKOGA,MOECKELN NAESET VAESTRA,L,14.5231,59.3201,-1
SE,SE0241883000002571 ,North-east Atlantic Ocean,OESTRA MELLANSVERIGE-OEREBRO LAEN-KARLSKOGA,MOECKELN SANDTORPSBADET,L,14.5651,59.3232,-1
SE,SE0241883000002568 ,North-east Atlantic Ocean,OESTRA MELLANSVERIGE-OEREBRO LAEN-KARLSKOGA,MOECKELN STRANDVALLEN,L,14.518,59.3147,-1
SE,SE0241883000002572 ,North-east Atlantic Ocean,OESTRA MELLANSVERIGE-OEREBRO LAEN-KARLSKOGA,MOECKELN. SANDVIKSBADET,L,14.5722,59.3206,-1
SE,SE0812480000002811 ,Baltic Sea,OEVRE NORRLAND-VAESTERBOTTENS LAEN-UMEAA,NYDALASJOEN,L,20.3406,63.8354,-1
SE,SE0A21463000000952 ,North-east Atlantic Ocean,VAESTSVERIGE-VAESTRA GOETALANDS LAEN-MARK,OE:A OERESJOEN. MOS STRAND,L,12.7039,57.4604,-1
SE,SE0A21407000003885 ,North-east Atlantic Ocean,VAESTSVERIGE-VAESTRA GOETALANDS LAEN-OECKEROE,OECKEROE. HJAELVIK,C,11.6345,57.719,-1
SE,SE0A11382000000541 ,North-east Atlantic Ocean,VAESTSVERIGE-HALLANDS LAEN-FALKENBERG,OLOFSBO,C,12.3896,56.9165,-1
SE,SE0220482000000750 ,Baltic Sea,OESTRA MELLANSVERIGE-SOEDERMANLANDS LAEN-FLEN,ORRESTAOEBADET,L,16.5837,59.0727,-1
SE,SE0A21489000001700 ,North-east Atlantic Ocean,VAESTSVERIGE-VAESTRA GOETALANDS LAEN-ALINGSAAS,PLAYA MJOERN,L,12.5022,57.9306,-1
SE,SE0A11382000003773 ,North-east Atlantic Ocean,VAESTSVERIGE-HALLANDS LAEN-FALKENBERG,RINGSEGAARD. SKREA SAND,C,12.5456,56.8504,-1
SE,SE0A11382000000546 ,North-east Atlantic Ocean,VAESTSVERIGE-HALLANDS LAEN-FALKENBERG,ROSENDALS HAVSBAD,C,12.3527,56.9563,-1
SE,SE0A21489000001692 ,North-east Atlantic Ocean,VAESTSVERIGE-VAESTRA GOETALANDS LAEN-ALINGSAAS,SAEVELAANGEN. INGAREDS BADPLATS,L,12.4498,57.8492,-1
SE,SE0A21427000000039 ,North-east Atlantic Ocean,VAESTSVERIGE-VAESTRA GOETALANDS LAEN-SOTENAES,SANDOEN. SMOEGEN,C,11.2259,58.3651,-1
SE,SE0210380000001176 ,Baltic Sea,OESTRA MELLANSVERIGE-UPPSALA LAEN-UPPSALA,SIGGEFORASJOEN,L,17.1547,59.9793,-1
SE,SE0A11315000000359 ,North-east Atlantic Ocean,VAESTSVERIGE-HALLANDS LAEN-HYLTE,SKAERSHULTS CAMPING,L,13.2889,57.0368,-1
SE,SE0A11383000003765 ,North-east Atlantic Ocean,VAESTSVERIGE-HALLANDS LAEN-VARBERG,SKARPENORD,C,12.2412,57.1012,-1
SE,SE0A21463000000955 ,North-east Atlantic Ocean,VAESTSVERIGE-VAESTRA GOETALANDS LAEN-MARK,SKENE HEDGAERDESJOEN,L,12.6322,57.5089,-1
SE,SE0A11382000000537 ,North-east Atlantic Ocean,VAESTSVERIGE-HALLANDS LAEN-FALKENBERG,SKREA N. BRYGGAN,C,12.4925,56.8883,-1
SE,SE0A11382000002849 ,North-east Atlantic Ocean,VAESTSVERIGE-HALLANDS LAEN-FALKENBERG,SKREA STRAND SYD,C,12.5024,56.8846,-1
SE,SE0220482000000749 ,Baltic Sea,OESTRA MELLANSVERIGE-SOEDERMANLANDS LAEN-FLEN,SPARREHOLMSBADET,L,16.8408,59.0826,-1
SE,SE0A21489000001707 ,North-east Atlantic Ocean,VAESTSVERIGE-VAESTRA GOETALANDS LAEN-ALINGSAAS,STORA FAERGEN. LYGNAREDS CAMPING,L,12.5603,57.8669,-1
SE,SE0A21427000000029 ,North-east Atlantic Ocean,VAESTSVERIGE-VAESTRA GOETALANDS LAEN-SOTENAES,TAANGEN. KUNGSHAMN.,C,11.2739,58.3538,-1
SE,SE0110120000001663 ,Baltic Sea,STOCKHOLM-STOCKHOLMS LAEN-VAERMDOE,TORPESAND,C,18.5499,59.2215,-1
SE,SE0110117000002090 ,Baltic Sea,STOCKHOLM-STOCKHOLMS LAEN-OESTERAAKER,TRAELHAVET. BREVIKSBADET,C,18.3603,59.4541,-1
SE,SE0110117000002087 ,Baltic Sea,STOCKHOLM-STOCKHOLMS LAEN-OESTERAAKER,TRAELHAVET. OESTERSKAERS HAVSBAD,C,18.3101,59.455,-1
SE,SE0712281000003474 ,Baltic Sea,MELLERSTA NORRLAND-VAESTERNORRLANDS LAEN-SUNDSVALL,TRANVIKEN ALNOE,C,17.5087,62.3628,-1
SE,SE0A11382000003933 ,North-east Atlantic Ocean,VAESTSVERIGE-HALLANDS LAEN-FALKENBERG,UGGLARP S VASSVIK,C,12.6063,56.8128,-1
SE,SE0611763000002279 ,North-east Atlantic Ocean,NORRA MELLANSVERIGE-VAERMLANDS LAEN-FORSHAGA,ABBORRTJAERN,L,13.431,59.51,-1
SE,SE0A11381000000186 ,North-east Atlantic Ocean,VAESTSVERIGE-HALLANDS LAEN-LAHOLM,BJOERSJOEN,L,13.2402,56.6078,-1
SE,SE0930840000000006 ,Baltic Sea,SMAALAND MED OEARNA-KALMAR LAEN-MOERBYLAANGA,BLAESINGE,C,16.6979,56.6189,-1
SE,SE0940980000000235 ,Baltic Sea,SMAALAND MED OEARNA-GOTLANDS LAEN-GOTLAND,BUNGE. SANDVIKEN,C,19.0681,57.8342,-1
SE,SE0611730000003520 ,North-east Atlantic Ocean,NORRA MELLANSVERIGE-VAERMLANDS LAEN-EDA,BYSJOEN. HAGANAESET,L,12.3321,59.8192,-1
SE,SE0230563000001315 ,Baltic Sea,OESTRA MELLANSVERIGE-OESTERGOETLANDS LAEN-VALDEMARSVIK,EKOEN. GRYT,C,16.8503,58.173,-1
SE,SE0940980000000266 ,Baltic Sea,SMAALAND MED OEARNA-GOTLANDS LAEN-GOTLAND,ETELHEM. SIGVALDE TRAESK,L,18.527,57.342,-1
SE,SE0940980000000231 ,Baltic Sea,SMAALAND MED OEARNA-GOTLANDS LAEN-GOTLAND,FAAROE. EKEVIKEN,C,19.248,57.972,-1
SE,SE0940980000003924 ,Baltic Sea,SMAALAND MED OEARNA-GOTLANDS LAEN-GOTLAND,FAAROE. NORSTA AURAR,C,19.319,57.984,-1
SE,SE0210380000001175 ,Baltic Sea,OESTRA MELLANSVERIGE-UPPSALA LAEN-UPPSALA,FJAELLNORA NATURISTBAD,L,17.9137,59.8297,-1
SE,SE0930885000004051 ,Baltic Sea,SMAALAND MED OEARNA-KALMAR LAEN-BORGHOLM,FROENAES-WIKEGRD,C,16.9753,57.0831,-1
SE,SE0A11381000000188 ,North-east Atlantic Ocean,VAESTSVERIGE-HALLANDS LAEN-LAHOLM,GATESSJOEN,L,13.194,56.5282,-1
SE,SE0A11381000000189 ,North-east Atlantic Ocean,VAESTSVERIGE-HALLANDS LAEN-LAHOLM,GLAENNINGE SJOE,L,13.0525,56.5,-1
SE,SE0230563000001314 ,Baltic Sea,OESTRA MELLANSVERIGE-OESTERGOETLANDS LAEN-VALDEMARSVIK,GRAENNAES. VALDEMARSVIK,C,16.6196,58.1936,-1
SE,SE0822580000003236 ,Baltic Sea,OEVRE NORRLAND-NORRBOTTENS LAEN-LULEAA,GYLTZAUDDEN,R,22.124,65.587,-1
SE,SE0441282000004370 ,North-east Atlantic Ocean,SYDSVERIGE-SKAANE LAEN-LANDSKRONA,HALVM?NEN,C,12.8181,55.8686,-1
SE,SE0940980000000237 ,Baltic Sea,SMAALAND MED OEARNA-GOTLANDS LAEN-GOTLAND,HELLVI. HIDEVIKEN,C,18.881,57.733,-1
SE,SE0712282000003439 ,Baltic Sea,MELLERSTA NORRLAND-VAESTERNORRLANDS LAEN-KRAMFORS,HOERSNGS HAVSBAD,C,18.179,62.827,-1
SE,SE0A21402000000093 ,North-east Atlantic Ocean,VAESTSVERIGE-VAESTRA GOETALANDS LAEN-PARTILLE,HUMLEBADET. BRYGGAN,L,12.193,57.7541,-1
SE,SE0A21402000000094 ,North-east Atlantic Ocean,VAESTSVERIGE-VAESTRA GOETALANDS LAEN-PARTILLE,HUMLEBADET. HOPPTORN,L,12.193,57.7541,-1
SE,SE0930884000001430 ,Baltic Sea,SMAALAND MED OEARNA-KALMAR LAEN-VIMMERBY,JUTTERN. STJAERNEVIKSBADET,L,15.8414,57.7944,-1
SE,SE0A21402000000096 ,North-east Atlantic Ocean,VAESTSVERIGE-VAESTRA GOETALANDS LAEN-PARTILLE,KAASJOEN. HOPPTORN,L,12.141,57.7123,-1
SE,SE0822580000003231 ,Baltic Sea,OEVRE NORRLAND-NORRBOTTENS LAEN-LULEAA,KAENGSOEN. RAANEAA,C,22.372,65.842,-1
SE,SE0822580000003233 ,Baltic Sea,OEVRE NORRLAND-NORRBOTTENS LAEN-LULEAA,KLUBBVIKEN,C,22.229,65.537,-1
SE,SE0822580000003242 ,Baltic Sea,OEVRE NORRLAND-NORRBOTTENS LAEN-LULEAA,LULSUNDET,R,22.174,65.598,-1
SE,SE0632184000003026 ,Baltic Sea,NORRA MELLANSVERIGE-GAEVLEBORGS LAEN-HUDIKSVALL,MALNBADEN,C,17.1704,61.7177,-1
SE,SE0241883000002573 ,North-east Atlantic Ocean,OESTRA MELLANSVERIGE-OEREBRO LAEN-KARLSKOGA,MOECKELN. OESTERVIKSBADET,L,14.5486,59.2961,-1
SE,SE0940980000000255 ,Baltic Sea,SMAALAND MED OEARNA-GOTLANDS LAEN-GOTLAND,NAES. NISSEVIKEN,C,18.216,57.132,-1
SE,SE0930884000001433 ,Baltic Sea,SMAALAND MED OEARNA-KALMAR LAEN-VIMMERBY,NOSSENBADET,L,15.8999,57.661,-1
SE,SE0A11382000000542 ,North-east Atlantic Ocean,VAESTSVERIGE-HALLANDS LAEN-FALKENBERG,OLOFSBO N,C,12.3802,56.9186,-1
SE,SE0822580000003232 ,Baltic Sea,OEVRE NORRLAND-NORRBOTTENS LAEN-LULEAA,ROERBAECKEN,C,22.603,65.797,-1
SE,SE0940980000003923 ,Baltic Sea,SMAALAND MED OEARNA-GOTLANDS LAEN-GOTLAND,SANDHAMN,C,18.169,57.324,-1
SE,SE0930840000000010 ,Baltic Sea,SMAALAND MED OEARNA-KALMAR LAEN-MOERBYLAANGA,SANDVIK,C,16.3976,56.3782,-1
SE,SE0611763000002282 ,North-east Atlantic Ocean,NORRA MELLANSVERIGE-VAERMLANDS LAEN-FORSHAGA,SKIVTJAERN,L,13.439,59.626,-1
SE,SE0940980000000256 ,Baltic Sea,SMAALAND MED OEARNA-GOTLANDS LAEN-GOTLAND,SPROGE. KVARNAAKERSHAMN,C,18.15,57.221,-1
SE,SE0A11382000000535 ,North-east Atlantic Ocean,VAESTSVERIGE-HALLANDS LAEN-FALKENBERG,STENSJOEBADPLATS,C,12.614,56.78,-1
SE,SE0822580000003238 ,Baltic Sea,OEVRE NORRLAND-NORRBOTTENS LAEN-LULEAA,STORSAND,R,22.016,65.632,-1
SE,SE0940980000000230 ,Baltic Sea,SMAALAND MED OEARNA-GOTLANDS LAEN-GOTLAND,TINGSTAEDE TRAESK,L,18.616,57.732,-1
SE,SE0822580000003234 ,Baltic Sea,OEVRE NORRLAND-NORRBOTTENS LAEN-LULEAA,TROLLTJAERN,L,22.122,65.566,-1
SE,SE0940980000000251 ,Baltic Sea,SMAALAND MED OEARNA-GOTLANDS LAEN-GOTLAND,VAMLINGBO. HOLMHAELLAR,C,18.272,56.928,-1
SE,SE0230583000001853 ,Baltic Sea,OESTRA MELLANSVERIGE-OESTERGOETLANDS LAEN-MOTALA,VARAMOBADEN. MAANVAEGEN,L,15.0048,58.5492,-1
SE,SE0230583000001854 ,Baltic Sea,OESTRA MELLANSVERIGE-OESTERGOETLANDS LAEN-MOTALA,VARAMOBADEN. SKOGSBORG,L,15.0048,58.5492,-1
SE,SE0940980000000227 ,Baltic Sea,SMAALAND MED OEARNA-GOTLANDS LAEN-GOTLAND,VISBY. NORDERSTRAND,C,18.304,57.656,-1
SE,SE0611763000002284 ,North-east Atlantic Ocean,NORRA MELLANSVERIGE-VAERMLANDS LAEN-FORSHAGA,VISTEN,L,13.422,59.627,-1
SE,SE0230563000001300 ,Baltic Sea,OESTRA MELLANSVERIGE-OESTERGOETLANDS LAEN-VALDEMARSVIK,YXNINGEN. GUSUM,L,16.4601,58.2816,-1
